source_file,sequence,book,unit,word,pronunciation,part_of_speech,chinese_definition,page_number
7a-word-list_01-07.png,,7A,Starter Unit 1,unit,/ˈjuːnɪt/,n.,单元,p.1
7a-word-list_01-07.png,,7A,Starter Unit 1,starter unit,/ˈstɑːtə(r)/,,过渡单元,p.1
7a-word-list_01-07.png,,7A,Starter Unit 1,section,/ˈsekʃn/,n.,部分；地区,p.1
7a-word-list_01-07.png,,7A,Starter Unit 1,greet,/ɡriːt/,v.,招呼；问候,p.1
7a-word-list_01-07.png,,7A,Starter Unit 1,each,/iːtʃ/,adj. & pron.,每个；各自,p.2
7a-word-list_01-07.png,,7A,Starter Unit 1,other,/ˈʌðə(r)/,pron. adj.,pron. 另外的人（或物）adj. 另外的；其他的,p.2
7a-word-list_01-07.png,,7A,Starter Unit 1,each other,,,互相；彼此,p.2
7a-word-list_01-07.png,,7A,Starter Unit 1,oh,/əʊ/,interj.,哦；啊,p.2
7a-word-list_01-07.png,,7A,Starter Unit 1,everyone,/ˈevriwʌn/,pron.,每人；所有人,p.2
7a-word-list_01-07.png,,7A,Starter Unit 1,start,/stɑːt/,v.,开始；着手,p.4
7a-word-list_01-07.png,,7A,Starter Unit 1,conversation,/ˌkɒnvəˈseɪʃn/,n.,谈话；交谈,p.4
7a-word-list_01-07.png,,7A,Starter Unit 1,spell,/spel/,v.,用字母拼；拼写,p.4
7a-word-list_01-07.png,,7A,Starter Unit 1,bell,/bel/,n.,铃（声）；钟（声）,p.4
7a-word-list_01-07.png,,7A,Starter Unit 1,Helen,/ˈhelən/,,海伦,p.1
7a-word-list_01-07.png,,7A,Starter Unit 1,Ella,/ˈelə/,,埃拉,p.1
7a-word-list_01-07.png,,7A,Starter Unit 1,Emma,/ˈemə/,,埃玛,p.1
7a-word-list_01-07.png,,7A,Starter Unit 1,Peter,/ˈpiːtə(r)/,,彼得,p.1
7a-word-list_01-07.png,,7A,Starter Unit 1,Brown,/braʊn/,,布朗,p.2
7a-word-list_01-07.png,,7A,Starter Unit 1,PRC,/ˌpiː ɑː(r) ˈsiː/,,中华人民共和国,p.3
7a-word-list_01-07.png,,7A,Starter Unit 1,PLA,/ˌpiː el ˈeɪ/,,中国人民解放军,p.3
7a-word-list_01-07.png,,7A,Starter Unit 1,VR,/ˌviː ˈɑː(r)/,,虚拟现实,p.3
7a-word-list_01-07.png,,7A,Starter Unit 1,WHO,/ˌdʌblju ˈeɪtʃ ˈəʊ/,,世界卫生组织,p.3
7a-word-list_01-07.png,,7A,Starter Unit 1,UN,/ˌjuː ˈen/,,联合国,p.3
7a-word-list_01-07.png,,7A,Starter Unit 1,Miller,/ˈmɪlə(r)/,,米勒,p.4
7a-word-list_01-07.png,,7A,Starter Unit 2,bottle,/ˈbɒtl/,n.,瓶子,p.7
7a-word-list_01-07.png,,7A,Starter Unit 2,eraser,/ɪˈreɪzə(r)/,n.,橡皮,p.7
7a-word-list_01-07.png,,7A,Starter Unit 2,key,/kiː/,n.,钥匙；关键,p.7
7a-word-list_01-07.png,,7A,Starter Unit 2,thing,/θɪŋ/,n.,东西；事情,p.10
7a-word-list_01-07.png,,7A,Starter Unit 2,need,/niːd/,v. & n.,需要,p.10
7a-word-list_01-07.png,,7A,Starter Unit 2,You're welcome.,,,别客气；不用谢。,p.11
7a-word-list_01-07.png,,7A,Starter Unit 3,fun,/fʌn/,n. adj.,n. 乐趣；快乐 adj. 有趣的；使人快乐的,p.13
7a-word-list_01-07.png,,7A,Starter Unit 3,yard,/jɑːd/,n.,院子；园圃,p.13
7a-word-list_01-07.png,,7A,Starter Unit 3,carrot,/ˈkærət/,n.,胡萝卜,p.13
7a-word-list_01-07.png,,7A,Starter Unit 3,goose,/ɡuːs/,n.,(pl. geese /ɡiːs/) 鹅,p.14
7a-word-list_01-07.png,,7A,Starter Unit 3,count,/kaʊnt/,v.,数数,p.16
7a-word-list_01-07.png,,7A,Starter Unit 3,another,/əˈnʌðə(r)/,adj. & pron.,另一；又一（人或事物）,p.16
7a-word-list_01-07.png,,7A,Starter Unit 3,else,/els/,adv.,其他的；别的,p.17
7a-word-list_01-07.png,,7A,Starter Unit 3,circle,/ˈsɜːkl/,v. n.,v. 圈出 n. 圆形；圆圈,p.17
7a-word-list_01-07.png,,7A,Starter Unit 3,look at,,,看；瞧,p.17
7a-word-list_01-07.png,,7A,Unit 1,make friends,,,交朋友,p.19
7a-word-list_01-07.png,,7A,Unit 1,get to know,,,认识；了解,p.20
7a-word-list_01-07.png,,7A,Unit 1,full,/fʊl/,adj.,完整的；满的,p.20
7a-word-list_01-07.png,,7A,Unit 1,full name,,,全名,p.20
7a-word-list_01-07.png,,7A,Unit 1,grade,/ɡreɪd/,n.,年级；等级,p.20
7a-word-list_01-07.png,,7A,Unit 1,last name,,,姓氏,p.20
7a-word-list_01-07.png,,7A,Unit 1,classmate,/ˈklɑːsmeɪt/,n.,同班同学,p.21
7a-word-list_01-07.png,,7A,Unit 1,class teacher,,,班主任,p.21
7a-word-list_01-07.png,,7A,Unit 1,first name,,,名字,p.21
7a-word-list_01-07.png,,7A,Unit 1,mistake,/mɪˈsteɪk/,n.,错误；失误,p.21
7a-word-list_01-07.png,,7A,Unit 1,country,/ˈkʌntri/,n.,国家,p.22
7a-word-list_01-07.png,,7A,Unit 1,same,/seɪm/,adj.,相同的,p.23
7a-word-list_01-07.png,,7A,Unit 1,twin,/twɪn/,n. adj.,n. 双胞胎之一 adj. 双胞胎之一的,p.23
7a-word-list_01-07.png,,7A,Unit 1,both,/bəʊθ/,adj. & pron.,两个；两个都,p.23
7a-word-list_01-07.png,,7A,Unit 1,band,/bænd/,n.,乐队,p.23
7a-word-list_01-07.png,,7A,Unit 1,pot,/pɒt/,n.,锅,p.23
7a-word-list_01-07.png,,7A,Unit 1,a lot,,,很；非常,p.23
7a-word-list_01-07.png,,7A,Unit 1,tofu,/ˈtəʊfuː/,n.,豆腐,p.23
7a-word-list_01-07.png,,7A,Unit 1,parrot,/ˈpærət/,n.,鹦鹉,p.24
7a-word-list_01-07.png,,7A,Unit 1,guitar,/ɡɪˈtɑː(r)/,n.,吉他,p.24
7a-word-list_01-07.png,,7A,Unit 1,tennis,/ˈtenɪs/,n.,网球运动,p.24
7a-word-list_01-07.png,,7A,Unit 1,page,/peɪdʒ/,n.,页面；（书刊或纸张）页,p.24
7a-word-list_01-07.png,,7A,Unit 1,even,/ˈiːvn/,adv.,甚至；连；愈加,p.24
7a-word-list_01-07.png,,7A,Unit 1,hey,/heɪ/,interj.,嘿；喂,p.24
7a-word-list_01-07.png,,7A,Unit 1,play the guitar,,,弹吉他,p.24
7a-word-list_01-07.png,,7A,Unit 1,would,/wʊd; wəd/,modal v.,想（用于礼貌地邀请或向某人提供某物）；将会,p.24
7a-word-list_01-07.png,,7A,Unit 1,would ('d) like to,,,表示愿意、喜欢,p.24
7a-word-list_01-07.png,,7A,Unit 1,information,/ˌɪnfəˈmeɪʃn/,n.,信息；消息,p.25
7a-word-list_01-07.png,,7A,Unit 1,hobby,/ˈhɒbi/,n.,业余爱好,p.25
7a-word-list_01-07.png,,7A,Unit 1,re,/riː/,prep.,（用于回复电子邮件）关于；事由,p.25
7a-word-list_01-07.png,,7A,Unit 1,Green,/ɡriːn/,,格林,p.20
7a-word-list_01-07.png,,7A,Unit 1,UK,/ˌjuː ˈkeɪ/,,英国,p.20
7a-word-list_01-07.png,,7A,Unit 1,US,/ˌjuː ˈes/,,美国,p.20
7a-word-list_01-07.png,,7A,Unit 1,Smith,/smɪθ/,,史密斯,p.20
7a-word-list_01-07.png,,7A,Unit 1,Lisa,/ˈliːsə/,,莉萨,p.23
7a-word-list_01-07.png,,7A,Unit 1,Tom,/tɒm/,,汤姆,p.23
7a-word-list_01-07.png,,7A,Unit 1,hot pot,,,火锅,p.23
7a-word-list_01-07.png,,7A,Unit 1,Sally,/ˈsæli/,,萨莉,p.23
7a-word-list_01-07.png,,7A,Unit 1,Wood,/wʊd/,,伍德,p.23
7a-word-list_01-07.png,,7A,Unit 1,Sydney,/ˈsɪdni/,,悉尼（澳大利亚城市）,p.23
7a-word-list_01-07.png,,7A,Unit 1,Australia,/ɒˈstreɪliə/,,澳大利亚,p.23
7a-word-list_01-07.png,,7A,Unit 1,Mapo tofu,,,麻婆豆腐,p.23
7a-word-list_01-07.png,,7A,Unit 1,Beijing roast duck,/rəʊst/,,北京烤鸭,p.24
7a-word-list_01-07.png,,7A,Unit 1,Singapore,/ˌsɪŋəˈpɔː(r)/,,新加坡,p.24
7a-word-list_01-07.png,,7A,Unit 1,the Great Wall,,,长城,p.24
7a-word-list_01-07.png,,7A,Unit 1,Pauline,/pɔːˈliːn/,,保利娜,p.24
7a-word-list_01-07.png,,7A,Unit 1,Lee,/liː/,,李,p.24
7a-word-list_01-07.png,,7A,Unit 1,Coco,/ˈkəʊkəʊ/,,科科,p.24
7a-word-list_01-07.png,,7A,Unit 1,London,/ˈlʌndən/,,伦敦（英国首都）,p.24
7a-word-list_01-07.png,,7A,Unit 2,mean,/miːn/,v.,意思是；打算,p.27
7a-word-list_01-07.png,,7A,Unit 2,husband,/ˈhʌzbənd/,n.,丈夫,p.28
7a-word-list_01-07.png,,7A,Unit 2,bat,/bæt/,n.,球棒；球拍,p.29
7a-word-list_01-07.png,,7A,Unit 2,ping-pong bat,,,乒乓球拍,p.29
7a-word-list_01-07.png,,7A,Unit 2,play ping-pong,,,打乒乓球,p.29
7a-word-list_01-07.png,,7A,Unit 2,together,/təˈɡeðə(r)/,adv.,在一起；共同,p.29
7a-word-list_01-07.png,,7A,Unit 2,every day,,,每天,p.29
7a-word-list_01-07.png,,7A,Unit 2,fishing rod,/rɒd/,,钓竿,p.29
7a-word-list_01-07.png,,7A,Unit 2,spend,/spend/,v.,花（时间、钱等）,p.29
7a-word-list_01-07.png,,7A,Unit 2,a lot of / lots of,,,大量；许多,p.29
7a-word-list_01-07.png,,7A,Unit 2,really,/ˈriːəli/,adv.,非常；确实；真正地,p.29
7a-word-list_01-07.png,,7A,Unit 2,member,/ˈmembə(r)/,n.,成员；会员,p.30
7a-word-list_01-07.png,,7A,Unit 2,activity,/ækˈtɪvəti/,n.,活动,p.30
7a-word-list_01-07.png,,7A,Unit 2,chess,/tʃes/,n.,国际象棋,p.30
7a-word-list_01-07.png,,7A,Unit 2,Chinese chess,,,中国象棋,p.30
7a-word-list_01-07.png,,7A,Unit 2,grandparent,/ˈɡrænpeərənt/,n.,祖父（母）；外祖父（母）,p.31
7a-word-list_01-07.png,,7A,Unit 2,funny,/ˈfʌni/,adj.,好笑的；奇怪的,p.31
7a-word-list_01-07.png,,7A,Unit 2,laugh,/lɑːf/,v. n.,v. 笑；发笑 n. 笑声,p.31
7a-word-list_01-07.png,,7A,Unit 2,different,/ˈdɪfrənt/,adj.,不同的,p.31
7a-word-list_01-07.png,,7A,Unit 2,violin,/ˌvaɪəˈlɪn/,n.,小提琴,p.31
7a-word-list_01-07.png,,7A,Unit 2,have fun,,,玩得高兴,p.31
7a-word-list_01-07.png,,7A,Unit 2,hat,/hæt/,n.,帽子,p.32
7a-word-list_01-07.png,,7A,Unit 2,handsome,/ˈhænsəm/,adj.,英俊的,p.32
7a-word-list_01-07.png,,7A,Unit 2,knee,/niː/,n.,膝；膝盖,p.32
7a-word-list_01-07.png,,7A,Unit 2,at night,,,在夜晚,p.32
7a-word-list_01-07.png,,7A,Unit 2,in the middle,,,在中间,p.32
7a-word-list_01-07.png,,7A,Unit 2,grandchild,/ˈɡræntʃaɪld/,n.,(pl. grandchildren /ˈɡrænˌtʃɪldrən/)（外）孙子；（外）孙女,p.32
7a-word-list_01-07.png,,7A,Unit 2,son,/sʌn/,n.,儿子,p.33
7a-word-list_01-07.png,,7A,Unit 2,hike,/haɪk/,v. & n.,远足；徒步旅行,p.33
7a-word-list_01-07.png,,7A,Unit 2,go hiking,,,远足；徒步旅行,p.33
7a-word-list_01-07.png,,7A,Unit 2,next to,,,紧邻；在……近旁,p.33
7a-word-list_01-07.png,,7A,Unit 2,David,/ˈdeɪvɪd/,,戴维,p.28
7a-word-list_01-07.png,,7A,Unit 2,Jim,/dʒɪm/,,吉姆,p.28
7a-word-list_01-07.png,,7A,Unit 2,Kate,/keɪt/,,凯特,p.31
7a-word-list_01-07.png,,7A,Unit 2,Lily,/ˈlɪli/,,莉莉,p.32
7a-word-list_01-07.png,,7A,Unit 2,Ireland,/ˈaɪələnd/,,爱尔兰,p.32
7a-word-list_01-07.png,,7A,Unit 2,Fred,/fred/,,弗雷德,p.32
7a-word-list_01-07.png,,7A,Unit 2,Sam,/sæm/,,萨姆,p.32
7a-word-list_01-07.png,,7A,Unit 2,Jane,/dʒeɪn/,,简,p.32
7a-word-list_01-07.png,,7A,Unit 2,Jack,/dʒæk/,,杰克,p.32
7a-word-list_01-07.png,,7A,Unit 2,Sarah,/ˈseərə/,,萨拉,p.32
7a-word-list_01-07.png,,7A,Unit 2,Oscar,/ˈɒskə(r)/,,奥斯卡,p.32
7a-word-list_01-07.png,,7A,Unit 2,Lucy,/ˈluːsi/,,露西,p.32
7a-word-list_01-07.png,,7A,Unit 3,hall,/hɔːl/,n.,礼堂；大厅,p.36
7a-word-list_01-07.png,,7A,Unit 3,dining hall,/ˈdaɪnɪŋ/,,餐厅,p.36
7a-word-list_01-07.png,,7A,Unit 3,in front of,,,在……前面,p.36
7a-word-list_01-07.png,,7A,Unit 3,building,/ˈbɪldɪŋ/,n.,建筑物；房子,p.36
7a-word-list_01-07.png,,7A,Unit 3,across,/əˈkrɒs/,adv. & prep.,在（……）对面；横过,p.36
7a-word-list_01-07.png,,7A,Unit 3,across from,,,在对面,p.36
7a-word-list_01-07.png,,7A,Unit 3,centre,/ˈsentə(r)/,n.,(= center) n. 中心；中央,p.36
7a-word-list_01-07.png,,7A,Unit 3,gym,/dʒɪm/,n.,(= gymnasium /dʒɪmˈneɪziəm/) 体育馆，健身房；（尤指学校的）体育活动,p.36
7a-word-list_01-07.png,,7A,Unit 3,field,/fiːld/,n.,场地；田地,p.36
7a-word-list_01-07.png,,7A,Unit 3,sports field,,,运动场,p.36
7a-word-list_01-07.png,,7A,Unit 3,office,/ˈɒfɪs/,n.,办公室,p.36
7a-word-list_01-07.png,,7A,Unit 3,large,/lɑːdʒ/,adj.,大的；大号的,p.37
7a-word-list_01-07.png,,7A,Unit 3,special,/ˈspeʃl/,adj.,特别的；特殊的,p.37
7a-word-list_01-07.png,,7A,Unit 3,smart,/smɑːt/,adj.,智能的；聪明的,p.37
7a-word-list_01-07.png,,7A,Unit 3,whiteboard,/ˈwaɪtbɔːd/,n.,白板；白色书写板,p.37
7a-word-list_01-07.png,,7A,Unit 3,put up,,,张贴；搭建,p.37
7a-word-list_01-07.png,,7A,Unit 3,important,/ɪmˈpɔːtnt/,adj.,重要的,p.37
7a-word-list_01-07.png,,7A,Unit 3,notice,/ˈnəʊtɪs/,n. v.,n. 通知；注意 v. 注意到；意识到,p.37
7a-word-list_01-07.png,,7A,Unit 3,locker,/ˈlɒkə(r)/,n.,有锁存物柜；寄物柜,p.37
7a-word-list_01-07.png,,7A,Unit 3,drawer,/drɔː(r)/,n.,抽屉,p.37
7a-word-list_01-07.png,,7A,Unit 3,at the back (of),,,在（……）后面,p.38
7a-word-list_01-07.png,,7A,Unit 3,corner,/ˈkɔːnə(r)/,n.,角；墙角；街角,p.38
7a-word-list_01-07.png,,7A,Unit 3,bookcase,/ˈbʊkkeɪs/,n.,书架；书柜,p.39
7a-word-list_01-07.png,,7A,Unit 3,screen,/skriːn/,n.,屏幕；银幕,p.39
7a-word-list_01-07.png,,7A,Unit 3,at school,,,在学校,p.40
7a-word-list_01-07.png,,7A,Unit 3,different from,,,与……不一样,p.40
7a-word-list_01-07.png,,7A,Unit 3,modern,/ˈmɒdn/,adj.,现代的；当代的,p.40
7a-word-list_01-07.png,,7A,Unit 3,do exercises,,,做体操,p.40
7a-word-list_01-07.png,,7A,Unit 3,amazing,/əˈmeɪzɪŋ/,adj.,令人惊奇（惊喜或惊叹）的,p.40
7a-word-list_01-07.png,,7A,Unit 3,raise,/reɪz/,v.,使升高；提高,p.40
7a-word-list_01-07.png,,7A,Unit 3,flag,/flæɡ/,n.,旗；旗帜,p.40
7a-word-list_01-07.png,,7A,Unit 3,most,/məʊst/,adj. pron. adv.,adj. & pron. 大多数；最多；最大 adv. 最,p.40
7a-word-list_01-07.png,,7A,Unit 3,change,/tʃeɪndʒ/,v. & n.,改变；变化,p.40
7a-word-list_01-07.png,,7A,Unit 3,seat,/siːt/,n.,座位,p.40
7a-word-list_01-07.png,,7A,Unit 3,delicious,/dɪˈlɪʃəs/,adj.,美味的；可口的,p.40
7a-word-list_01-07.png,,7A,Unit 3,How about ...?,,,……怎么样？,p.40
7a-word-list_01-07.png,,7A,Unit 3,yours,/jɔːz/,pron.,"（通常写作 Yours, 用于书信结尾的签名前）你的；您的",p.40
7a-word-list_01-07.png,,7A,Unit 3,send,/send/,v.,发送；邮寄,p.40
7a-word-list_01-07.png,,7A,Unit 3,similar,/ˈsɪmələ(r)/,adj.,类似的；相像的,p.41
7a-word-list_01-07.png,,7A,Unit 3,similar to,,,类似的；相像的,p.41
7a-word-list_01-07.png,,7A,Unit 3,sound,/saʊnd/,v. n.,v. 听起来；好像 n. 声音；响声,p.41
7a-word-list_01-07.png,,7A,Unit 3,bye for now,,,再见,p.41
7a-word-list_01-07.png,,7A,Unit 3,Flora,/ˈflɔːrə/,,弗洛拉,p.40
7a-word-list_01-07.png,,7A,Unit 4,biology,/baɪˈɒlədʒi/,n.,生物学,p.44
7a-word-list_01-07.png,,7A,Unit 4,IT,/ˌaɪ ˈtiː/,,(= information technology /tekˈnɒlədʒi/) 信息技术,p.44
7a-word-list_01-07.png,,7A,Unit 4,geography,/dʒiˈɒɡrəfi/,n.,地理（学）,p.44
7a-word-list_01-07.png,,7A,Unit 4,history,/ˈhɪstri/,n.,历史；历史课,p.44
7a-word-list_01-07.png,,7A,Unit 4,boring,/ˈbɔːrɪŋ/,adj.,乏味的；令人生厌的,p.44
7a-word-list_01-07.png,,7A,Unit 4,useful,/ˈjuːsfl/,adj.,有用的；有益的,p.44
7a-word-list_01-07.png,,7A,Unit 4,exciting,/ɪkˈsaɪtɪŋ/,adj.,令人激动的；使人兴奋的,p.44
7a-word-list_01-07.png,,7A,Unit 4,past,/pɑːst/,n. adj. prep.,n. 过去；过去的事情 adj. 过去的 prep. 在……之后,p.45
7a-word-list_01-07.png,,7A,Unit 4,good with,,,灵巧的；善于应付……的,p.45
7a-word-list_01-07.png,,7A,Unit 4,number,/ˈnʌmbə(r)/,n.,数字；号码,p.45
7a-word-list_01-07.png,,7A,Unit 4,help sb with,,,帮助某人做（某事）,p.45
7a-word-list_01-07.png,,7A,Unit 4,reason,/ˈriːzn/,n.,原因；理由,p.46
7a-word-list_01-07.png,,7A,Unit 4,listen to,,,听；倾听,p.47
7a-word-list_01-07.png,,7A,Unit 4,good at,,,擅长,p.47
7a-word-list_01-07.png,,7A,Unit 4,remember,/rɪˈmembə(r)/,v.,记住；记起,p.47
7a-word-list_01-07.png,,7A,Unit 4,as,/æz; əz/,prep. conj.,prep. 如同；作为 conj. 当……时；由于,p.47
7a-word-list_01-07.png,,7A,Unit 4,AM,/ˌeɪ ˈem/,,(= a.m.) 上午,p.48
7a-word-list_01-07.png,,7A,Unit 4,PM,/ˌpiː ˈem/,,(= p.m.) 下午；午后,p.48
7a-word-list_01-07.png,,7A,Unit 4,French,/frentʃ/,n. adj.,n. 法语 adj. 法国的；法国人的；法语的,p.48
7a-word-list_01-07.png,,7A,Unit 4,excellent,/ˈeksələnt/,adj.,优秀的；极好的,p.48
7a-word-list_01-07.png,,7A,Unit 4,instrument,/ˈɪnstrəmənt/,n.,乐器；器械；工具,p.48
7a-word-list_01-07.png,,7A,Unit 4,singer,/ˈsɪŋə(r)/,n.,歌手,p.48
7a-word-list_01-07.png,,7A,Unit 4,future,/ˈfjuːtʃə(r)/,n.,将来；未来,p.48
7a-word-list_01-07.png,,7A,Unit 4,in the future,,,将来；未来,p.48
7a-word-list_01-07.png,,7A,Unit 4,term,/tɜːm/,n.,学期,p.48
7a-word-list_01-07.png,,7A,Unit 4,work out,,,计算出；解决,p.48
7a-word-list_01-07.png,,7A,Unit 4,problem,/ˈprɒbləm/,n.,难题；困难,p.48
7a-word-list_01-07.png,,7A,Unit 4,in class,,,课堂上,p.48
7a-word-list_01-07.png,,7A,Unit 4,magic,/ˈmædʒɪk/,n. adj.,n. 魔法；魔力；魔术 adj. 有魔力的；有神奇力量的,p.48
7a-word-list_01-07.png,,7A,Unit 4,life,/laɪf/,n.,生活；生命,p.48
7a-word-list_01-07.png,,7A,Unit 4,scientist,/ˈsaɪəntɪst/,n.,科学家,p.48
7a-word-list_01-07.png,,7A,Unit 4,Baker,/ˈbeɪkə(r)/,,贝克,p.47
7a-word-list_01-07.png,,7A,Unit 4,Mike,/maɪk/,,迈克,p.48
7a-word-list_01-07.png,,7A,Unit 4,Davis,/ˈdeɪvɪs/,,戴维斯,p.48
7a-word-list_01-07.png,,7A,Unit 4,Canada,/ˈkænədə/,,加拿大,p.48
7a-word-list_01-07.png,,7A,Unit 5,club,/klʌb/,n.,俱乐部；社团,p.51
7a-word-list_01-07.png,,7A,Unit 5,join,/dʒɔɪn/,v.,参加；加入,p.51
7a-word-list_01-07.png,,7A,Unit 5,choose,/tʃuːz/,v.,选择；挑选,p.52
7a-word-list_01-07.png,,7A,Unit 5,drama,/ˈdrɑːmə/,n.,戏剧；戏剧表演,p.52
7a-word-list_01-07.png,,7A,Unit 5,play Chinese chess,,,下中国象棋,p.52
7a-word-list_01-07.png,,7A,Unit 5,feeling,/ˈfiːlɪŋ/,n.,感觉；情感,p.52
7a-word-list_01-07.png,,7A,Unit 5,news,/njuːz/,n.,消息；新闻,p.53
7a-word-list_01-07.png,,7A,Unit 5,musical,/ˈmjuːzɪkl/,adj.,音乐的；有音乐天赋的,p.53
7a-word-list_01-07.png,,7A,Unit 5,musical instrument,,,乐器,p.53
7a-word-list_01-07.png,,7A,Unit 5,exactly,/ɪɡˈzæktli/,adv.,正是如此；准确地,p.53
7a-word-list_01-07.png,,7A,Unit 5,drum,/drʌm/,n.,鼓,p.53
7a-word-list_01-07.png,,7A,Unit 5,ability,/əˈbɪləti/,n.,能力；才能,p.54
7a-word-list_01-07.png,,7A,Unit 5,paint,/peɪnt/,v. n.,v. 用颜料画；在……上刷油漆 n. 油漆；涂料,p.54
7a-word-list_01-07.png,,7A,Unit 5,climb,/klaɪm/,v.,攀登；爬,p.55
7a-word-list_01-07.png,,7A,Unit 5,more,/mɔː(r)/,adj. & pron.,更多（的）,p.55
7a-word-list_01-07.png,,7A,Unit 5,act,/ækt/,v. n.,v. 扮演；行动 n.（戏剧等）一幕；行动,p.56
7a-word-list_01-07.png,,7A,Unit 5,act out,,,表演,p.56
7a-word-list_01-07.png,,7A,Unit 5,at home,,,在家里,p.56
7a-word-list_01-07.png,,7A,Unit 5,interested,/ˈɪntrəstɪd/,adj.,感兴趣的,p.56
7a-word-list_01-07.png,,7A,Unit 5,interested in,,,对……感兴趣,p.56
7a-word-list_01-07.png,,7A,Unit 5,nature,/ˈneɪtʃə(r)/,n.,自然界；大自然,p.56
7a-word-list_01-07.png,,7A,Unit 5,beef,/biːf/,n.,牛肉,p.56
7a-word-list_01-07.png,,7A,Unit 5,soon,/suːn/,adv.,不久；很快,p.56
7a-word-list_01-07.png,,7A,Unit 5,than,/ðæn; ðən/,prep. & conj.,（用以引出比较的第二部分）比,p.56
7a-word-list_01-07.png,,7A,Unit 5,more than,,,多于,p.56
7a-word-list_01-07.png,,7A,Unit 5,mind,/maɪnd/,n.,头脑；心思,p.56
7a-word-list_01-07.png,,7A,Unit 5,fall,/fɔːl/,v. n. n.,v. & n. 进入；掉落；跌倒 n.（美式）秋天,p.56
7a-word-list_01-07.png,,7A,Unit 5,fall in love with,,,爱上……,p.56
7a-word-list_01-07.png,,7A,Unit 5,take photos,,,拍照,p.56
7a-word-list_01-07.png,,7A,Unit 5,collect,/kəˈlekt/,v.,收集；采集,p.56
7a-word-list_01-07.png,,7A,Unit 5,insect,/ˈɪnsekt/,n.,昆虫,p.56
7a-word-list_01-07.png,,7A,Unit 5,discover,/dɪˈskʌvə(r)/,v.,发现；发觉,p.56
7a-word-list_01-07.png,,7A,Unit 5,wildlife,/ˈwaɪldlaɪf/,n.,野生动物；野生生物,p.56
7a-word-list_01-07.png,,7A,Unit 5,Linda,/ˈlɪndə/,,琳达,p.55
7a-word-list_01-07.png,,7A,Unit 5,Alice,/ˈælɪs/,,爱丽丝,p.56
7a-word-list_01-07.png,,7A,Unit 5,Bill,/bɪl/,,比尔,p.56
7a-word-list_01-07.png,,7A,Unit 5,Jenny,/ˈdʒeni/,,珍妮,p.56
7a-word-list_01-07.png,,7A,Unit 6,make use of,,,使用……；利用……,p.59
7a-word-list_01-07.png,,7A,Unit 6,quarter,/ˈkwɔːtə(r)/,n.,一刻钟；四等份之一,p.60
7a-word-list_01-07.png,,7A,Unit 6,shower,/ˈʃaʊə(r)/,n. v.,n. 淋浴；淋浴器；阵雨 v. 洗淋浴,p.60
7a-word-list_01-07.png,,7A,Unit 6,take a shower,,,淋浴,p.60
7a-word-list_01-07.png,,7A,Unit 6,get dressed,,,穿衣服,p.60
7a-word-list_01-07.png,,7A,Unit 6,brush,/brʌʃ/,v. n.,v. （用刷子）刷 n. 刷子；画笔,p.60
7a-word-list_01-07.png,,7A,Unit 6,tooth,/tuːθ/,n.,(pl. teeth /tiːθ/) 牙齿,p.60
7a-word-list_01-07.png,,7A,Unit 6,duty,/ˈdjuːti/,n.,值班；职责,p.60
7a-word-list_01-07.png,,7A,Unit 6,on duty,,,值班,p.60
7a-word-list_01-07.png,,7A,Unit 6,usually,/ˈjuːʒuəli/,adv.,通常地；一般地,p.60
7a-word-list_01-07.png,,7A,Unit 6,get up,,,起床；站起,p.60
7a-word-list_01-07.png,,7A,Unit 6,reporter,/rɪˈpɔːtə(r)/,n.,记者,p.61
7a-word-list_01-07.png,,7A,Unit 6,around,/əˈraʊnd/,adv. & prep.,大约；环绕；到处,p.61
7a-word-list_01-07.png,,7A,Unit 6,homework,/ˈhəʊmwɜːk/,n.,家庭作业,p.61
7a-word-list_01-07.png,,7A,Unit 6,go to bed,,,上床睡觉,p.61
7a-word-list_01-07.png,,7A,Unit 6,saying,/ˈseɪɪŋ/,n.,谚语；格言,p.61
7a-word-list_01-07.png,,7A,Unit 6,rise,/raɪz/,v. n.,v. 起床；升起；增长 n. 增加；增强,p.61
7a-word-list_01-07.png,,7A,Unit 6,stay,/steɪ/,v.,停留；待,p.62
7a-word-list_01-07.png,,7A,Unit 6,routine,/ruːˈtiːn/,n.,常规,p.62
7a-word-list_01-07.png,,7A,Unit 6,restaurant,/ˈrestrɒnt/,n.,餐馆；餐厅,p.63
7a-word-list_01-07.png,,7A,Unit 6,housework,/ˈhaʊswɜːk/,n.,家务劳动,p.63
7a-word-list_01-07.png,,7A,Unit 6,while,/waɪl/,n. conj.,n. 一段时间；一会儿 conj. 在……期间；当……的时候,p.63
7a-word-list_01-07.png,,7A,Unit 6,weekend,/ˌwiːkˈend/,n.,周末,p.63
7a-word-list_01-07.png,,7A,Unit 6,at weekends,,,在周末,p.63
7a-word-list_01-07.png,,7A,Unit 6,daily,/ˈdeɪli/,adj.,每日的；日常的,p.64
7a-word-list_01-07.png,,7A,Unit 6,daily routine,,,日常生活,p.64
7a-word-list_01-07.png,,7A,Unit 6,only,/ˈəʊnli/,adv.,只；仅,p.64
7a-word-list_01-07.png,,7A,Unit 6,break,/breɪk/,n. v.,n. 休息；间断 v.（使）破碎；损坏,p.64
7a-word-list_01-07.png,,7A,Unit 6,Finnish,/ˈfɪnɪʃ/,n. adj.,n. 芬兰语 adj. 芬兰的；芬兰人的；芬兰语的,p.64
7a-word-list_01-07.png,,7A,Unit 6,finish,/ˈfɪnɪʃ/,v.,结束；完成,p.64
7a-word-list_01-07.png,,7A,Unit 6,hockey,/ˈhɒki/,n.,曲棍球,p.64
7a-word-list_01-07.png,,7A,Unit 6,ice hockey,,,冰球运动；冰上曲棍球,p.64
7a-word-list_01-07.png,,7A,Unit 6,already,/ɔːlˈredi/,adv.,已经；早已,p.64
7a-word-list_01-07.png,,7A,Unit 6,dark,/dɑːk/,adj.,昏暗的；深色的,p.64
7a-word-list_01-07.png,,7A,Unit 6,outside,/ˌaʊtˈsaɪd/,adv. prep. adj.,adv. & prep. 在（……）外面 adj. 外面的,p.64
7a-word-list_01-07.png,,7A,Unit 6,part,/pɑːt/,n.,部分,p.64
7a-word-list_01-07.png,,7A,Unit 6,everyday,/ˈevrideɪ/,adj.,每天的；日常的,p.64
7a-word-list_01-07.png,,7A,Unit 6,prepare,/prɪˈpeə(r)/,v.,把……预备好；准备,p.64
7a-word-list_01-07.png,,7A,Unit 6,prepare sth for,,,为……把某物准备好,p.64
7a-word-list_01-07.png,,7A,Unit 6,Timo,/ˈtiːməʊ/,,蒂莫,p.64
7a-word-list_01-07.png,,7A,Unit 6,Halla,/ˈhɑlɑ/,,哈拉,p.64
7a-word-list_01-07.png,,7A,Unit 6,Helsinki,/helˈsɪŋki/,,赫尔辛基（芬兰首都）,p.64
7a-word-list_01-07.png,,7A,Unit 6,Finland,/ˈfɪnlənd/,,芬兰,p.64
7a-word-list_01-07.png,,7A,Unit 6,home economics,/ˌiːkəˈnɒmɪks/,,家政学；家庭经济学,p.64
7a-word-list_01-07.png,,7A,Unit 7,celebrate,/ˈselɪbreɪt/,v.,庆祝；庆贺,p.67
7a-word-list_01-07.png,,7A,Unit 7,surprise,/səˈpraɪz/,n. v.,n. 惊奇；惊讶 v. 使感到意外,p.69
7a-word-list_01-07.png,,7A,Unit 7,something,/ˈsʌmθɪŋ/,pron.,某事；某物,p.69
7a-word-list_01-07.png,,7A,Unit 7,sale,/seɪl/,n.,出售；销售,p.69
7a-word-list_01-07.png,,7A,Unit 7,kilo,/ˈkiːləʊ/,n.,"(= kilogram, kilogramme /ˈkɪləɡræm/) n. (pl. kilos) 千克；公斤",p.69
7a-word-list_01-07.png,,7A,Unit 7,yogurt,/ˈjɒɡət/,n.,(= yoghurt) n. 酸奶,p.69
7a-word-list_01-07.png,,7A,Unit 7,total,/ˈtəʊtl/,n. adj.,n. 总数；合计 adj. 总的；全体的,p.69
7a-word-list_01-07.png,,7A,Unit 7,price,/praɪs/,n.,价格,p.70
7a-word-list_01-07.png,,7A,Unit 7,balloon,/bəˈluːn/,n.,气球,p.70
7a-word-list_01-07.png,,7A,Unit 7,chocolate,/ˈtʃɒklət/,n.,巧克力,p.70
7a-word-list_01-07.png,,7A,Unit 7,pizza,/ˈpiːtsə/,n.,比萨饼,p.70
7a-word-list_01-07.png,,7A,Unit 7,list,/lɪst/,n. v.,n. 名单；清单 v. 列表；列清单,p.70
7a-word-list_01-07.png,,7A,Unit 7,own,/əʊn/,adj. & pron.,自己的；本人的,p.71
7a-word-list_01-07.png,,7A,Unit 7,example,/ɪɡˈzɑːmpl/,n.,例子；范例,p.71
7a-word-list_01-07.png,,7A,Unit 7,for example,,,例如,p.71
7a-word-list_01-07.png,,7A,Unit 7,language,/ˈlæŋɡwɪdʒ/,n.,语言,p.71
7a-word-list_01-07.png,,7A,Unit 7,international,/ˌɪntəˈnæʃnəl/,adj.,国际的,p.71
7a-word-list_01-07.png,,7A,Unit 7,mark,/mɑːk/,v. n.,v. 做记号；纪念；打分 n. 记号,p.71
7a-word-list_01-07.png,,7A,Unit 7,national,/ˈnæʃnəl/,adj.,国家的；民族的,p.71
7a-word-list_01-07.png,,7A,Unit 7,found,/faʊnd/,v.,创建；创立,p.71
7a-word-list_01-07.png,,7A,Unit 7,meaningful,/ˈmiːnɪŋfl/,adj.,有意义的；重要的,p.72
7a-word-list_01-07.png,,7A,Unit 7,make a wish,,,许愿,p.72
7a-word-list_01-07.png,,7A,Unit 7,celebration,/ˌselɪˈbreɪʃn/,n.,庆典；庆祝（活动）,p.72
7a-word-list_01-07.png,,7A,Unit 7,post,/pəʊst/,n. v.,n. 帖子；邮政 v. 邮寄；发布,p.72
7a-word-list_01-07.png,,7A,Unit 7,contact,/ˈkɒntækt/,n. v.,n. 联系；接触 v. 联系；联络,p.72
7a-word-list_01-07.png,,7A,Unit 7,symbol,/ˈsɪmbl/,n.,象征；符号,p.72
7a-word-list_01-07.png,,7A,Unit 7,take a photo,,,拍照,p.72
7a-word-list_01-07.png,,7A,Unit 7,village,/ˈvɪlɪdʒ/,n.,村庄；村镇,p.72
7a-word-list_01-07.png,,7A,Unit 7,grow,/ɡrəʊ/,v.,成长；长大；增长,p.72
7a-word-list_01-07.png,,7A,Unit 7,blow,/bləʊ/,v.,吹；刮,p.72
7a-word-list_01-07.png,,7A,Unit 7,blow out,,,吹灭,p.72
7a-word-list_01-07.png,,7A,Unit 7,enjoy,/ɪnˈdʒɔɪ/,v.,享受……的乐趣；喜欢,p.72
7a-word-list_01-07.png,,7A,Unit 7,height,/haɪt/,n.,身高；高度,p.72
7a-word-list_01-07.png,,7A,Unit 7,later,/ˈleɪtə(r)/,adv. & adj.,以后（的）；后来（的）,p.72
7a-word-list_01-07.png,,7A,Unit 7,next time,,,下次,p.72
7a-word-list_01-07.png,,7A,Unit 7,whom,/huːm/,pron.,谁；什么人,p.73
7a-word-list_01-07.png,,7A,Unit 7,William Shakespeare,/ˈwɪljəm ˈʃeɪkspɪə(r)/,,威廉·莎士比亚,p.71
7a-word-list_01-07.png,,7A,Unit 7,Florence Nightingale,/ˈflɒrəns ˈnaɪtɪŋɡeɪl/,,弗洛伦斯·南丁格尔,p.71
7a-word-list_01-07.png,,7A,Unit 7,National Day,,,国庆节,p.71
7a-word-list_01-07.png,,7A,Unit 7,CPC Founding Day,,,中国共产党建党纪念日,p.71
7a-word-list_01-07.png,,7A,Unit 7,PLA Day,,,中国人民解放军建军节,p.71
7a-word-list_01-07.png,,7A,Unit 7,Judy,/ˈdʒuːdi/,,朱迪,p.72
7a-word-list_01-07.png,,7A,Unit 7,Clark,/klɑːk/,,克拉克,p.72
textbook_v2024_vocabulary_8_1.md,,8A,Unit 1,ancient,/'enʃənt/,adj.,古代的；古老的,p.2
textbook_v2024_vocabulary_8_1.md,,8A,Unit 1,camp,/kæmp/,n. v.,n. 度假营；营地 v. 露营；宿营,p.2
textbook_v2024_vocabulary_8_1.md,,8A,Unit 1,landscape,/'lændskeɪp/,n.,风景；景色,p.2
textbook_v2024_vocabulary_8_1.md,,8A,Unit 1,strange,/streɪndʒ/,adj.,奇怪的；陌生的,p.2
textbook_v2024_vocabulary_8_1.md,,8A,Unit 1,vacation,/və'keɪʃn/,n.,假期；度假,p.2
textbook_v2024_vocabulary_8_1.md,,8A,Unit 1,fantastic,/fæn'tæstɪk/,adj.,极好的；吸引人的,p.3
textbook_v2024_vocabulary_8_1.md,,8A,Unit 1,town,/taʊn/,n.,镇；商业区,p.3
textbook_v2024_vocabulary_8_1.md,,8A,Unit 1,breath,/breθ/,n.,呼吸的空气；一口气,p.3
textbook_v2024_vocabulary_8_1.md,,8A,Unit 1,take sb's breath away,,,令人叹为观止,p.3
textbook_v2024_vocabulary_8_1.md,,8A,Unit 1,especially,/ɪ'speʃəli/,adv.,尤其；特别,p.3
textbook_v2024_vocabulary_8_1.md,,8A,Unit 1,steamed,/sti:md/,adj.,蒸的,p.3
textbook_v2024_vocabulary_8_1.md,,8A,Unit 1,anywhere,/'eniweə(r)/,adv. & pron.,在任何地方；随便哪个地方,p.3
textbook_v2024_vocabulary_8_1.md,,8A,Unit 1,nothing,/'nʌθɪŋ/,pron.,没有事；没有任何东西,p.3
textbook_v2024_vocabulary_8_1.md,,8A,Unit 1,guide,/gaɪd/,n. v.,n. 导游；指南；手册 v. 给某人领路；指导,p.5
textbook_v2024_vocabulary_8_1.md,,8A,Unit 1,scenery,/'si:nəri/,n.,风景；景色,p.5
textbook_v2024_vocabulary_8_1.md,,8A,Unit 1,silk,/sɪlk/,n.,（蚕）丝；丝绸,p.5
textbook_v2024_vocabulary_8_1.md,,8A,Unit 1,scarf,/skɑ:f/,n.,围巾；头巾,p.5
textbook_v2024_vocabulary_8_1.md,,8A,Unit 1,ready,/'redi/,adj.,准备好的；现成的,p.5
textbook_v2024_vocabulary_8_1.md,,8A,Unit 1,ready to do sth,,,马上（做某事）；愿意做某事,p.5
textbook_v2024_vocabulary_8_1.md,,8A,Unit 1,somewhere,/'sʌmweə(r)/,adv.,在某处；到某处,p.5
textbook_v2024_vocabulary_8_1.md,,8A,Unit 1,myself,/maɪ'self/,pron.,我自己,p.5
textbook_v2024_vocabulary_8_1.md,,8A,Unit 1,nothing but,,,只有；只是,p.5
textbook_v2024_vocabulary_8_1.md,,8A,Unit 1,hotel,/həʊ'tel/,n.,旅馆；旅社,p.5
textbook_v2024_vocabulary_8_1.md,,8A,Unit 1,comfortable,/'kʌmftəbl/,adj.,使人舒服的；舒适的,p.5
textbook_v2024_vocabulary_8_1.md,,8A,Unit 1,bored,/bɔ:d/,adj.,厌倦的；烦闷的,p.5
textbook_v2024_vocabulary_8_1.md,,8A,Unit 1,sky,/skaɪ/,n.,天；天空,p.5
textbook_v2024_vocabulary_8_1.md,,8A,Unit 1,towards,/tə'wɔ:dz; tɔ:rdz/,prep.,向；朝,p.5
textbook_v2024_vocabulary_8_1.md,,8A,Unit 1,rainbow,/'reɪnbəʊ/,n.,虹；彩虹,p.5
textbook_v2024_vocabulary_8_1.md,,8A,Unit 1,square,/skweə(r)/,n. adj.,n. 广场；正方形 adj. 正方形的；平方的,p.6
textbook_v2024_vocabulary_8_1.md,,8A,Unit 1,during,/ˈdjʊərɪŋ/,prep.,在……期间,p.6
textbook_v2024_vocabulary_8_1.md,,8A,Unit 1,victory,/'vɪktəri/,n.,胜利；成功,p.6
textbook_v2024_vocabulary_8_1.md,,8A,Unit 1,Russian,/'rʌʃn/,adj. n.,adj. 俄罗斯的；俄罗斯人的 n. 俄罗斯人；俄语,p.6
textbook_v2024_vocabulary_8_1.md,,8A,Unit 1,fight,/faɪt/,n. v.,n. 战斗；斗争 v.（fought /fɔ:t/）打仗；打架,p.6
textbook_v2024_vocabulary_8_1.md,,8A,Unit 1,against,/ə'genst/,prep.,反对；与……相反；紧靠,p.6
textbook_v2024_vocabulary_8_1.md,,8A,Unit 1,fight against sb / sth,,,与……作战；与……作斗争,p.6
textbook_v2024_vocabulary_8_1.md,,8A,Unit 1,artwork,/'ɑ:twɜ:k/,n.,艺术作品；插图,p.6
textbook_v2024_vocabulary_8_1.md,,8A,Unit 1,thousands of,,,数以千计的；成千上万的,p.6
textbook_v2024_vocabulary_8_1.md,,8A,Unit 1,tear,/tɪə(r)/,n.,眼泪；泪水,p.6
textbook_v2024_vocabulary_8_1.md,,8A,Unit 1,remind,/rɪ'maɪnd/,v.,提醒；使想起,p.6
textbook_v2024_vocabulary_8_1.md,,8A,Unit 1,peace,/pi:s/,n.,和平；太平,p.6
textbook_v2024_vocabulary_8_1.md,,8A,Unit 1,easily,/'i:zəli/,adv.,容易地；轻易地,p.6
textbook_v2024_vocabulary_8_1.md,,8A,Unit 1,forget,/fə'get/,v. (forgot /fə'gɒt/),忘记；遗忘,p.6
textbook_v2024_vocabulary_8_1.md,,8A,Unit 1,noon,/nu:n/,n.,正午；中午,p.6
textbook_v2024_vocabulary_8_1.md,,8A,Unit 1,sick,/sɪk/,adj.,恶心的；生病的,p.6
textbook_v2024_vocabulary_8_1.md,,8A,Unit 1,metro,/'metrəʊ/,n.,地下铁道系统,p.7
textbook_v2024_vocabulary_8_1.md,,8A,Unit 1,station,/'steɪʃn/,n.,车站；所；局,p.7
textbook_v2024_vocabulary_8_1.md,,8A,Unit 1,palace,/'pæləs/,n.,王宫；宫殿,p.7
textbook_v2024_vocabulary_8_1.md,,8A,Unit 1,accordion,/ə'kɔ:diən/,n.,手风琴,p.7
textbook_v2024_vocabulary_8_1.md,,8A,Unit 1,get together,,,聚会；相聚,p.8
textbook_v2024_vocabulary_8_1.md,,8A,Unit 1,in the sun,,,在阳光下,p.8
textbook_v2024_vocabulary_8_1.md,,8A,Unit 1,tower,/'taʊə(r)/,n.,塔；塔楼,p.8
textbook_v2024_vocabulary_8_1.md,,8A,Unit 1,might,/maɪt/,modal v.,可能；可以,p.8
textbook_v2024_vocabulary_8_1.md,,8A,Unit 1,budget,/'bʌdʒɪt/,n. v.,n. 预算 v. 把……编入预算；精打细算,p.8
textbook_v2024_vocabulary_8_1.md,,8A,Unit 1,passport,/'pɑ:spɔ:t/,n.,护照,p.8
textbook_v2024_vocabulary_8_1.md,,8A,Unit 1,forgetful,/fə'getfl/,adj.,健忘的；好忘事的,p.8
textbook_v2024_vocabulary_8_1.md,,8A,Unit 1,faraway,/'fɑ:rəweɪ/,adj.,远方的；遥远的,p.8
textbook_v2024_vocabulary_8_1.md,,8A,Unit 1,regular,/'regjələ(r)/,adj.,平常的；有规律的,p.8
textbook_v2024_vocabulary_8_1.md,,8A,Unit 1,countryside,/'kʌntrisaɪd/,n.,乡村；农村,p.8
textbook_v2024_vocabulary_8_1.md,,8A,Unit 1,turn around,,,转身；翻转,p.9
textbook_v2024_vocabulary_8_1.md,,8A,Unit 1,surprised,/sə'praɪzd/,adj.,惊奇的；惊讶的,p.9
textbook_v2024_vocabulary_8_1.md,,8A,Unit 1,deer,/dɪə(r)/,n. (pl. deer),鹿,p.9
textbook_v2024_vocabulary_8_1.md,,8A,Unit 1,probably,/'prɒbəbli/,adv.,很可能；大概,p.9
textbook_v2024_vocabulary_8_1.md,,8A,Unit 1,look for,,,寻找,p.9
textbook_v2024_vocabulary_8_1.md,,8A,Unit 1,Guest-Greeting / Pine,"/gest, gri:tɪŋ/ /paɪn/",,迎客松,p.2
textbook_v2024_vocabulary_8_1.md,,8A,Unit 1,Sea of Clouds,,,云海,p.2
textbook_v2024_vocabulary_8_1.md,,8A,Unit 1,Seattle,/si'ætl/,,西雅图 (美国城市),p.2
textbook_v2024_vocabulary_8_1.md,,8A,Unit 1,Red Square,,,红场,p.6
textbook_v2024_vocabulary_8_1.md,,8A,Unit 1,Alexander Garden,/ælɪg'zɑ:ndə(r)/ /ˈgɑ:dən/,,亚历山大花园,p.6
textbook_v2024_vocabulary_8_1.md,,8A,Unit 1,Vincent,/ˈvɪnsənt/,,文森特,p.6
textbook_v2024_vocabulary_8_1.md,,8A,Unit 1,Moscow,/'mɒskəʊ/,,莫斯科 (俄罗斯首都),p.6
textbook_v2024_vocabulary_8_1.md,,8A,Unit 1,Russia,/'rʌʃə/,,俄罗斯,p.6
textbook_v2024_vocabulary_8_1.md,,8A,Unit 1,the Victory Museum,,,胜利博物馆,p.6
textbook_v2024_vocabulary_8_1.md,,8A,Unit 1,Nazi,/'nɑ:tsi/,n.,纳粹党人；纳粹分子,p.6
textbook_v2024_vocabulary_8_1.md,,8A,Unit 1,World War II,,,第二次世界大战,p.6
textbook_v2024_vocabulary_8_1.md,,8A,Unit 1,Moscow Metro,,,莫斯科地铁,p.7
textbook_v2024_vocabulary_8_1.md,,8A,Unit 1,Scotland,/'skɒtlənd/,,苏格兰,p.7
textbook_v2024_vocabulary_8_1.md,,8A,Unit 2,pack,/pæk/,v.,打包；收拾,p.12
textbook_v2024_vocabulary_8_1.md,,8A,Unit 2,pack up,,,打包,p.12
textbook_v2024_vocabulary_8_1.md,,8A,Unit 2,bathroom,/'bɑ:θru:m/,n.,浴室；洗手间,p.12
textbook_v2024_vocabulary_8_1.md,,8A,Unit 2,sort,/sɔ:t/,v. n.,v. 把……分类；整理 n. 种类,p.12
textbook_v2024_vocabulary_8_1.md,,8A,Unit 2,bedroom,/'bedru:m/,n.,卧室,p.12
textbook_v2024_vocabulary_8_1.md,,8A,Unit 2,balcony,/'bælkəni/,n.,阳台,p.12
textbook_v2024_vocabulary_8_1.md,,8A,Unit 2,hang up,,,挂起；挂断电话,p.12
textbook_v2024_vocabulary_8_1.md,,8A,Unit 2,invite,/ɪn'vaɪt/,v.,邀请,p.12
textbook_v2024_vocabulary_8_1.md,,8A,Unit 2,living room,,,客厅,p.12
textbook_v2024_vocabulary_8_1.md,,8A,Unit 2,arrival,/ə'raɪvl/,n.,到达,p.13
textbook_v2024_vocabulary_8_1.md,,8A,Unit 2,yet,/jet/,adv. conj.,adv. (用于否定句和疑问句) 还 conj. 但是,p.13
textbook_v2024_vocabulary_8_1.md,,8A,Unit 2,add,/æd/,v.,添加；加,p.14
textbook_v2024_vocabulary_8_1.md,,8A,Unit 2,add sth to sth,,,把……加入……,p.14
textbook_v2024_vocabulary_8_1.md,,8A,Unit 2,go shopping,,,去购物,p.14
textbook_v2024_vocabulary_8_1.md,,8A,Unit 2,biscuit,/'bɪskɪt/,n.,饼干,p.14
textbook_v2024_vocabulary_8_1.md,,8A,Unit 2,borrow,/'bɒrəʊ/,v.,借,p.14
textbook_v2024_vocabulary_8_1.md,,8A,Unit 2,plan,/plæn/,v. n.,v. 策划；打算 n. 计划；方案,p.14
textbook_v2024_vocabulary_8_1.md,,8A,Unit 2,treasure,/'treʒə(r)/,n. v.,n. 宝物；财富 v. 珍视,p.14
textbook_v2024_vocabulary_8_1.md,,8A,Unit 2,hunt,/hʌnt/,n. v.,n. 搜寻；狩猎 v. 搜寻；打猎,p.14
textbook_v2024_vocabulary_8_1.md,,8A,Unit 2,treasure hunt,,,寻宝游戏,p.14
textbook_v2024_vocabulary_8_1.md,,8A,Unit 2,lift,/lɪft/,n. v.,n. 搭便车；电梯 v. 举起；抬起,p.14
textbook_v2024_vocabulary_8_1.md,,8A,Unit 2,give sb a lift,,,开车顺便送某人,p.14
textbook_v2024_vocabulary_8_1.md,,8A,Unit 2,until,/ən'tɪl/,prep. conj.,到……时；直到……为止,p.15
textbook_v2024_vocabulary_8_1.md,,8A,Unit 2,be careful with,,,注意；当心,p.15
textbook_v2024_vocabulary_8_1.md,,8A,Unit 2,movie,/'mu:vi/,n.,电影,p.15
textbook_v2024_vocabulary_8_1.md,,8A,Unit 2,the movies,,,电影院；电影产业,p.15
textbook_v2024_vocabulary_8_1.md,,8A,Unit 2,dead,/ded/,adj.,不运行的；死的,p.15
textbook_v2024_vocabulary_8_1.md,,8A,Unit 2,note,/nəʊt/,n. v.,n. 笔记；记录；便条 v. 注意；指出,p.15
textbook_v2024_vocabulary_8_1.md,,8A,Unit 2,take notes,,,做笔记,p.15
textbook_v2024_vocabulary_8_1.md,,8A,Unit 2,clean up,,,清扫,p.15
textbook_v2024_vocabulary_8_1.md,,8A,Unit 2,community,/kə'mju:nəti/,n.,社区；社团,p.15
textbook_v2024_vocabulary_8_1.md,,8A,Unit 2,rubbish,/'rʌbɪʃ/,n.,垃圾,p.15
textbook_v2024_vocabulary_8_1.md,,8A,Unit 2,almost,/'ɔ:lməʊst/,adv.,差不多；几乎,p.16
textbook_v2024_vocabulary_8_1.md,,8A,Unit 2,journey,/'dʒɜ:ni/,n. v.,n. 旅行；历程 v. 旅行,p.16
textbook_v2024_vocabulary_8_1.md,,8A,Unit 2,pull,/pʊl/,v. & n.,拉；拖；拽,p.16
textbook_v2024_vocabulary_8_1.md,,8A,Unit 2,luggage,/'lʌgɪdʒ/,n.,行李,p.16
textbook_v2024_vocabulary_8_1.md,,8A,Unit 2,ah,/ɑ:/,interj.,啊（表示高兴、惊奇等）,p.16
textbook_v2024_vocabulary_8_1.md,,8A,Unit 2,share sth with sb,,,把……与……分享,p.16
textbook_v2024_vocabulary_8_1.md,,8A,Unit 2,mm,/m/,interj.,嗯（表示喜欢、同意等）,p.16
textbook_v2024_vocabulary_8_1.md,,8A,Unit 2,familiar,/fə'mɪliə(r)/,adj.,熟悉的,p.16
textbook_v2024_vocabulary_8_1.md,,8A,Unit 2,joke,/dʒəʊk/,n. v.,笑话；开玩笑,p.16
textbook_v2024_vocabulary_8_1.md,,8A,Unit 2,several,/'sevrəl/,pron.,几个；一些,p.16
textbook_v2024_vocabulary_8_1.md,,8A,Unit 2,nod,/nɒd/,v. & n.,点头,p.16
textbook_v2024_vocabulary_8_1.md,,8A,Unit 2,writer,/'raɪtə(r)/,n.,作者,p.17
textbook_v2024_vocabulary_8_1.md,,8A,Unit 2,text,/tekst/,n. v.,n. 正文；文本 v. (用手机给某人) 发短信,p.17
textbook_v2024_vocabulary_8_1.md,,8A,Unit 2,describe,/dɪ'skraɪb/,v.,描述；形容,p.17
textbook_v2024_vocabulary_8_1.md,,8A,Unit 2,wherever,/weər'evə(r)/,adv. & conj.,无论在哪里；在任何地方,p.17
textbook_v2024_vocabulary_8_1.md,,8A,Unit 2,matter,/'mætə(r)/,v. n.,v. 要紧 n. 问题,p.17
textbook_v2024_vocabulary_8_1.md,,8A,Unit 2,no matter,,,不论；不要紧,p.17
textbook_v2024_vocabulary_8_1.md,,8A,Unit 2,perhaps,/pə'hæps/,adv.,也许；可能,p.17
textbook_v2024_vocabulary_8_1.md,,8A,Unit 2,plate,/pleɪt/,n.,盘子；碟子,p.17
textbook_v2024_vocabulary_8_1.md,,8A,Unit 2,freshly,/'freʃli/,adv.,刚刚,p.17
textbook_v2024_vocabulary_8_1.md,,8A,Unit 2,smell,/smel/,v. n.,v. 发臭；闻到 n. 气味；臭味,p.18
textbook_v2024_vocabulary_8_1.md,,8A,Unit 2,joy,/dʒɔɪ/,n.,喜悦；乐趣,p.18
textbook_v2024_vocabulary_8_1.md,,8A,Unit 2,apartment,/ə'pɑ:tmənt/,n.,房间；公寓套房,p.18
textbook_v2024_vocabulary_8_1.md,,8A,Unit 2,block,/blɒk/,n. v.,n. 大楼；街区；大块 v. 阻挡；堵塞,p.18
textbook_v2024_vocabulary_8_1.md,,8A,Unit 2,decorate,/'dekəreɪt/,v.,装饰；装潢,p.19
textbook_v2024_vocabulary_8_1.md,,8A,Unit 2,cover,/'kʌvə(r)/,v. n.,v. 遮盖；包括 n. 遮盖物；封皮,p.19
textbook_v2024_vocabulary_8_1.md,,8A,Unit 2,poster,/'pəʊstə(r)/,n.,海报,p.19
textbook_v2024_vocabulary_8_1.md,,8A,Unit 2,scissors,/'sɪzəz/,n. (pl.),剪刀,p.19
textbook_v2024_vocabulary_8_1.md,,8A,Unit 2,glue,/glu:/,n. v.,n. 胶水 v. 粘贴,p.19
textbook_v2024_vocabulary_8_1.md,,8A,Unit 2,paper-cut,/'peɪpə(r) kʌt/,n.,剪纸,p.19
textbook_v2024_vocabulary_8_1.md,,8A,Unit 3,compare,/kəm'peə(r)/,v.,比较；对比,p.21
textbook_v2024_vocabulary_8_1.md,,8A,Unit 3,shy,/ʃaɪ/,adj.,害羞的,p.22
textbook_v2024_vocabulary_8_1.md,,8A,Unit 3,lazy,/'leɪzi/,adj.,懒惰的；懒洋洋的,p.22
textbook_v2024_vocabulary_8_1.md,,8A,Unit 3,loud,/laʊd/,adv. adj.,响亮地；大声的,p.22
textbook_v2024_vocabulary_8_1.md,,8A,Unit 3,outgoing,/aʊt'gəʊɪŋ/,adj.,外向的,p.22
textbook_v2024_vocabulary_8_1.md,,8A,Unit 3,hard-working,/hɑ:d 'wɜ:kɪŋ/,adj.,勤奋的,p.22
textbook_v2024_vocabulary_8_1.md,,8A,Unit 3,perform,/pə'fɔ:m/,v.,表演；执行,p.22
textbook_v2024_vocabulary_8_1.md,,8A,Unit 3,alone,/ə'ləʊn/,adv. & adj.,独自；单独,p.22
textbook_v2024_vocabulary_8_1.md,,8A,Unit 3,solve,/sɒlv/,v.,解决；解答,p.22
textbook_v2024_vocabulary_8_1.md,,8A,Unit 3,flute,/flu:t/,n.,长笛,p.22
textbook_v2024_vocabulary_8_1.md,,8A,Unit 3,congratulation,"/kən,grætʃə'leɪʃn/",n.,祝贺；恭喜,p.23
textbook_v2024_vocabulary_8_1.md,,8A,Unit 3,Congratulations (on ...)!,,,（对……表示）祝贺！,p.23
textbook_v2024_vocabulary_8_1.md,,8A,Unit 3,prize,/praɪz/,n.,奖；奖品,p.23
textbook_v2024_vocabulary_8_1.md,,8A,Unit 3,attend,/ə'tend/,v.,参加；出席,p.23
textbook_v2024_vocabulary_8_1.md,,8A,Unit 3,as ... as ...,,,像……一样……,p.23
textbook_v2024_vocabulary_8_1.md,,8A,Unit 3,besides,/bɪ'saɪdz/,prep. adv.,除……之外（还）；而且,p.23
textbook_v2024_vocabulary_8_1.md,,8A,Unit 3,spare,/speə(r)/,adj. v.,adj. 空闲的；备用的 v. 抽出；拨出,p.23
textbook_v2024_vocabulary_8_1.md,,8A,Unit 3,spare time,,,空闲时间,p.23
textbook_v2024_vocabulary_8_1.md,,8A,Unit 3,pleasure,/'pleʒə(r)/,n.,乐事；愉快；荣幸,p.23
textbook_v2024_vocabulary_8_1.md,,8A,Unit 3,have sth in common,,,有共同之处,p.24
textbook_v2024_vocabulary_8_1.md,,8A,Unit 3,appearance,/ə'pɪərəns/,n.,外表；露面,p.24
textbook_v2024_vocabulary_8_1.md,,8A,Unit 3,personality,"/,pɜ:sə'næləti/",n.,性格；品质,p.24
textbook_v2024_vocabulary_8_1.md,,8A,Unit 3,serious,/'sɪəriəs/,adj.,严肃的；严重的,p.24
textbook_v2024_vocabulary_8_1.md,,8A,Unit 3,strength,/streŋθ/,n.,优势；力量,p.24
textbook_v2024_vocabulary_8_1.md,,8A,Unit 3,slim,/slɪm/,adj.,苗条的；薄的,p.24
textbook_v2024_vocabulary_8_1.md,,8A,Unit 3,fact,/fækt/,n.,事实；现实,p.24
textbook_v2024_vocabulary_8_1.md,,8A,Unit 3,population,"/,pɒpju'leɪʃn/",n.,人口,p.25
textbook_v2024_vocabulary_8_1.md,,8A,Unit 3,km (= kilometre),/'kɪləmi:tə(r)/,,千米；公里,p.25
textbook_v2024_vocabulary_8_1.md,,8A,Unit 3,average,/'ævərɪdʒ/,adj. n.,adj. 平均的；平常的 n. 平均数；平均水准,p.25
textbook_v2024_vocabulary_8_1.md,,8A,Unit 3,rainfall,/'reɪnfɔ:l/,n.,降雨量,p.25
textbook_v2024_vocabulary_8_1.md,,8A,Unit 3,per,/pə(r); pɜ:(r)/,prep.,每,p.25
textbook_v2024_vocabulary_8_1.md,,8A,Unit 3,mm (= millimetre),/'mɪlimi:tə(r)/,,毫米,p.25
textbook_v2024_vocabulary_8_1.md,,8A,Unit 3,pleasant,/'pleznt/,adj.,令人愉快的；友好的,p.25
textbook_v2024_vocabulary_8_1.md,,8A,Unit 3,difference,/'dɪfrəns/,n.,差异,p.26
textbook_v2024_vocabulary_8_1.md,,8A,Unit 3,alike,/ə'laɪk/,adj. adv.,相像的；相似地,p.26
textbook_v2024_vocabulary_8_1.md,,8A,Unit 3,mirror,/'mɪrə(r)/,n.,镜子,p.26
textbook_v2024_vocabulary_8_1.md,,8A,Unit 3,interest,/'ɪntrəst/,n. v.,n. 业余爱好；兴趣 v. 使感兴趣,p.26
textbook_v2024_vocabulary_8_1.md,,8A,Unit 3,novel,/'nɒvl/,n.,小说,p.26
textbook_v2024_vocabulary_8_1.md,,8A,Unit 3,sense,/sens/,n. v.,n. 理解能力；感觉 v. 意识到；感觉到,p.26
textbook_v2024_vocabulary_8_1.md,,8A,Unit 3,humour,/'hju:mə(r)/ (= humor),n.,幽默；幽默感,p.27
textbook_v2024_vocabulary_8_1.md,,8A,Unit 3,thanks to,,,归功于；由于,p.27
textbook_v2024_vocabulary_8_1.md,,8A,Unit 3,opinion,/ə'pɪnjən/,n.,看法；意见,p.27
textbook_v2024_vocabulary_8_1.md,,8A,Unit 3,make a mistake,,,犯错误,p.27
textbook_v2024_vocabulary_8_1.md,,8A,Unit 3,less,/les/,adv. adj. pron.,adv. 较少地；更少地 adj. 较少的；更少的 pron. 较少；更少,p.27
textbook_v2024_vocabulary_8_1.md,,8A,Unit 3,straightforward,"/,streɪt'fɔ:wəd/",adj.,坦率的；简单的,p.27
textbook_v2024_vocabulary_8_1.md,,8A,Unit 3,honest,/'ɒnɪst/,adj.,坦诚的；诚实的,p.27
textbook_v2024_vocabulary_8_1.md,,8A,Unit 3,direct,/də'rekt; daɪ'rekt/,adj.,率直的；直接的,p.27
textbook_v2024_vocabulary_8_1.md,,8A,Unit 3,similarity,"/,sɪmə'lærəti/",n.,相像之处,p.27
textbook_v2024_vocabulary_8_1.md,,8A,Unit 3,friendship,/'frendʃɪp/,n.,友谊；友情,p.27
textbook_v2024_vocabulary_8_1.md,,8A,Unit 3,metre,/'mi:tə(r)/ (= meter),n.,米,p.28
textbook_v2024_vocabulary_8_1.md,,8A,Unit 3,prince,/prɪns/,n.,王子,p.28
textbook_v2024_vocabulary_8_1.md,,8A,Unit 3,character,/'kærəktə(r)/,n.,人物；个性,p.28
textbook_v2024_vocabulary_8_1.md,,8A,Unit 3,pauper,/'pɔ:pə(r)/,n.,贫民；乞丐,p.28
textbook_v2024_vocabulary_8_1.md,,8A,Unit 3,exchange,/ɪks'tʃeɪndʒ/,v. & n.,交换,p.28
textbook_v2024_vocabulary_8_1.md,,8A,Unit 3,accident,/ˈæksɪdənt/,n.,意外；（交通）事故,p.28
textbook_v2024_vocabulary_8_1.md,,8A,Unit 3,by accident,,,偶然；意外地,p.28
textbook_v2024_vocabulary_8_1.md,,8A,Unit 3,expect,/ɪkˈspekt/,v.,预料；期待,p.28
textbook_v2024_vocabulary_8_1.md,,8A,Unit 3,silver,/ˈsɪlvə(r)/,adj. n.,adj. 银色的 n. 银,p.29
textbook_v2024_vocabulary_8_1.md,,8A,Unit 3,lining,/ˈlaɪnɪŋ/,n.,内衬,p.29
textbook_v2024_vocabulary_8_1.md,,8A,Unit 3,silver lining,,,一线光明,p.29
textbook_v2024_vocabulary_8_1.md,,8A,Unit 3,situation,/ˌsɪtʃuˈeɪʃn/,n.,情况；状况,p.29
textbook_v2024_vocabulary_8_1.md,,8A,Unit 3,care about,,,关心；担心,p.29
textbook_v2024_vocabulary_8_1.md,,8A,Unit 3,reach,/riːtʃ/,v.,伸手；到达,p.29
textbook_v2024_vocabulary_8_1.md,,8A,Unit 3,reach for,,,伸手触碰,p.29
textbook_v2024_vocabulary_8_1.md,,8A,Unit 3,touch,/tʌtʃ/,v.,触动；触碰,p.29
textbook_v2024_vocabulary_8_1.md,,8A,Unit 3,lend (sb) a hand,,,帮助（某人）,p.29
textbook_v2024_vocabulary_8_1.md,,8A,Unit 3,Julie,/'dʒu:li/,,朱莉,p.25
textbook_v2024_vocabulary_8_1.md,,8A,Unit 3,Vancouver,/væn'ku:və(r)/,,温哥华（加拿大城市）,p.25
textbook_v2024_vocabulary_8_1.md,,8A,Unit 3,Matt,/mæt/,,马特,p.26
textbook_v2024_vocabulary_8_1.md,,8A,Unit 3,Stephen,/'sti:vn/,,斯蒂芬,p.26
textbook_v2024_vocabulary_8_1.md,,8A,Unit 3,Diana,/daɪ'ænə/,,戴安娜,p.27
textbook_v2024_vocabulary_8_1.md,,8A,Unit 3,Edward,/'edwəd/,,爱德华,p.28
textbook_v2024_vocabulary_8_1.md,,8A,Unit 3,Mark Twain,/mɑ:k tweɪn/,,马克·吐温,p.28
textbook_v2024_vocabulary_8_1.md,,8A,Unit 3,Rose,/rəʊz/,,罗丝,p.28
textbook_v2024_vocabulary_8_1.md,,8A,Unit 4,moss,/mɒs/,n.,苔藓,p.32
textbook_v2024_vocabulary_8_1.md,,8A,Unit 4,redwood,/'redwʊd/,n.,红杉；红木,p.32
textbook_v2024_vocabulary_8_1.md,,8A,Unit 4,cheetah,/'tʃi:tə/,n.,猎豹,p.32
textbook_v2024_vocabulary_8_1.md,,8A,Unit 4,folding,/'fəʊldɪŋ/,adj. n.,adj. 可折叠的 n. 折叠；可折叠的,p.33
textbook_v2024_vocabulary_8_1.md,,8A,Unit 4,folding fan,,,折扇,p.33
textbook_v2024_vocabulary_8_1.md,,8A,Unit 4,bamboo,"/,bæm'bu:/",n.,竹；竹子,p.33
textbook_v2024_vocabulary_8_1.md,,8A,Unit 4,yeah,/jeə/,interj.,是的；对,p.33
textbook_v2024_vocabulary_8_1.md,,8A,Unit 4,popular,/'pɒpjələ(r)/,adj.,广受欢迎的；流行的,p.33
textbook_v2024_vocabulary_8_1.md,,8A,Unit 4,goodness,/'gʊdnəs/,n.,美德；营养,p.33
textbook_v2024_vocabulary_8_1.md,,8A,Unit 4,tool,/tu:l/,n.,工具；手段,p.33
textbook_v2024_vocabulary_8_1.md,,8A,Unit 4,actually,/'æktʃuəli/,adv.,实际上；居然,p.33
textbook_v2024_vocabulary_8_1.md,,8A,Unit 4,shoot,/ʃu:t/,n. v.,n. 幼苗；嫩芽 v. (shot /ʃɒt/) 开（枪）；射击,p.33
textbook_v2024_vocabulary_8_1.md,,8A,Unit 4,appear,/ə'pɪə(r)/,v.,出现；看来好像,p.34
textbook_v2024_vocabulary_8_1.md,,8A,Unit 4,feel free (to do sth),,,可以随便做某事,p.34
textbook_v2024_vocabulary_8_1.md,,8A,Unit 4,land,/lænd/,n. v.,n. 陆地；土地 v. 降落；着陆,p.34
textbook_v2024_vocabulary_8_1.md,,8A,Unit 4,African,/'æfrɪkən/,adj. n.,adj. 非洲的；非洲人的 n. 非洲人,p.35
textbook_v2024_vocabulary_8_1.md,,8A,Unit 4,rose,/rəʊz/,n.,玫瑰；蔷薇,p.35
textbook_v2024_vocabulary_8_1.md,,8A,Unit 4,peony,/'pi:əni/,n.,牡丹；芍药,p.35
textbook_v2024_vocabulary_8_1.md,,8A,Unit 4,lotus,/'ləʊtəs/,n.,莲花,p.35
textbook_v2024_vocabulary_8_1.md,,8A,Unit 4,butterfly,/'bʌtəflaɪ/,n.,蝴蝶,p.35
textbook_v2024_vocabulary_8_1.md,,8A,Unit 4,wing,/wɪŋ/,n.,翅膀；翼,p.35
textbook_v2024_vocabulary_8_1.md,,8A,Unit 4,frog,/frɒg/,n.,蛙；青蛙,p.35
textbook_v2024_vocabulary_8_1.md,,8A,Unit 4,up to,,,接近；直到,p.35
textbook_v2024_vocabulary_8_1.md,,8A,Unit 4,weigh,/weɪ/,v.,有……重；称重量,p.35
textbook_v2024_vocabulary_8_1.md,,8A,Unit 4,kg (= kilogram),/'kɪləgræm/,,千克；公斤,p.35
textbook_v2024_vocabulary_8_1.md,,8A,Unit 4,ginkgo,/'gɪŋkəʊ/,n.,银杏,p.35
textbook_v2024_vocabulary_8_1.md,,8A,Unit 4,believe,/bɪ'li:v/,v.,相信；认为有可能,p.35
textbook_v2024_vocabulary_8_1.md,,8A,Unit 4,province,/'prɒvɪns/,n.,省份,p.35
textbook_v2024_vocabulary_8_1.md,,8A,Unit 4,take a walk,,,散步,p.35
textbook_v2024_vocabulary_8_1.md,,8A,Unit 4,connect,/kə'nekt/,v.,关联；连接,p.36
textbook_v2024_vocabulary_8_1.md,,8A,Unit 4,connected,/kə'nektɪd/,adj.,连接的；相关的,p.36
textbook_v2024_vocabulary_8_1.md,,8A,Unit 4,be connected with / to,,,与……有联系；与……相连,p.36
textbook_v2024_vocabulary_8_1.md,,8A,Unit 4,without,/wɪ'ðaʊt/,prep.,没有；缺乏,p.36
textbook_v2024_vocabulary_8_1.md,,8A,Unit 4,imagine,/ɪ'mædʒɪn/,v.,想象；猜想,p.36
textbook_v2024_vocabulary_8_1.md,,8A,Unit 4,honey,/'hʌni/,n.,蜂蜜；（爱称）亲爱的,p.36
textbook_v2024_vocabulary_8_1.md,,8A,Unit 4,disappointed,"/,dɪsə'pɔɪntɪd/",adj.,失望的；沮丧的,p.36
textbook_v2024_vocabulary_8_1.md,,8A,Unit 4,connection,/kə'nekʃn/,n.,联系；连接,p.36
textbook_v2024_vocabulary_8_1.md,,8A,Unit 4,pollination,"/,pɒlə'neɪʃn/",n.,授粉,p.36
textbook_v2024_vocabulary_8_1.md,,8A,Unit 4,pollen,/'pɒlən/,n.,花粉,p.36
textbook_v2024_vocabulary_8_1.md,,8A,Unit 4,action,/'ækʃn/,n.,行动；行为,p.36
textbook_v2024_vocabulary_8_1.md,,8A,Unit 4,in fact,,,确切地说；实际上,p.36
textbook_v2024_vocabulary_8_1.md,,8A,Unit 4,per cent / percent,/pə 'sent/,n. adj. & adv.,n. 百分之…… adj. & adv. 每一百中,p.36
textbook_v2024_vocabulary_8_1.md,,8A,Unit 4,for this reason,,,出于这个原因,p.36
textbook_v2024_vocabulary_8_1.md,,8A,Unit 4,planet,/'plænɪt/,n.,行星,p.36
textbook_v2024_vocabulary_8_1.md,,8A,Unit 4,in order to,,,为了；以便,p.36
textbook_v2024_vocabulary_8_1.md,,8A,Unit 4,store,/stɔ:(r)/,v. n.,v. 贮存；存储 n. 百货商店；商店,p.36
textbook_v2024_vocabulary_8_1.md,,8A,Unit 4,honeycomb,/'hʌnikəʊm/,n.,蜂巢,p.36
textbook_v2024_vocabulary_8_1.md,,8A,Unit 4,communicate,/kə'mju:nɪkeɪt/,v.,交流；沟通,p.36
textbook_v2024_vocabulary_8_1.md,,8A,Unit 4,play a part (in sth),,,参与某事,p.36
textbook_v2024_vocabulary_8_1.md,,8A,Unit 4,ecosystem,/'i:kəʊsɪstəm/,n.,生态系统,p.36
textbook_v2024_vocabulary_8_1.md,,8A,Unit 4,protect,/prə'tekt/,v.,保护；防护,p.37
textbook_v2024_vocabulary_8_1.md,,8A,Unit 4,importance,/ɪm'pɔ:tns/,n.,重要性,p.37
textbook_v2024_vocabulary_8_1.md,,8A,Unit 4,title,/'taɪtl/,n.,标题；题目；名称,p.37
textbook_v2024_vocabulary_8_1.md,,8A,Unit 4,human,/'hju:mən/,n. adj.,n. 人 adj. 人的；人类的,p.37
textbook_v2024_vocabulary_8_1.md,,8A,Unit 4,ant,/ænt/,n.,蚂蚁,p.37
textbook_v2024_vocabulary_8_1.md,,8A,Unit 4,be home to sb / sth,,,是……的家乡,p.37
textbook_v2024_vocabulary_8_1.md,,8A,Unit 4,happiness,/'hæpinəs/,n.,幸福；快乐,p.38
textbook_v2024_vocabulary_8_1.md,,8A,Unit 4,disappoint,"/,dɪsə'pɔɪnt/",v.,使失望；使破灭,p.38
textbook_v2024_vocabulary_8_1.md,,8A,Unit 4,mushroom,/'mʌʃrʊm/,n.,蘑菇；伞菌,p.38
textbook_v2024_vocabulary_8_1.md,,8A,Unit 4,ton,/tʌn/,n.,吨,p.38
textbook_v2024_vocabulary_8_1.md,,8A,Unit 4,role,/rəʊl/,n.,作用；职能；角色,p.38
textbook_v2024_vocabulary_8_1.md,,8A,Unit 4,play a role (in),,,在……中发挥作用；扮演角色,p.38
textbook_v2024_vocabulary_8_1.md,,8A,Unit 4,pea,/pi:/,n.,豌豆,p.38
textbook_v2024_vocabulary_8_1.md,,8A,Unit 4,climate,/'klaɪmət/,n.,气候,p.38
textbook_v2024_vocabulary_8_1.md,,8A,Unit 4,ocean,/'əʊʃn/,n.,大海；海洋,p.39
textbook_v2024_vocabulary_8_1.md,,8A,Unit 4,except,/ɪk'sept/,prep.,除……之外；除了,p.39
textbook_v2024_vocabulary_8_1.md,,8A,Unit 4,tiny,/'taɪni/,adj.,极小的；微小的,p.39
textbook_v2024_vocabulary_8_1.md,,8A,Unit 4,lively,/'laɪvli/,adj.,精力充沛的；生机勃勃的,p.39
textbook_v2024_vocabulary_8_1.md,,8A,Unit 4,The Arctic Ocean,/ði ɑ:ktɪk 'əʊʃn/,,北冰洋,p.39
textbook_v2024_vocabulary_8_1.md,,8A,Unit 4,Billy,/'bɪli/,,比利,p.39
textbook_v2024_vocabulary_8_1.md,,8A,Unit 5,pepper,/'pepə(r)/,n.,胡椒粉；菜椒,p.42
textbook_v2024_vocabulary_8_1.md,,8A,Unit 5,cut up,,,切碎；剁碎,p.42
textbook_v2024_vocabulary_8_1.md,,8A,Unit 5,mix,/mɪks/,v. n.,v. （使）混合；融合 n. 混合；混合物,p.42
textbook_v2024_vocabulary_8_1.md,,8A,Unit 5,bake,/beɪk/,v.,烘烤,p.42
textbook_v2024_vocabulary_8_1.md,,8A,Unit 5,oven,/'ʌvn/,n.,烤箱；烤炉,p.42
textbook_v2024_vocabulary_8_1.md,,8A,Unit 5,pour sth into sth,,,将……倒入……,p.42
textbook_v2024_vocabulary_8_1.md,,8A,Unit 5,flour,/'flaʊə(r)/,n.,面粉,p.42
textbook_v2024_vocabulary_8_1.md,,8A,Unit 5,boil,/bɔɪl/,v. n.,v. 沸腾；烧开 n. 沸腾；沸点,p.42
textbook_v2024_vocabulary_8_1.md,,8A,Unit 5,butter,/'bʌtə(r)/,n.,黄油,p.42
textbook_v2024_vocabulary_8_1.md,,8A,Unit 5,cheese,/tʃi:z/,n.,奶酪；干酪,p.42
textbook_v2024_vocabulary_8_1.md,,8A,Unit 5,cut sth in / into sth,,,将……切成……,p.42
textbook_v2024_vocabulary_8_1.md,,8A,Unit 5,tablespoon,/'teɪblspu:n/,n.,一汤匙（的量）；餐匙；汤匙,p.42
textbook_v2024_vocabulary_8_1.md,,8A,Unit 5,mash,/mæʃ/,v.,捣烂；捣碎,p.42
textbook_v2024_vocabulary_8_1.md,,8A,Unit 5,mashed /mæʃt/ potatoes,,,土豆泥,p.42
textbook_v2024_vocabulary_8_1.md,,8A,Unit 5,stir-fry,/stɜ:fraɪ/,v.,翻炒；炒,p.43
textbook_v2024_vocabulary_8_1.md,,8A,Unit 5,do with,,,处理,p.43
textbook_v2024_vocabulary_8_1.md,,8A,Unit 5,bowl,/bəʊl/,n.,碗；钵；盆,p.43
textbook_v2024_vocabulary_8_1.md,,8A,Unit 5,heat,/hi:t/,v. n.,v. 加热；变热 n. 热；温度；炎热天气,p.43
textbook_v2024_vocabulary_8_1.md,,8A,Unit 5,oil,/ɔɪl/,n. v.,n. 食用油；石油；燃油 v. 给……加油,p.43
textbook_v2024_vocabulary_8_1.md,,8A,Unit 5,pan,/pæn/,n.,平底锅；烤盘,p.43
textbook_v2024_vocabulary_8_1.md,,8A,Unit 5,put sth back,,,将……放回,p.43
textbook_v2024_vocabulary_8_1.md,,8A,Unit 5,mix ... with ...,,,（使）……和……混合,p.43
textbook_v2024_vocabulary_8_1.md,,8A,Unit 5,simple,/'sɪmpl/,adj.,简单的；朴素的,p.43
textbook_v2024_vocabulary_8_1.md,,8A,Unit 5,ingredient,/ɪn'gri:diənt/,n.,食材；成分,p.44
textbook_v2024_vocabulary_8_1.md,,8A,Unit 5,instruction,/ɪn'strʌkʃn/,n. (pl.),用法说明；操作指南,p.44
textbook_v2024_vocabulary_8_1.md,,8A,Unit 5,steamed fish,,,清蒸鱼,p.44
textbook_v2024_vocabulary_8_1.md,,8A,Unit 5,sour,/'saʊə(r)/,adj.,酸的；有酸味的,p.44
textbook_v2024_vocabulary_8_1.md,,8A,Unit 5,hot and sour soup,,,酸辣汤,p.44
textbook_v2024_vocabulary_8_1.md,,8A,Unit 5,mess,/mes/,n.,脏乱；凌乱,p.45
textbook_v2024_vocabulary_8_1.md,,8A,Unit 5,pretty,/'prɪti/,adj. adv.,adj. 漂亮的；美丽的 adv. 相当；十分；非常,p.45
textbook_v2024_vocabulary_8_1.md,,8A,Unit 5,Christmas,/'krɪsməs/,n.,圣诞节,p.45
textbook_v2024_vocabulary_8_1.md,,8A,Unit 5,pancake,/'pænkeɪk/,n.,烙饼；薄饼,p.45
textbook_v2024_vocabulary_8_1.md,,8A,Unit 5,dream,/dri:m/,n. v.,n. 梦想；梦 v. (dreamt /dremt/ or dreamed) 做梦；梦见；梦想,p.45
textbook_v2024_vocabulary_8_1.md,,8A,Unit 5,university,"/,ju:nɪ'vɜ:səti/",n.,（综合性）大学；高等学府,p.45
textbook_v2024_vocabulary_8_1.md,,8A,Unit 5,go boating,,,去划船,p.45
textbook_v2024_vocabulary_8_1.md,,8A,Unit 5,memory,/'meməri/,n.,回忆；记忆,p.46
textbook_v2024_vocabulary_8_1.md,,8A,Unit 5,visible,/'vɪzəbl/,adj.,看得见的；可见的,p.46
textbook_v2024_vocabulary_8_1.md,,8A,Unit 5,along with sb/sth,,,除……以外（还）；与……同样地,p.46
textbook_v2024_vocabulary_8_1.md,,8A,Unit 5,pumpkin,/'pʌmpkɪn/,n.,南瓜,p.46
textbook_v2024_vocabulary_8_1.md,,8A,Unit 5,pie,/paɪ/,n.,果馅饼；肉馅饼,p.46
textbook_v2024_vocabulary_8_1.md,,8A,Unit 5,warm up,,,（使）活跃起来；热身；预热,p.46
textbook_v2024_vocabulary_8_1.md,,8A,Unit 5,cinnamon,/'sɪnəmən/,n.,肉桂皮；桂皮香料,p.46
textbook_v2024_vocabulary_8_1.md,,8A,Unit 5,fill ... with ...,,,（使）充满；（使）填满,p.46
textbook_v2024_vocabulary_8_1.md,,8A,Unit 5,sweetness,/'swi:tnəs/,n.,甜；芬芳；愉悦,p.46
textbook_v2024_vocabulary_8_1.md,,8A,Unit 5,college,/'kɒlɪdʒ/,n.,学院；大学,p.46
textbook_v2024_vocabulary_8_1.md,,8A,Unit 5,host,/həʊst/,n. v.,n. 主人；东道主 v. 主办；主持（活动）,p.46
textbook_v2024_vocabulary_8_1.md,,8A,Unit 5,hostess,/'həʊstəs/,n.,女主人；女房东,p.46
textbook_v2024_vocabulary_8_1.md,,8A,Unit 5,recipe,/'resəpi/,n.,食谱；烹饪法,p.46
textbook_v2024_vocabulary_8_1.md,,8A,Unit 5,cream,/kri:m/,n.,奶油；护肤霜,p.46
textbook_v2024_vocabulary_8_1.md,,8A,Unit 5,crust,/krʌst/,n.,糕饼酥皮；面包皮,p.46
textbook_v2024_vocabulary_8_1.md,,8A,Unit 5,mixture,/'mɪkstʃə(r)/,n.,混合物；结合体,p.46
textbook_v2024_vocabulary_8_1.md,,8A,Unit 5,least,/li:st/,adv. & pron.,最小；最少,p.46
textbook_v2024_vocabulary_8_1.md,,8A,Unit 5,at least,,,至少,p.46
textbook_v2024_vocabulary_8_1.md,,8A,Unit 5,secret,/'si:krət/,n. adj.,n. 诀窍；秘密 adj. 秘密的；隐秘的,p.47
textbook_v2024_vocabulary_8_1.md,,8A,Unit 5,according to,/ə'kɔ:dɪŋ tə/,,根据；依照,p.47
textbook_v2024_vocabulary_8_1.md,,8A,Unit 5,whenever,/wen'evə(r)/,adv. & conj.,在任何……的时候；无论何时,p.47
textbook_v2024_vocabulary_8_1.md,,8A,Unit 5,item,/'aɪtəm/,n.,项目；条,p.48
textbook_v2024_vocabulary_8_1.md,,8A,Unit 5,spaghetti,/spə'geti/,n.,意大利细面条,p.48
textbook_v2024_vocabulary_8_1.md,,8A,Unit 5,spoon,/spu:n/,n.,匙,p.48
textbook_v2024_vocabulary_8_1.md,,8A,Unit 5,spoonful,/'spu:nfʊl/,n.,一匙的量；勺,p.48
textbook_v2024_vocabulary_8_1.md,,8A,Unit 5,slice,/slaɪs/,n. v.,n. 薄片；片 v. 把……切成薄片；切；割,p.48
textbook_v2024_vocabulary_8_1.md,,8A,Unit 5,couple,/'kʌpl/,n.,夫妻；情侣；两人,p.49
textbook_v2024_vocabulary_8_1.md,,8A,Unit 5,island,/'aɪlənd/,n.,岛,p.49
textbook_v2024_vocabulary_8_1.md,,8A,Unit 5,wife,/waɪf/,n. (pl. wives /waɪvz/),妻子,p.49
textbook_v2024_vocabulary_8_1.md,,8A,Unit 5,separate,/'seprət/,adj. v.,adj. 单独的；分开的 v. /'sepəreɪt/（使）分开；（使）分离,p.49
textbook_v2024_vocabulary_8_1.md,,8A,Unit 5,born,/bɔ:n/,v.,出生；出世,p.49
textbook_v2024_vocabulary_8_1.md,,8A,Unit 5,one by one,,,逐个地；逐一地,p.49
textbook_v2024_vocabulary_8_1.md,,8A,Unit 5,Thanksgiving,"/,θæŋks'gɪvɪŋ/",n.,感恩节,p.46
textbook_v2024_vocabulary_8_1.md,,8A,Unit 5,Guoqiao Rice Noodles,,,过桥米线,p.49
textbook_v2024_vocabulary_8_1.md,,8A,Unit 6,yourself,/jɔ:'self/,pron.,你自己,p.51
textbook_v2024_vocabulary_8_1.md,,8A,Unit 6,yourselves,/jɔ:'selvz/,pron. (pl. yourself),您自己,p.51
textbook_v2024_vocabulary_8_1.md,,8A,Unit 6,engineer,"/,endʒɪ'nɪə(r)/",n.,工程师；技师,p.52
textbook_v2024_vocabulary_8_1.md,,8A,Unit 6,fashion,/'fæʃn/,n.,时装业；时尚,p.52
textbook_v2024_vocabulary_8_1.md,,8A,Unit 6,designer,/dɪ'zaɪnə(r)/,n.,设计师,p.52
textbook_v2024_vocabulary_8_1.md,,8A,Unit 6,director,/də'rektə(r); daɪ'rektə(r)/,n.,导演；主任；董事,p.52
textbook_v2024_vocabulary_8_1.md,,8A,Unit 6,musician,/mju:'zɪʃn/,n.,音乐家；乐师,p.52
textbook_v2024_vocabulary_8_1.md,,8A,Unit 6,fireman,/'faɪəmən/,n. (pl. firemen),消防队员,p.52
textbook_v2024_vocabulary_8_1.md,,8A,Unit 6,AI,"/,eɪ 'aɪ/ (= artificial intelligence)",n.,人工智能,p.52
textbook_v2024_vocabulary_8_1.md,,8A,Unit 6,essay,/'eseɪ/,n.,小品文；文章,p.53
textbook_v2024_vocabulary_8_1.md,,8A,Unit 6,classic,/'klæsɪk/,n. adj.,n. 经典作品；名著 adj. 最优秀的；古典的,p.53
textbook_v2024_vocabulary_8_1.md,,8A,Unit 6,keep on doing sth,,,继续做；反复做,p.53
textbook_v2024_vocabulary_8_1.md,,8A,Unit 6,make sure,,,确保；保证,p.53
textbook_v2024_vocabulary_8_1.md,,8A,Unit 6,try one's best,,,尽最大努力,p.53
textbook_v2024_vocabulary_8_1.md,,8A,Unit 6,literature,/'lɪtrətʃə(r)/,n.,文学；文献,p.54
textbook_v2024_vocabulary_8_1.md,,8A,Unit 6,athlete,/'æθli:t/,n.,运动员,p.54
textbook_v2024_vocabulary_8_1.md,,8A,Unit 6,photographer,/fə'tɒgrəfə(r)/,n.,摄影师；拍照者,p.54
textbook_v2024_vocabulary_8_1.md,,8A,Unit 6,painter,/'peɪntə(r)/,n.,画家；油漆匠,p.54
textbook_v2024_vocabulary_8_1.md,,8A,Unit 6,businessman,/'bɪznəsmən/,n.,商界人士；企业家,p.54
textbook_v2024_vocabulary_8_1.md,,8A,Unit 6,actress,/'æktrəs/,n.,女演员,p.54
textbook_v2024_vocabulary_8_1.md,,8A,Unit 6,lawyer,/'lɔ:jə(r)/,n.,律师,p.54
textbook_v2024_vocabulary_8_1.md,,8A,Unit 6,law,/lɔ:/,n.,法律；法规,p.54
textbook_v2024_vocabulary_8_1.md,,8A,Unit 6,bath,/bɑ:θ/,n.,洗澡；浴缸,p.55
textbook_v2024_vocabulary_8_1.md,,8A,Unit 6,miss,/mɪs/,v.,想念；错过,p.55
textbook_v2024_vocabulary_8_1.md,,8A,Unit 6,be tired of,,,对……感到厌倦,p.55
textbook_v2024_vocabulary_8_1.md,,8A,Unit 6,able,/'eɪbl/,adj.,能够；有才能的,p.56
textbook_v2024_vocabulary_8_1.md,,8A,Unit 6,stick,/stɪk/,v. n.,v. (stuck /stʌk/) 粘贴；将……刺入 n. 枝条；棍,p.56
textbook_v2024_vocabulary_8_1.md,,8A,Unit 6,stick to sth,,,坚持；维持,p.56
textbook_v2024_vocabulary_8_1.md,,8A,Unit 6,resolution,"/,rezə'lu:ʃn/",n.,决定；决议,p.56
textbook_v2024_vocabulary_8_1.md,,8A,Unit 6,have ( ... ) to do with sb / sth,,,与……有关系,p.56
textbook_v2024_vocabulary_8_1.md,,8A,Unit 6,mini-goal,"/'mɪni,gəʊl/",n.,小目标,p.56
textbook_v2024_vocabulary_8_1.md,,8A,Unit 6,achieve,/ə'tʃi:v/,v.,（经过努力）达到；完成,p.56
textbook_v2024_vocabulary_8_1.md,,8A,Unit 6,physical,/'fɪzɪkl/,adj.,身体的；物质的,p.56
textbook_v2024_vocabulary_8_1.md,,8A,Unit 6,health,/helθ/,n.,健康,p.56
textbook_v2024_vocabulary_8_1.md,,8A,Unit 6,healthily,/'helθɪli/,adv.,健康地,p.56
textbook_v2024_vocabulary_8_1.md,,8A,Unit 6,take up,,,开始学；开始从事,p.56
textbook_v2024_vocabulary_8_1.md,,8A,Unit 6,photography,/fə'tɒgrəfi/,n.,照相术；摄影,p.56
textbook_v2024_vocabulary_8_1.md,,8A,Unit 6,self-improvement,"/,selfɪm'pru:vmənt/",n.,自我改进；自我提高,p.56
textbook_v2024_vocabulary_8_1.md,,8A,Unit 6,confident,/'kɒnfɪdənt/,adj.,自信的；肯定的,p.56
textbook_v2024_vocabulary_8_1.md,,8A,Unit 6,organized,/'ɔ:gənaɪzd/ (= organised),adj.,有条理的；有组织的,p.56
textbook_v2024_vocabulary_8_1.md,,8A,Unit 6,wisely,/'waɪzli/,adv.,聪明地；明智地,p.56
textbook_v2024_vocabulary_8_1.md,,8A,Unit 6,possible,/'pɒsəbl/,adj.,可能的；合理的,p.56
textbook_v2024_vocabulary_8_1.md,,8A,Unit 6,paragraph,/'pærəgrɑ:f/,n.,段落,p.57
textbook_v2024_vocabulary_8_1.md,,8A,Unit 6,introduce,"/,ɪntrə'dju:s/",v.,介绍；引进,p.57
textbook_v2024_vocabulary_8_1.md,,8A,Unit 6,meaning,/'mi:nɪŋ/,n.,意义；含义,p.57
textbook_v2024_vocabulary_8_1.md,,8A,Unit 6,fail,/feɪl/,v.,未能（做到）；失败,p.57
textbook_v2024_vocabulary_8_1.md,,8A,Unit 6,ahead,/ə'hed/,adv.,提前；在前面,p.57
textbook_v2024_vocabulary_8_1.md,,8A,Unit 6,put out,,,扑灭；把……撰好,p.58
textbook_v2024_vocabulary_8_1.md,,8A,Unit 6,design,/dɪ'zaɪn/,v. n.,v. 设计；计划 n. 设计；花纹,p.58
textbook_v2024_vocabulary_8_1.md,,8A,Unit 6,bridge,/brɪdʒ/,n.,桥,p.58
textbook_v2024_vocabulary_8_1.md,,8A,Unit 6,final,/'faɪnl/,adj. n.,adj. 最后的；最终的 n. 决赛,p.58
textbook_v2024_vocabulary_8_1.md,,8A,Unit 6,confidence,/'kɒnfɪdəns/,n.,信心；信任,p.58
textbook_v2024_vocabulary_8_1.md,,8A,Unit 6,draw to a close,,,即将结束；即将完成,p.59
textbook_v2024_vocabulary_8_1.md,,8A,Unit 6,form,/fɔ:m/,v. n.,v. （使）形成；组成 n. 类型；形式；表格,p.59
textbook_v2024_vocabulary_8_1.md,,8A,Unit 6,relationship,/rɪ'leɪʃnʃɪp/,n.,关系；联系,p.59
textbook_v2024_vocabulary_8_1.md,,8A,Unit 6,push-up,/'pʊʃʌp/,n.,俯卧撑,p.59
textbook_v2024_vocabulary_8_1.md,,8A,Unit 6,energetic,"/,enə'dʒetɪk/",adj.,精力充沛的；充满活力的,p.59
textbook_v2024_vocabulary_8_1.md,,8A,Unit 6,last but not least,,,最后但同等重要的,p.59
textbook_v2024_vocabulary_8_1.md,,8A,Unit 6,Jason,/'dʒeɪsən/,,贾森,p.52
textbook_v2024_vocabulary_8_1.md,,8A,Unit 6,Tina,/'ti:nə/,,蒂娜,p.52
textbook_v2024_vocabulary_8_1.md,,8A,Unit 7,prediction,/prɪ'dɪkʃn/,n.,预测；预言,p.62
textbook_v2024_vocabulary_8_1.md,,8A,Unit 7,outer,/'aʊtə(r)/,adj.,外围的；外表的,p.62
textbook_v2024_vocabulary_8_1.md,,8A,Unit 7,outer space,,,太空；外层空间,p.62
textbook_v2024_vocabulary_8_1.md,,8A,Unit 7,worse,/wɜ:s/,adj. adv.,adj. (bad 的比较级) 更差的；更糟的；更坏的 adv. (badly 的比较级) 更差；更糟；更坏,p.62
textbook_v2024_vocabulary_8_1.md,,8A,Unit 7,take over,,,接管；接收,p.62
textbook_v2024_vocabulary_8_1.md,,8A,Unit 7,sci-fi,/'saɪ faɪ/ (= science fiction),n.,科幻小说（或影片等）,p.62
textbook_v2024_vocabulary_8_1.md,,8A,Unit 7,ticket,/'tɪkɪt/,n.,票；券,p.62
textbook_v2024_vocabulary_8_1.md,,8A,Unit 7,positive,/'pɒzətɪv/,adj.,乐观的；积极的；良好的,p.62
textbook_v2024_vocabulary_8_1.md,,8A,Unit 7,traffic,/'træfɪk/,n.,交通；运输,p.63
textbook_v2024_vocabulary_8_1.md,,8A,Unit 7,technology,/tek'nɒlədʒi/,n.,科技；工艺,p.63
textbook_v2024_vocabulary_8_1.md,,8A,Unit 7,video,/'vɪdiəʊ/,n.,视频；录像系统,p.63
textbook_v2024_vocabulary_8_1.md,,8A,Unit 7,transport,/'trænspɔ:t/,n. v.,n. 交通运输系统；旅行方式 v. /træn'spɔ:t/ 运输；运送,p.63
textbook_v2024_vocabulary_8_1.md,,8A,Unit 7,system,/'sɪstəm/,n.,系统,p.63
textbook_v2024_vocabulary_8_1.md,,8A,Unit 7,efficient,/ɪ'fɪʃnt/,adj.,效率高的；有功效的,p.63
textbook_v2024_vocabulary_8_1.md,,8A,Unit 7,education,"/,edʒu'keɪʃn/",n.,教育,p.64
textbook_v2024_vocabulary_8_1.md,,8A,Unit 7,length,/leŋθ/,n.,时长；长度,p.64
textbook_v2024_vocabulary_8_1.md,,8A,Unit 7,topic,/'tɒpɪk/,n.,话题；题目；标题,p.64
textbook_v2024_vocabulary_8_1.md,,8A,Unit 7,partner,/'pɑ:tnə(r)/,n.,搭档；同伴,p.64
textbook_v2024_vocabulary_8_1.md,,8A,Unit 7,shall,/ʃəl; ʃæl/,modal v.,(should /ʃʊd/) 将要；将会,p.65
textbook_v2024_vocabulary_8_1.md,,8A,Unit 7,pass,/pɑ:s/,v. n.,v. 及格；通过 n. 及格；通行证,p.65
textbook_v2024_vocabulary_8_1.md,,8A,Unit 7,winner,/'wɪnə(r)/,n.,优胜者；成功者,p.65
textbook_v2024_vocabulary_8_1.md,,8A,Unit 7,cure,/kjʊə(r)/,v. n.,v. 治愈；治好 n. 药物；疗法,p.65
textbook_v2024_vocabulary_8_1.md,,8A,Unit 7,cancer,/'kænsə(r)/,n.,癌症,p.65
textbook_v2024_vocabulary_8_1.md,,8A,Unit 7,concert,/'kɒnsət/,n.,音乐会；演奏会,p.65
textbook_v2024_vocabulary_8_1.md,,8A,Unit 7,cash,/kæʃ/,n.,现金；金钱,p.65
textbook_v2024_vocabulary_8_1.md,,8A,Unit 7,wallet,/'wɒlɪt/,n.,钱包；皮夹,p.65
textbook_v2024_vocabulary_8_1.md,,8A,Unit 7,guest,/gest/,n.,客人；宾客,p.66
textbook_v2024_vocabulary_8_1.md,,8A,Unit 7,chief,/tʃi:f/,adj. n.,adj. 首要的；最重要的 n. 首领；酋长,p.66
textbook_v2024_vocabulary_8_1.md,,8A,Unit 7,researcher,/rɪ'sɜ:tʃə(r)/,n.,研究者；探索者,p.66
textbook_v2024_vocabulary_8_1.md,,8A,Unit 7,research,/rɪ'sɜ:tʃ/,n. & v.,研究；调查,p.66
textbook_v2024_vocabulary_8_1.md,,8A,Unit 7,futurist,/'fju:tʃərɪst/,n.,未来学家,p.66
textbook_v2024_vocabulary_8_1.md,,8A,Unit 7,everywhere,/'evriweə(r)/,"adv., pron. & conj.",到处；所有地方,p.66
textbook_v2024_vocabulary_8_1.md,,8A,Unit 7,robotics,/rəʊ'bɒtɪks/,n.,机器人学,p.66
textbook_v2024_vocabulary_8_1.md,,8A,Unit 7,industry,/'ɪndəstri/,n.,行业；工业,p.66
textbook_v2024_vocabulary_8_1.md,,8A,Unit 7,service,/'sɜ:vɪs/,n.,服务；公共服务,p.66
textbook_v2024_vocabulary_8_1.md,,8A,Unit 7,disaster,/dɪ'zɑ:stə(r)/,n.,灾难；不幸,p.66
textbook_v2024_vocabulary_8_1.md,,8A,Unit 7,emergency,/ɪ'mɜ:dʒənsi/,n.,突发事件；紧急情况,p.66
textbook_v2024_vocabulary_8_1.md,,8A,Unit 7,disappear,"/,dɪsə'pɪə(r)/",v.,消失；不见,p.66
textbook_v2024_vocabulary_8_1.md,,8A,Unit 7,challenging,/'tʃælɪndʒɪŋ/,adj.,挑战性的,p.66
textbook_v2024_vocabulary_8_1.md,,8A,Unit 7,pilot,/'paɪlət/,n.,飞行员；领航员,p.66
textbook_v2024_vocabulary_8_1.md,,8A,Unit 7,expert,/'ekspɜ:t/,n. adj.,n. 专家；行家 adj. 熟练的；内行的,p.66
textbook_v2024_vocabulary_8_1.md,,8A,Unit 7,replace,/rɪ'pleɪs/,v.,代替；取代,p.66
textbook_v2024_vocabulary_8_1.md,,8A,Unit 7,creativity,"/,kri:eɪ'tɪvəti/",n.,创造力,p.66
textbook_v2024_vocabulary_8_1.md,,8A,Unit 7,emotional,/ɪ'məʊʃənl/,adj.,情感的；情绪的,p.66
textbook_v2024_vocabulary_8_1.md,,8A,Unit 7,intelligence,/ɪn'telɪdʒəns/,n.,智力；智慧,p.66
textbook_v2024_vocabulary_8_1.md,,8A,Unit 7,emotional intelligence,,,情绪智力,p.66
textbook_v2024_vocabulary_8_1.md,,8A,Unit 7,mention,/'menʃn/,v.,提到；写到,p.66
textbook_v2024_vocabulary_8_1.md,,8A,Unit 7,refrigerator,/rɪ'frɪdʒəreɪtə(r)/,n. (= fridge /frɪdʒ/),冰箱,p.66
textbook_v2024_vocabulary_8_1.md,,8A,Unit 7,low,/ləʊ/,adj. adv. n.,adj. 低的；矮的 adv. 向……底部；低 n. 低水平；低谷,p.66
textbook_v2024_vocabulary_8_1.md,,8A,Unit 7,run low (on sth),,,即将用尽；快用完,p.66
textbook_v2024_vocabulary_8_1.md,,8A,Unit 7,accept,/ək'sept/,v.,接受；相信,p.66
textbook_v2024_vocabulary_8_1.md,,8A,Unit 7,influence,/'ɪnfluəns/,n. v.,n. 影响；作用 v. 影响；对……起作用,p.66
textbook_v2024_vocabulary_8_1.md,,8A,Unit 7,creative,/kri'eɪtɪv/,adj.,创造性的；创作的,p.67
textbook_v2024_vocabulary_8_1.md,,8A,Unit 7,impossible,/ɪm'pɒsəbl/,adj.,不可能的,p.67
textbook_v2024_vocabulary_8_1.md,,8A,Unit 7,quality,/'kwɒləti/,n.,素质；素质；质量；品质,p.67
textbook_v2024_vocabulary_8_1.md,,8A,Unit 7,develop,/dɪ'veləp/,v.,增强；发展；开发,p.67
textbook_v2024_vocabulary_8_1.md,,8A,Unit 7,German,/'dʒɜ:mən/,n. adj.,n. 德语；德国人 adj. 德国的,p.67
textbook_v2024_vocabulary_8_1.md,,8A,Unit 7,valuable,/'væljuəbl/,adj.,很有用的；宝贵的,p.68
textbook_v2024_vocabulary_8_1.md,,8A,Unit 7,public,/'pʌblɪk/,adj. n.,adj. 公共的；公众的 n. 公众,p.68
textbook_v2024_vocabulary_8_1.md,,8A,Unit 7,medical,/'medɪkl/,adj.,医学的；医疗的,p.68
textbook_v2024_vocabulary_8_1.md,,8A,Unit 7,challenge,/'tʃælɪndʒ/,v. n.,v. 向（某人）挑战；对……怀疑 n. 挑战；质疑,p.68
textbook_v2024_vocabulary_8_1.md,,8A,Unit 7,task,/tɑ:sk/,n.,任务；工作,p.68
textbook_v2024_vocabulary_8_1.md,,8A,Unit 7,depend,/dɪ'pend/,v.,取决于；依靠,p.68
textbook_v2024_vocabulary_8_1.md,,8A,Unit 7,depend on / upon,,,取决于；依靠,p.68
textbook_v2024_vocabulary_8_1.md,,8A,Unit 7,come over,,,来访；拜访,p.69
textbook_v2024_vocabulary_8_1.md,,8A,Unit 7,as long as,,,只要,p.69
textbook_v2024_vocabulary_8_1.md,,8A,Unit 7,Jennifer,/'dʒenɪfə/,,珍妮弗,p.63
textbook_v2024_vocabulary_8_1.md,,8A,Unit 7,Harry,/'hæri/,,哈里；哈丽,p.65
textbook_v2024_vocabulary_8_1.md,,8A,Unit 7,Asimov,/'æzɪmɒf/,,阿西莫夫,p.68
textbook_v2024_vocabulary_8_1.md,,8A,Unit 7,France,/frɑ:ns/,,法国,p.69
textbook_v2024_vocabulary_8_1.md,,8A,Unit 7,Mandy,/'mændi/,,曼迪,p.69
textbook_v2024_vocabulary_8_1.md,,8A,Unit 8,communication,"/kə,mju:nɪ'keɪʃn/",n.,表达；交流,p.71
textbook_v2024_vocabulary_8_1.md,,8A,Unit 8,face to face,,,面对面,p.72
textbook_v2024_vocabulary_8_1.md,,8A,Unit 8,text message,,,（手机）短信；短信息,p.72
textbook_v2024_vocabulary_8_1.md,,8A,Unit 8,sign,/saɪn/,n. v.,n. 手势；迹象；标志 v. 签（名）；签字,p.72
textbook_v2024_vocabulary_8_1.md,,8A,Unit 8,speaker,/'spi:kə(r)/,n.,说话者；发言者,p.72
textbook_v2024_vocabulary_8_1.md,,8A,Unit 8,rehearsal,/rɪ'hɜ:sl/,n.,排练；排演,p.72
textbook_v2024_vocabulary_8_1.md,,8A,Unit 8,show sb around,,,领某人参观,p.72
textbook_v2024_vocabulary_8_1.md,,8A,Unit 8,local,/'ləʊkl/,adj. n.,adj. 当地的；地方的 n. 当地人；本地人,p.72
textbook_v2024_vocabulary_8_1.md,,8A,Unit 8,face-to-face,,adj.,面对面的,p.73
textbook_v2024_vocabulary_8_1.md,,8A,Unit 8,professor,/prə'fesə(r)/,n.,教授,p.73
textbook_v2024_vocabulary_8_1.md,,8A,Unit 8,speech,/spi:tʃ/,n.,演说；发言,p.73
textbook_v2024_vocabulary_8_1.md,,8A,Unit 8,argue,/'ɑ:gju:/,v.,争论；争吵,p.73
textbook_v2024_vocabulary_8_1.md,,8A,Unit 8,make up (with sb),,,（与……）言归于好,p.73
textbook_v2024_vocabulary_8_1.md,,8A,Unit 8,in person,,,亲自；亲身,p.73
textbook_v2024_vocabulary_8_1.md,,8A,Unit 8,prefer,/prɪ'fɜ:(r)/,v.,较喜欢,p.73
textbook_v2024_vocabulary_8_1.md,,8A,Unit 8,calm,/kɑ:m/,adj. v.,adj. 镇静的；沉着的 v. 使平静；使镇静,p.73
textbook_v2024_vocabulary_8_1.md,,8A,Unit 8,worry about,,,为……担心,p.74
textbook_v2024_vocabulary_8_1.md,,8A,Unit 8,expression,/ɪk'spreʃn/,n.,表达方式；表达,p.74
textbook_v2024_vocabulary_8_1.md,,8A,Unit 8,chance,/tʃɑ:ns/,n. adj.,n. 机会；可能性 adj. 意外的；偶然的,p.74
textbook_v2024_vocabulary_8_1.md,,8A,Unit 8,meeting,/'mi:tɪŋ/,n.,会面；会议,p.75
textbook_v2024_vocabulary_8_1.md,,8A,Unit 8,difficulty,/'dɪfɪkəlti/,n.,困难；难题,p.75
textbook_v2024_vocabulary_8_1.md,,8A,Unit 8,right away,,,马上,p.75
textbook_v2024_vocabulary_8_1.md,,8A,Unit 8,line,/laɪn/,n.,字行；便条；线,p.75
textbook_v2024_vocabulary_8_1.md,,8A,Unit 8,drop sb a line,,,给……写信,p.75
textbook_v2024_vocabulary_8_1.md,,8A,Unit 8,detail,/'di:teɪl/,n.,细节；详情,p.75
textbook_v2024_vocabulary_8_1.md,,8A,Unit 8,reunion,"/,ri:'ju:niən/",n.,团聚；重逢；聚会,p.75
textbook_v2024_vocabulary_8_1.md,,8A,Unit 8,seriously,/'sɪəriəsli/,adv.,严肃地；认真地,p.75
textbook_v2024_vocabulary_8_1.md,,8A,Unit 8,training,/'treɪnɪŋ/,n.,训练；培训,p.75
textbook_v2024_vocabulary_8_1.md,,8A,Unit 8,nervous,/'nɜ:vəs/,adj.,担忧的；焦虑的；胆怯的,p.76
textbook_v2024_vocabulary_8_1.md,,8A,Unit 8,stranger,/'streɪndʒə(r)/,n.,陌生人,p.76
textbook_v2024_vocabulary_8_1.md,,8A,Unit 8,tip,/tɪp/,n. v.,n. 指点；实用的提示；尖端 v.（使）倾斜；倒出；给小费,p.76
textbook_v2024_vocabulary_8_1.md,,8A,Unit 8,carefully,/'keəfəli/,adv.,认真地；仔细地；小心地,p.76
textbook_v2024_vocabulary_8_1.md,,8A,Unit 8,show interest in sth,,,对……表现出兴趣,p.76
textbook_v2024_vocabulary_8_1.md,,8A,Unit 8,listener,/'lɪsnə(r)/,n.,听者,p.76
textbook_v2024_vocabulary_8_1.md,,8A,Unit 8,point,/pɔɪnt/,n. v.,n. 观点；重点 v. 指向；瞄准,p.76
textbook_v2024_vocabulary_8_1.md,,8A,Unit 8,surely,/'ʃʊəli/,adv.,想必；必定,p.76
textbook_v2024_vocabulary_8_1.md,,8A,Unit 8,continue,/kən'tɪnju:/,v.,持续；继续做,p.76
textbook_v2024_vocabulary_8_1.md,,8A,Unit 8,impolite,"/,ɪmpə'laɪt/",adj.,不礼貌的；粗鲁的,p.76
textbook_v2024_vocabulary_8_1.md,,8A,Unit 8,personal,/'pɜ:sənl/,adj.,个人的；私人的,p.76
textbook_v2024_vocabulary_8_1.md,,8A,Unit 8,argue with sb,,,与某人争论,p.76
textbook_v2024_vocabulary_8_1.md,,8A,Unit 8,move on (to sth),,,换话题；开始做（别的事）,p.76
textbook_v2024_vocabulary_8_1.md,,8A,Unit 8,sincere,/sɪn'sɪə(r)/,adj.,真诚的；诚实的,p.76
textbook_v2024_vocabulary_8_1.md,,8A,Unit 8,find out,,,查明；弄清（情况）,p.76
textbook_v2024_vocabulary_8_1.md,,8A,Unit 8,pay,/peɪ/,v. (paid /peɪd/) n.,v. 付费；交纳；偿还 n. 工资；薪水,p.76
textbook_v2024_vocabulary_8_1.md,,8A,Unit 8,attention,/ə'tenʃn/,n.,注意；专心；关注,p.76
textbook_v2024_vocabulary_8_1.md,,8A,Unit 8,pay attention (to ...),,,注意；关注,p.76
textbook_v2024_vocabulary_8_1.md,,8A,Unit 8,be yourself,,,行为自然；不做作,p.76
textbook_v2024_vocabulary_8_1.md,,8A,Unit 8,offer,/'ɒfə(r)/,v. n.,v. 提供；主动提出 n. 主动提议；出价,p.76
textbook_v2024_vocabulary_8_1.md,,8A,Unit 8,reasonable,/'ri:znəbl/,adj.,公平的；合理的,p.77
textbook_v2024_vocabulary_8_1.md,,8A,Unit 8,social,/'səʊʃl/,adj. n.,adj. 社会的；社交的 n. 联谊会；联欢会,p.78
textbook_v2024_vocabulary_8_1.md,,8A,Unit 8,medium,/'mi:diəm/,n. (pl. media /'mi:diə/),媒介；手段,p.78
textbook_v2024_vocabulary_8_1.md,,8A,Unit 8,social media,,,社交媒体,p.78
textbook_v2024_vocabulary_8_1.md,,8A,Unit 8,trust,/trʌst/,n. & v.,信任；相信,p.78
textbook_v2024_vocabulary_8_1.md,,8A,Unit 8,keep ( ... ) away from ...,,,（使）远离；避免……靠近,p.78
textbook_v2024_vocabulary_8_1.md,,8A,Unit 8,misunderstanding,"/,mɪsʌndə'stændɪŋ/",n.,误解；误会,p.78
textbook_v2024_vocabulary_8_1.md,,8A,Unit 8,event,/ɪ'vent/,n.,公开活动；重要事情,p.79
textbook_v2024_vocabulary_8_1.md,,8A,Unit 8,take place,,,发生；进行,p.79
textbook_v2024_vocabulary_8_1.md,,8A,Unit 8,cost,/kɒst/,n. v.,n. 费用；价钱；代价 v. 价格为；使损失；使付出努力,p.79
textbook_v2024_vocabulary_8_1.md,,8A,Unit 8,opportunity,"/,ɒpə'tju:nəti/",n.,机会；时机,p.79
textbook_v2024_vocabulary_8_1.md,,8A,Unit 8,benefit,/'benɪfɪt/,v. n.,v. 对……有用；使受益 n. 益处；成效,p.79
textbook_v2024_vocabulary_8_1.md,,8A,Unit 8,benefit ... from ...,,,从……获益,p.79
textbook_v2024_vocabulary_8_1.md,,8A,Unit 8,reply,/rɪ'plaɪ/,n. & v.,回答；回复,p.79
textbook_v2024_vocabulary_8_1.md,,8A,Unit 8,honour,/'ɒnə(r)/ (= honor),n. v.,n. 荣幸；尊敬 v. 给……荣誉；表彰,p.79
textbook_v2024_vocabulary_8_1.md,,8A,Unit 8,sincerely,/sɪn'sɪəli/,adv.,真诚地；诚实地,p.79
textbook_v2024_vocabulary_8_1.md,,8A,Unit 8,opening,/'əʊpənɪŋ/,adj. n.,adj. 开篇的；开始的 n. 开始；孔；洞,p.79
textbook_v2024_vocabulary_8_1.md,,8A,Unit 8,closing,/'kləʊzɪŋ/,adj. n.,adj. 结尾的；结束的 n. 停业；关闭,p.79
textbook_v2024_vocabulary_8_1.md,,8A,Unit 8,sentence,/'sentəns/,n. v.,n. 句子；判决 v. 判决；宣判,p.79
textbook_v2024_vocabulary_8_1.md,,8A,Unit 8,date,/deɪt/,n. v.,n. 日期；日子；约会 v. 确定年代；注明日期,p.79
textbook_v2024_vocabulary_8_1.md,,8A,Unit 8,clause,/klɔ:z/,n.,从句；分句,p.79
textbook_v2024_vocabulary_8_1.md,,8A,Unit 8,Susan,/'su:zən/,,苏珊,p.74
textbook_v2024_vocabulary_8_1.md,,8A,Unit 8,Jones,/dʒəʊnz/,,琼斯,p.79
7b-vocab_1-8.jpg,,7B,Unit 1,fox,/fɒks/,n.,狐狸,p.2
7b-vocab_1-8.jpg,,7B,Unit 1,giraffe,/dʒəˈrɑːf/,n.,长颈鹿,p.2
7b-vocab_1-8.jpg,,7B,Unit 1,eagle,/ˈiːgl/,n.,雕；鹰,p.2
7b-vocab_1-8.jpg,,7B,Unit 1,wolf,/wʊlf/,n.,(pl. wolves /wʊlvz/) 狼,p.2
7b-vocab_1-8.jpg,,7B,Unit 1,penguin,/ˈpeŋgwɪn/,n.,企鹅,p.2
7b-vocab_1-8.jpg,,7B,Unit 1,care,/keə(r)/,n. v.,n. 照顾；护理 v. 关心；在乎,p.2
7b-vocab_1-8.jpg,,7B,Unit 1,take care of,,,照顾；处理,p.2
7b-vocab_1-8.jpg,,7B,Unit 1,sandwich,/ˈsænwɪtʃ; ˈsænwɪdʒ/,n.,三明治,p.3
7b-vocab_1-8.jpg,,7B,Unit 1,snake,/sneɪk/,n.,蛇,p.5
7b-vocab_1-8.jpg,,7B,Unit 1,scary,/ˈskeəri/,adj.,吓人的；恐怖的,p.5
7b-vocab_1-8.jpg,,7B,Unit 1,neck,/nek/,n.,脖子,p.5
7b-vocab_1-8.jpg,,7B,Unit 1,guess,/ges/,v.,猜测；估计,p.5
7b-vocab_1-8.jpg,,7B,Unit 1,shark,/ʃɑːk/,n.,鲨鱼,p.5
7b-vocab_1-8.jpg,,7B,Unit 1,whale,/weɪl/,n.,鲸,p.5
7b-vocab_1-8.jpg,,7B,Unit 1,huge,/hjuːdʒ/,adj.,巨大的；极多的,p.5
7b-vocab_1-8.jpg,,7B,Unit 1,dangerous,/ˈdeɪndʒərəs/,adj.,危险的；有危害的,p.5
7b-vocab_1-8.jpg,,7B,Unit 1,save,/seɪv/,v.,救；储蓄；保存,p.6
7b-vocab_1-8.jpg,,7B,Unit 1,luck,/lʌk/,n.,幸运；运气,p.6
7b-vocab_1-8.jpg,,7B,Unit 1,Thai,/taɪ/,adj. n.,adj. 泰国的；泰国人的 n. 泰国人；泰语,p.6
7b-vocab_1-8.jpg,,7B,Unit 1,trunk,/trʌŋk/,n.,象鼻,p.6
7b-vocab_1-8.jpg,,7B,Unit 1,pick,/pɪk/,v.,捡；摘,p.6
7b-vocab_1-8.jpg,,7B,Unit 1,pick up,,,拿起；举起,p.6
7b-vocab_1-8.jpg,,7B,Unit 1,carry,/ˈkæri/,v.,拿；提,p.6
7b-vocab_1-8.jpg,,7B,Unit 1,playful,/ˈpleɪfl/,adj.,爱嬉戏的；爱玩的,p.6
7b-vocab_1-8.jpg,,7B,Unit 1,swimmer,/ˈswɪmə(r)/,n.,游泳者,p.6
7b-vocab_1-8.jpg,,7B,Unit 1,one another,,,互相,p.6
7b-vocab_1-8.jpg,,7B,Unit 1,look after,,,照顾,p.6
7b-vocab_1-8.jpg,,7B,Unit 1,culture,/ˈkʌltʃə(r)/,n.,文化；文明,p.6
7b-vocab_1-8.jpg,,7B,Unit 1,however,/haʊˈevə(r)/,adv.,然而；不过,p.6
7b-vocab_1-8.jpg,,7B,Unit 1,danger,/ˈdeɪndʒə(r)/,n.,危险,p.6
7b-vocab_1-8.jpg,,7B,Unit 1,in danger,,,处于危险之中,p.6
7b-vocab_1-8.jpg,,7B,Unit 1,forest,/ˈfɒrɪst/,n.,森林,p.6
7b-vocab_1-8.jpg,,7B,Unit 1,cut down,,,砍伐；减少,p.6
7b-vocab_1-8.jpg,,7B,Unit 1,too many,,,太多,p.6
7b-vocab_1-8.jpg,,7B,Unit 1,kill,/kɪl/,v.,杀死；弄死,p.6
7b-vocab_1-8.jpg,,7B,Unit 1,made of,,,由……制成的,p.6
7b-vocab_1-8.jpg,,7B,Unit 1,ivory,/ˈaɪvəri/,n.,象牙,p.6
7b-vocab_1-8.jpg,,7B,Unit 1,friendly,/ˈfrendli/,adj.,友好的,p.7
7b-vocab_1-8.jpg,,7B,Unit 1,quite,/kwaɪt/,adv.,相当；完全,p.7
7b-vocab_1-8.jpg,,7B,Unit 1,quite a,,,相当；非常,p.7
7b-vocab_1-8.jpg,,7B,Unit 1,not … at all,,,一点也不；完全不,p.7
7b-vocab_1-8.jpg,,7B,Unit 1,fur,/fɜː(r)/,n.,（动物浓厚的）软毛,p.7
7b-vocab_1-8.jpg,,7B,Unit 1,blind,/blaɪnd/,adj.,瞎的；失明的,p.7
7b-vocab_1-8.jpg,,7B,Unit 1,hearing,/ˈhɪərɪŋ/,n.,听力；听觉,p.7
7b-vocab_1-8.jpg,,7B,Unit 1,Antarctica,/ænˈtɑːktɪkə/,,南极洲,p.3
7b-vocab_1-8.jpg,,7B,Unit 1,Africa,/ˈæfrɪkə/,,非洲,p.5
7b-vocab_1-8.jpg,,7B,Unit 1,Malee,/mɑːˈliː/,,马莉,p.6
7b-vocab_1-8.jpg,,7B,Unit 1,Thailand,/ˈtaɪlænd/,,泰国,p.6
7b-vocab_1-8.jpg,,7B,Unit 2,rule,/ruːl/,n.,规则；规章,p.9
7b-vocab_1-8.jpg,,7B,Unit 2,order,/ˈɔːdə(r)/,n. v.,n. 秩序；命令 v. 点菜；命令,p.9
7b-vocab_1-8.jpg,,7B,Unit 2,follow,/ˈfɒləʊ/,v.,遵循；跟随,p.10
7b-vocab_1-8.jpg,,7B,Unit 2,late for,,,迟到,p.10
7b-vocab_1-8.jpg,,7B,Unit 2,arrive,/əˈraɪv/,v.,到达,p.10
7b-vocab_1-8.jpg,,7B,Unit 2,on time,,,准时,p.10
7b-vocab_1-8.jpg,,7B,Unit 2,hallway,/ˈhɔːlweɪ/,n.,走廊,p.10
7b-vocab_1-8.jpg,,7B,Unit 2,uniform,/ˈjuːnɪfɔːm/,n.,校服；制服,p.10
7b-vocab_1-8.jpg,,7B,Unit 2,litter,/ˈlɪtə(r)/,v. n.,v. 乱扔 n. 垃圾,p.10
7b-vocab_1-8.jpg,,7B,Unit 2,polite,/pəˈlaɪt/,adj.,有礼貌的,p.10
7b-vocab_1-8.jpg,,7B,Unit 2,treat,/triːt/,v. n.,v. 对待；招待；治疗 n. 款待,p.10
7b-vocab_1-8.jpg,,7B,Unit 2,respect,/rɪˈspekt/,n. & v.,尊敬,p.10
7b-vocab_1-8.jpg,,7B,Unit 2,if,/ɪf/,conj.,如果,p.10
7b-vocab_1-8.jpg,,7B,Unit 2,jacket,/ˈdʒækɪt/,n.,夹克衫；短上衣,p.10
7b-vocab_1-8.jpg,,7B,Unit 2,have to,,,不得不,p.10
7b-vocab_1-8.jpg,,7B,Unit 2,everything,/ˈevriθɪŋ/,pron.,每件事；一切,p.11
7b-vocab_1-8.jpg,,7B,Unit 2,lend,/lend/,v.,借给；借出,p.11
7b-vocab_1-8.jpg,,7B,Unit 2,sweet,/swiːt/,n. adj.,n. 糖果 adj. 甜的,p.11
7b-vocab_1-8.jpg,,7B,Unit 2,snack,/snæk/,n.,点心；小吃,p.11
7b-vocab_1-8.jpg,,7B,Unit 2,of course,/kɔːs/,,当然,p.11
7b-vocab_1-8.jpg,,7B,Unit 2,mobile,/ˈməʊbaɪl/,adj.,可移动的,p.11
7b-vocab_1-8.jpg,,7B,Unit 2,mobile phone,,,手机,p.11
7b-vocab_1-8.jpg,,7B,Unit 2,turn off,,,关掉（水、电或煤气）,p.11
7b-vocab_1-8.jpg,,7B,Unit 2,queue,/kjuː/,n.,队,p.13
7b-vocab_1-8.jpg,,7B,Unit 2,jump the queue,,,插队,p.13
7b-vocab_1-8.jpg,,7B,Unit 2,feed,/fiːd/,v.,喂养；饲养,p.13
7b-vocab_1-8.jpg,,7B,Unit 2,leave,/liːv/,v.,离开；留下,p.13
7b-vocab_1-8.jpg,,7B,Unit 2,absent,/ˈæbsənt/,adj.,缺席的；不在的,p.13
7b-vocab_1-8.jpg,,7B,Unit 2,absent from,,,缺席；不在,p.13
7b-vocab_1-8.jpg,,7B,Unit 2,shh,/ʃ/,(= sh) interj.,嘘（用以让别人安静下来）,p.13
7b-vocab_1-8.jpg,,7B,Unit 2,quietly,/ˈkwaɪətli/,adv.,轻声地；安静地,p.13
7b-vocab_1-8.jpg,,7B,Unit 2,belt,/belt/,n.,安全带；腰带；皮带,p.13
7b-vocab_1-8.jpg,,7B,Unit 2,noise,/nɔɪz/,n.,声音；噪声,p.13
7b-vocab_1-8.jpg,,7B,Unit 2,unhappy,/ʌnˈhæpi/,adj.,不快乐的,p.14
7b-vocab_1-8.jpg,,7B,Unit 2,Dr,(= doctor),,博士；医生,p.14
7b-vocab_1-8.jpg,,7B,Unit 2,make sb's/the bed,,,整理床铺；铺床,p.14
7b-vocab_1-8.jpg,,7B,Unit 2,either,/ˈaɪðə(r); ˈiːðə(r)/,adv.,也（用于否定词组后）,p.14
7b-vocab_1-8.jpg,,7B,Unit 2,practise,/ˈpræktɪs/,v.,训练；练习,p.14
7b-vocab_1-8.jpg,,7B,Unit 2,hang,/hæŋ/,v.,悬挂,p.14
7b-vocab_1-8.jpg,,7B,Unit 2,hang out,,,闲逛；常去某处,p.14
7b-vocab_1-8.jpg,,7B,Unit 2,weekday,/ˈwiːkdeɪ/,n.,工作日（星期一至星期五的任何一天）,p.14
7b-vocab_1-8.jpg,,7B,Unit 2,awful,/ˈɔːfl/,adj.,糟糕的；讨厌的,p.14
7b-vocab_1-8.jpg,,7B,Unit 2,become,/bɪˈkʌm/,v.,变成；成为,p.14
7b-vocab_1-8.jpg,,7B,Unit 2,better,/ˈbetə(r)/,adj. adv.,adj. 较好的 adv. 较好地,p.14
7b-vocab_1-8.jpg,,7B,Unit 2,person,/ˈpɜːsn/,n.,人,p.14
7b-vocab_1-8.jpg,,7B,Unit 2,focus,/ˈfəʊkəs/,v.,集中（注意力、精力等）；聚焦,p.14
7b-vocab_1-8.jpg,,7B,Unit 2,focus on,,,集中（注意力、精力等）于,p.14
7b-vocab_1-8.jpg,,7B,Unit 2,build,/bɪld/,v.,创建；建造,p.14
7b-vocab_1-8.jpg,,7B,Unit 2,spirit,/ˈspɪrɪt/,n.,精神；情绪,p.14
7b-vocab_1-8.jpg,,7B,Unit 2,think about,,,思考；考虑,p.14
7b-vocab_1-8.jpg,,7B,Unit 2,relax,/rɪˈlæks/,v.,放松；休息,p.14
7b-vocab_1-8.jpg,,7B,Unit 2,advice,/ədˈvaɪs/,n.,建议；意见,p.15
7b-vocab_1-8.jpg,,7B,Unit 2,understand,/ˌʌndəˈstænd/,v.,理解；领会,p.15
7b-vocab_1-8.jpg,,7B,Unit 2,untidy,/ʌnˈtaɪdi/,adj.,不整洁的,p.15
7b-vocab_1-8.jpg,,7B,Unit 2,Mary,/ˈmeəri/,,玛丽,p.10
7b-vocab_1-8.jpg,,7B,Unit 2,Tony,/ˈtəʊni/,,托尼,p.10
7b-vocab_1-8.jpg,,7B,Unit 2,Anne,/æn/,,安妮,p.11
7b-vocab_1-8.jpg,,7B,Unit 2,Eric,/ˈerɪk/,,埃里克,p.15
7b-vocab_1-8.jpg,,7B,Unit 3,fit,/fɪt/,adj. v.,adj. 健康的；健壮的 v. 适合,p.17
7b-vocab_1-8.jpg,,7B,Unit 3,baseball,/ˈbeɪsbɔːl/,n.,棒球（运动）,p.18
7b-vocab_1-8.jpg,,7B,Unit 3,glove,/glʌv/,n.,（手指分开的）手套,p.18
7b-vocab_1-8.jpg,,7B,Unit 3,mat,/mæt/,n.,（运动用的）垫子,p.18
7b-vocab_1-8.jpg,,7B,Unit 3,rope,/rəʊp/,n.,绳子；粗绳,p.18
7b-vocab_1-8.jpg,,7B,Unit 3,jump rope,,,跳绳用的绳子；跳绳（运动）,p.18
7b-vocab_1-8.jpg,,7B,Unit 3,racket,/ˈrækɪt/,n.,（网球、羽毛球等的）球拍,p.18
7b-vocab_1-8.jpg,,7B,Unit 3,hardly,/ˈhɑːdli/,adv.,几乎不；几乎没有,p.18
7b-vocab_1-8.jpg,,7B,Unit 3,ever,/ˈevə(r)/,adv.,在任何时候；从来；曾经,p.18
7b-vocab_1-8.jpg,,7B,Unit 3,hardly ever,,,几乎从不,p.18
7b-vocab_1-8.jpg,,7B,Unit 3,once,/wʌns/,adv. conj.,adv. 一次；曾经 conj. 一旦,p.18
7b-vocab_1-8.jpg,,7B,Unit 3,twice,/twaɪs/,adv.,两次；两倍,p.18
7b-vocab_1-8.jpg,,7B,Unit 3,mine,/maɪn/,pron.,我的（所有物）,p.19
7b-vocab_1-8.jpg,,7B,Unit 3,hers,/hɜːz; ɜːz/,pron.,她的（所有物）,p.19
7b-vocab_1-8.jpg,,7B,Unit 3,maybe,/ˈmeɪbi/,adv.,也许；大概,p.19
7b-vocab_1-8.jpg,,7B,Unit 3,well-used,/ˌwelˈjuːzd/,adj.,使用得多的,p.19
7b-vocab_1-8.jpg,,7B,Unit 3,practice,/ˈpræktɪs/,n.,练习；实践,p.19
7b-vocab_1-8.jpg,,7B,Unit 3,perfect,/ˈpɜːfɪkt/,adj.,完美的；极好的,p.19
7b-vocab_1-8.jpg,,7B,Unit 3,seldom,/ˈseldəm/,adv.,很少；不常,p.19
7b-vocab_1-8.jpg,,7B,Unit 3,badminton,/ˈbædmɪntən/,n.,羽毛球运动,p.19
7b-vocab_1-8.jpg,,7B,Unit 3,double,/ˈdʌbl/,n. adj.,n. 双打（doubles）；两倍 adj. 成双的；两倍的,p.19
7b-vocab_1-8.jpg,,7B,Unit 3,sometime,/ˈsʌmtaɪm/,adv.,在某个时候,p.19
7b-vocab_1-8.jpg,,7B,Unit 3,volleyball,/ˈvɒlibɔːl/,n.,排球（运动）,p.20
7b-vocab_1-8.jpg,,7B,Unit 3,theirs,/ðeəz/,pron.,他们的，她们的，它们的（所有物）,p.20
7b-vocab_1-8.jpg,,7B,Unit 3,jog,/dʒɒg/,v.,慢跑,p.20
7b-vocab_1-8.jpg,,7B,Unit 3,few,/fjuː/,adj.,（表示否定的）很少的；几乎没有的,p.20
7b-vocab_1-8.jpg,,7B,Unit 3,a few,,,少数；几个,p.20
7b-vocab_1-8.jpg,,7B,Unit 3,excuse,/ɪkˈskjuːz/,v.,原谅；宽恕,p.20
7b-vocab_1-8.jpg,,7B,Unit 3,excuse me,,,劳驾；请原谅,p.20
7b-vocab_1-8.jpg,,7B,Unit 3,over there,,,在那边,p.21
7b-vocab_1-8.jpg,,7B,Unit 3,just,/dʒʌst/,adv.,只是；正好,p.21
7b-vocab_1-8.jpg,,7B,Unit 3,T-shirt,/ˈtiː ʃɜːt/,n.,T恤衫,p.21
7b-vocab_1-8.jpg,,7B,Unit 3,belong,/bɪˈlɒŋ/,v.,应在（某处）,p.21
7b-vocab_1-8.jpg,,7B,Unit 3,belong to,,,属于（某人）,p.21
7b-vocab_1-8.jpg,,7B,Unit 3,working,/ˈwɜːkɪŋ/,adj.,工作的,p.21
7b-vocab_1-8.jpg,,7B,Unit 3,working day,,,工作日,p.21
7b-vocab_1-8.jpg,,7B,Unit 3,full of,,,有许多；充满,p.21
7b-vocab_1-8.jpg,,7B,Unit 3,energy,/ˈenədʒi/,n.,精力；能量,p.21
7b-vocab_1-8.jpg,,7B,Unit 3,group,/gruːp/,n.,组；群,p.21
7b-vocab_1-8.jpg,,7B,Unit 3,skateboard,/ˈskeɪtbɔːd/,n.,滑板,p.22
7b-vocab_1-8.jpg,,7B,Unit 3,encourage,/ɪnˈkʌrɪdʒ/,v.,鼓励；激励,p.22
7b-vocab_1-8.jpg,,7B,Unit 3,trick,/trɪk/,n.,技巧；戏法,p.22
7b-vocab_1-8.jpg,,7B,Unit 3,succeed,/səkˈsiːd/,v.,成功；达到目标,p.22
7b-vocab_1-8.jpg,,7B,Unit 3,skateboarding,/ˈskeɪtbɔːdɪŋ/,n.,滑板运动,p.22
7b-vocab_1-8.jpg,,7B,Unit 3,goal,/gəʊl/,n.,目标；目的,p.22
7b-vocab_1-8.jpg,,7B,Unit 3,sit-up,/ˈsɪtʌp/,n.,仰卧起坐,p.22
7b-vocab_1-8.jpg,,7B,Unit 3,work out,,,锻炼,p.22
7b-vocab_1-8.jpg,,7B,Unit 3,app,/æp/,(= application /ˌæplɪˈkeɪʃn/) n.,应用程序,p.22
7b-vocab_1-8.jpg,,7B,Unit 3,progress,/ˈprəʊgres/,n.,进步；进展,p.22
7b-vocab_1-8.jpg,,7B,Unit 3,match,/mætʃ/,n.,比赛；竞赛,p.22
7b-vocab_1-8.jpg,,7B,Unit 3,team,/tiːm/,n.,队；组,p.22
7b-vocab_1-8.jpg,,7B,Unit 3,ours,/ˈaʊəz; ɑːz/,pron.,我们的（所有物）,p.22
7b-vocab_1-8.jpg,,7B,Unit 3,lose,/luːz/,v.,输掉；丢失,p.22
7b-vocab_1-8.jpg,,7B,Unit 3,teenager,/ˈtiːneɪdʒə(r)/,n.,青少年（13岁至19岁之间）,p.23
7b-vocab_1-8.jpg,,7B,Unit 3,Steve,/stiːv/,,史蒂夫,p.22
7b-vocab_1-8.jpg,,7B,Unit 4,watermelon,/ˈwɔːtəˌmelən/,n.,西瓜,p.26
7b-vocab_1-8.jpg,,7B,Unit 4,cabbage,/ˈkæbɪdʒ/,n.,卷心菜,p.26
7b-vocab_1-8.jpg,,7B,Unit 4,mutton,/ˈmʌtn/,n.,羊肉,p.26
7b-vocab_1-8.jpg,,7B,Unit 4,cookie,/ˈkʊki/,n.,曲奇饼,p.26
7b-vocab_1-8.jpg,,7B,Unit 4,onion,/ˈʌnjən/,n.,洋葱；葱头,p.26
7b-vocab_1-8.jpg,,7B,Unit 4,dumpling,/ˈdʌmplɪŋ/,n.,饺子,p.26
7b-vocab_1-8.jpg,,7B,Unit 4,coffee,/ˈkɒfi/,n.,咖啡,p.26
7b-vocab_1-8.jpg,,7B,Unit 4,bean,/biːn/,n.,豆,p.26
7b-vocab_1-8.jpg,,7B,Unit 4,chip,/tʃɪp/,n.,炸薯条,p.26
7b-vocab_1-8.jpg,,7B,Unit 4,fish and chips,,,炸鱼薯条,p.26
7b-vocab_1-8.jpg,,7B,Unit 4,salad,/ˈsæləd/,n.,沙拉；色拉,p.26
7b-vocab_1-8.jpg,,7B,Unit 4,porridge,/ˈpɒrɪdʒ/,n.,粥；麦片粥,p.26
7b-vocab_1-8.jpg,,7B,Unit 4,waiter,/ˈweɪtə(r)/,n.,（男）服务员,p.27
7b-vocab_1-8.jpg,,7B,Unit 4,What about …?,,,……怎么样？,p.27
7b-vocab_1-8.jpg,,7B,Unit 4,taste,/teɪst/,v. n.,v. 有……味道；尝 n. 味道,p.27
7b-vocab_1-8.jpg,,7B,Unit 4,anything,/ˈeniθɪŋ/,pron.,某事物；任何事物,p.27
7b-vocab_1-8.jpg,,7B,Unit 4,dish,/dɪʃ/,n.,一道菜；盘子,p.27
7b-vocab_1-8.jpg,,7B,Unit 4,choice,/tʃɔɪs/,n.,选择,p.28
7b-vocab_1-8.jpg,,7B,Unit 4,meal,/miːl/,n.,一餐所吃的食物；一餐,p.28
7b-vocab_1-8.jpg,,7B,Unit 4,pork,/pɔːk/,n.,猪肉,p.28
7b-vocab_1-8.jpg,,7B,Unit 4,strawberry,/ˈstrɔːbəri/,n.,草莓,p.28
7b-vocab_1-8.jpg,,7B,Unit 4,menu,/ˈmenjuː/,n.,菜单,p.28
7b-vocab_1-8.jpg,,7B,Unit 4,customer,/ˈkʌstəmə(r)/,n.,顾客,p.29
7b-vocab_1-8.jpg,,7B,Unit 4,serve,/sɜːv/,v.,提供；服务,p.29
7b-vocab_1-8.jpg,,7B,Unit 4,waitress,/ˈweɪtrəs/,n.,女服务员,p.29
7b-vocab_1-8.jpg,,7B,Unit 4,sir,/sɜː(r)/,n.,先生,p.29
7b-vocab_1-8.jpg,,7B,Unit 4,go with,,,搭配；相配,p.29
7b-vocab_1-8.jpg,,7B,Unit 4,instead,/ɪnˈsted/,adv.,反而；代替,p.29
7b-vocab_1-8.jpg,,7B,Unit 4,pear,/peə(r)/,n.,梨,p.29
7b-vocab_1-8.jpg,,7B,Unit 4,too much,,,太多,p.29
7b-vocab_1-8.jpg,,7B,Unit 4,sugar,/ˈʃʊgə(r)/,n.,糖,p.29
7b-vocab_1-8.jpg,,7B,Unit 4,improve,/ɪmˈpruːv/,v.,改进；改善,p.30
7b-vocab_1-8.jpg,,7B,Unit 4,habit,/ˈhæbɪt/,n.,习惯,p.30
7b-vocab_1-8.jpg,,7B,Unit 4,fast food,,,快餐,p.30
7b-vocab_1-8.jpg,,7B,Unit 4,salt,/sɔːlt; sɒlt/,n.,盐,p.30
7b-vocab_1-8.jpg,,7B,Unit 4,fat,/fæt/,n. adj.,n. 脂肪 adj. 肥胖的,p.30
7b-vocab_1-8.jpg,,7B,Unit 4,put on,,,增加；穿上,p.30
7b-vocab_1-8.jpg,,7B,Unit 4,weight,/weɪt/,n.,体重；重量,p.30
7b-vocab_1-8.jpg,,7B,Unit 4,hamburger,/ˈhæmbɜːgə(r)/,n.,汉堡包,p.30
7b-vocab_1-8.jpg,,7B,Unit 4,cause,/kɔːz/,v.,造成；导致,p.30
7b-vocab_1-8.jpg,,7B,Unit 4,heart,/hɑːt/,n.,心脏；中心,p.30
7b-vocab_1-8.jpg,,7B,Unit 4,balanced,/ˈbælənst/,adj.,均衡的；平衡的,p.30
7b-vocab_1-8.jpg,,7B,Unit 4,too … to,,,太……以至于不能,p.30
7b-vocab_1-8.jpg,,7B,Unit 4,sleepy,/ˈsliːpi/,adj.,困倦的；想睡的,p.30
7b-vocab_1-8.jpg,,7B,Unit 4,after all,,,毕竟；终归,p.30
7b-vocab_1-8.jpg,,7B,Unit 4,away,/əˈweɪ/,adv.,离开；在别处,p.30
7b-vocab_1-8.jpg,,7B,Unit 4,poor,/pɔː(r); pʊə(r)/,adj.,不好的；贫穷的；可怜的,p.31
7b-vocab_1-8.jpg,,7B,Unit 4,result,/rɪˈzʌlt/,n.,后果；结果,p.31
7b-vocab_1-8.jpg,,7B,Unit 4,article,/ˈɑːtɪkl/,n.,文章；冠词,p.31
7b-vocab_1-8.jpg,,7B,Unit 4,common,/ˈkɒmən/,adj.,共同的；普遍的,p.31
7b-vocab_1-8.jpg,,7B,Unit 4,among,/əˈmʌŋ/,prep.,在……中；……之一,p.31
7b-vocab_1-8.jpg,,7B,Unit 4,soft,/sɒft/,adj.,柔和的；柔软的,p.31
7b-vocab_1-8.jpg,,7B,Unit 4,soft drink,,,软饮料（不含酒精）,p.31
7b-vocab_1-8.jpg,,7B,Unit 4,enough,/ɪˈnʌf/,adj. adv. pron.,adj. 足够的；充足的 adv. 足够地；充分地 pron. 足够；充分,p.31
7b-vocab_1-8.jpg,,7B,Unit 4,thirsty,/ˈθɜːsti/,adj.,渴的,p.31
7b-vocab_1-8.jpg,,7B,Unit 4,Gongbao chicken,,,宫保鸡丁,p.27
7b-vocab_1-8.jpg,,7B,Unit 4,America,/əˈmerɪkə/,,美国；美洲,p.27
7b-vocab_1-8.jpg,,7B,Unit 4,Dongpo pork,,,东坡肉,p.28
7b-vocab_1-8.jpg,,7B,Unit 5,right now,,,现在；立刻,p.34
7b-vocab_1-8.jpg,,7B,Unit 5,ride,/raɪd/,v. n.,v. 骑 n. 旅程,p.34
7b-vocab_1-8.jpg,,7B,Unit 5,moment,/ˈməʊmənt/,n.,某个时刻；片刻；瞬间,p.34
7b-vocab_1-8.jpg,,7B,Unit 5,at the moment,,,现在；此刻,p.34
7b-vocab_1-8.jpg,,7B,Unit 5,work on,,,做；从事,p.34
7b-vocab_1-8.jpg,,7B,Unit 5,dragon,/ˈdrægən/,n.,龙,p.35
7b-vocab_1-8.jpg,,7B,Unit 5,festival,/ˈfestɪvl/,n.,节日,p.35
7b-vocab_1-8.jpg,,7B,Unit 5,hold,/həʊld/,v.,拿着；抓住,p.35
7b-vocab_1-8.jpg,,7B,Unit 5,hold on,,,别挂断电话；等一等,p.35
7b-vocab_1-8.jpg,,7B,Unit 5,voice,/vɔɪs/,n.,嗓音；声音,p.35
7b-vocab_1-8.jpg,,7B,Unit 5,race,/reɪs/,n.,比赛；竞赛,p.35
7b-vocab_1-8.jpg,,7B,Unit 5,darling,/ˈdɑːlɪŋ/,n.,亲爱的；宝贝,p.35
7b-vocab_1-8.jpg,,7B,Unit 5,somebody,/ˈsʌmbədi/,pron.,某人；有人,p.36
7b-vocab_1-8.jpg,,7B,Unit 5,could,/kʊd; kəd/,modal v.,能；可以,p.36
7b-vocab_1-8.jpg,,7B,Unit 5,message,/ˈmesɪdʒ/,n.,消息；信息,p.36
7b-vocab_1-8.jpg,,7B,Unit 5,take a message,,,捎个口信,p.36
7b-vocab_1-8.jpg,,7B,Unit 5,leave a message,,,留个口信,p.36
7b-vocab_1-8.jpg,,7B,Unit 5,call back,,,回电话,p.36
7b-vocab_1-8.jpg,,7B,Unit 5,kick,/kɪk/,v.,踢；蹬,p.37
7b-vocab_1-8.jpg,,7B,Unit 5,wow,/waʊ/,interj.,哇；呀,p.37
7b-vocab_1-8.jpg,,7B,Unit 5,online,/ˌɒnˈlaɪn/,adj.,在线的,p.37
7b-vocab_1-8.jpg,,7B,Unit 5,shuttlecock,/ˈʃʌtlkɒk/,n.,羽毛球,p.37
7b-vocab_1-8.jpg,,7B,Unit 5,sight,/saɪt/,n.,名胜；风景；视力,p.37
7b-vocab_1-8.jpg,,7B,Unit 5,exam,/ɪgˈzæm/,(= examination /ɪgˌzæmɪˈneɪʃn/) n.,考试,p.37
7b-vocab_1-8.jpg,,7B,Unit 5,hope,/həʊp/,v. & n.,希望,p.37
7b-vocab_1-8.jpg,,7B,Unit 5,forward,/ˈfɔːwəd/,adv.,向前,p.37
7b-vocab_1-8.jpg,,7B,Unit 5,look forward to,,,盼望,p.37
7b-vocab_1-8.jpg,,7B,Unit 5,skate,/skeɪt/,v.,滑冰,p.37
7b-vocab_1-8.jpg,,7B,Unit 5,happen,/ˈhæpən/,v.,发生,p.38
7b-vocab_1-8.jpg,,7B,Unit 5,zone,/zəʊn/,n.,地区；地带；区域,p.38
7b-vocab_1-8.jpg,,7B,Unit 5,time zone,,,时区,p.38
7b-vocab_1-8.jpg,,7B,Unit 5,around the world,,,世界各地,p.38
7b-vocab_1-8.jpg,,7B,Unit 5,rush,/rʌʃ/,v. & n.,冲；奔,p.38
7b-vocab_1-8.jpg,,7B,Unit 5,in a hurry,,,匆忙,p.38
7b-vocab_1-8.jpg,,7B,Unit 5,shine,/ʃaɪn/,v. n.,v. 发光；照耀 n. 光亮,p.38
7b-vocab_1-8.jpg,,7B,Unit 5,brightly,/ˈbraɪtli/,adv.,明亮地,p.38
7b-vocab_1-8.jpg,,7B,Unit 5,colourful,/ˈkʌləfl/,adj.,色彩鲜艳的,p.38
7b-vocab_1-8.jpg,,7B,Unit 5,slowly,/ˈsləʊli/,adv.,缓慢地,p.38
7b-vocab_1-8.jpg,,7B,Unit 5,such,/sʌtʃ/,adj. pron.,adj. 这样的；那样的 pron. 这样（那样）的人或事物,p.38
7b-vocab_1-8.jpg,,7B,Unit 5,such as,,,例如,p.38
7b-vocab_1-8.jpg,,7B,Unit 5,painting,/ˈpeɪntɪŋ/,n.,绘画作品；绘画；油画,p.38
7b-vocab_1-8.jpg,,7B,Unit 5,market,/ˈmɑːkɪt/,n.,市场,p.38
7b-vocab_1-8.jpg,,7B,Unit 5,side,/saɪd/,n.,边；侧,p.38
7b-vocab_1-8.jpg,,7B,Unit 5,side by side,,,并排；并肩地,p.38
7b-vocab_1-8.jpg,,7B,Unit 5,subway,/ˈsʌbweɪ/,n.,地铁,p.38
7b-vocab_1-8.jpg,,7B,Unit 5,bright,/braɪt/,adj.,鲜艳的；明亮的；聪明的,p.38
7b-vocab_1-8.jpg,,7B,Unit 5,drop,/drɒp/,v. n.,v. 把……送至；落下 n. 滴；下降,p.38
7b-vocab_1-8.jpg,,7B,Unit 5,drop off,,,（开车）把某人送到某处,p.38
7b-vocab_1-8.jpg,,7B,Unit 5,passenger,/ˈpæsɪndʒə(r)/,n.,乘客,p.38
7b-vocab_1-8.jpg,,7B,Unit 5,central,/ˈsentrəl/,adj.,中心的；中央的,p.38
7b-vocab_1-8.jpg,,7B,Unit 5,explain,/ɪkˈspleɪn/,v.,解释；说明,p.39
7b-vocab_1-8.jpg,,7B,Unit 5,take part in,,,参加,p.39
7b-vocab_1-8.jpg,,7B,Unit 5,tour,/tʊə(r)/,n. & v.,旅行；旅游,p.39
7b-vocab_1-8.jpg,,7B,Unit 5,sunshine,/ˈsʌnʃaɪn/,n.,阳光,p.39
7b-vocab_1-8.jpg,,7B,Unit 5,drive,/draɪv/,v.,开车；驾驶,p.39
7b-vocab_1-8.jpg,,7B,Unit 5,rush hour,,,（上下班时的）交通高峰期,p.39
7b-vocab_1-8.jpg,,7B,Unit 5,Adam,/ˈædəm/,,亚当,p.34
7b-vocab_1-8.jpg,,7B,Unit 5,Dragon Boat Festival,,,端午节,p.35
7b-vocab_1-8.jpg,,7B,Unit 5,Beth,/beθ/,,贝丝,p.37
7b-vocab_1-8.jpg,,7B,Unit 5,Nairobi,/naɪˈrəʊbi/,,内罗毕（肯尼亚首都）,p.38
7b-vocab_1-8.jpg,,7B,Unit 5,New York,/ˌnjuːˈjɔːk/,,纽约,p.38
7b-vocab_1-8.jpg,,7B,Unit 5,Kenya,/ˈkenjə/,,肯尼亚,p.38
7b-vocab_1-8.jpg,,7B,Unit 5,USA,/ˌjuːesˈeɪ/,,美国,p.38
7b-vocab_1-8.jpg,,7B,Unit 5,Central Park,,,中央公园,p.38
7b-vocab_1-8.jpg,,7B,Unit 6,rain or shine,,,不论是雨或是晴；不管发生什么事,p.41
7b-vocab_1-8.jpg,,7B,Unit 6,affect,/əˈfekt/,v.,影响,p.41
7b-vocab_1-8.jpg,,7B,Unit 6,dry,/draɪ/,adj.,干的；干旱的,p.42
7b-vocab_1-8.jpg,,7B,Unit 6,lightning,/ˈlaɪtnɪŋ/,n.,闪电,p.42
7b-vocab_1-8.jpg,,7B,Unit 6,stormy,/ˈstɔːmi/,adj.,有暴风雨（或暴风雪）的,p.42
7b-vocab_1-8.jpg,,7B,Unit 6,north,/nɔːθ/,n.,北部；北；北方,p.42
7b-vocab_1-8.jpg,,7B,Unit 6,west,/west/,n.,西部；西；西方,p.42
7b-vocab_1-8.jpg,,7B,Unit 6,south,/saʊθ/,n.,南部；南；南方,p.42
7b-vocab_1-8.jpg,,7B,Unit 6,east,/iːst/,n.,东部；东；东方,p.42
7b-vocab_1-8.jpg,,7B,Unit 6,stay in,,,待在家里；没有外出,p.42
7b-vocab_1-8.jpg,,7B,Unit 6,lucky,/ˈlʌki/,adj.,运气好的；带来好运的,p.43
7b-vocab_1-8.jpg,,7B,Unit 6,lucky you,,,你真幸运,p.43
7b-vocab_1-8.jpg,,7B,Unit 6,sunbathe,/ˈsʌnbeɪð/,v.,沐日光浴；晒太阳,p.43
7b-vocab_1-8.jpg,,7B,Unit 6,some day,,,将来；有朝一日,p.43
7b-vocab_1-8.jpg,,7B,Unit 6,temperature,/ˈtemprətʃə(r)/,n.,温度,p.44
7b-vocab_1-8.jpg,,7B,Unit 6,snowman,/ˈsnəʊmæn/,n.,(pl. snowmen /ˈsnəʊmen/) 雪人,p.44
7b-vocab_1-8.jpg,,7B,Unit 6,heavily,/ˈhevɪli/,adv.,大量地；沉重地,p.44
7b-vocab_1-8.jpg,,7B,Unit 6,snowy,/ˈsnəʊi/,adj.,下雪的；雪白的,p.45
7b-vocab_1-8.jpg,,7B,Unit 6,beach volleyball,,,沙滩排球,p.45
7b-vocab_1-8.jpg,,7B,Unit 6,high,/haɪ/,adv. & adj.,高,p.45
7b-vocab_1-8.jpg,,7B,Unit 6,freezing,/ˈfriːzɪŋ/,adj.,极冷的；冰冻的,p.45
7b-vocab_1-8.jpg,,7B,Unit 6,tourist,/ˈtʊərɪst/,n.,旅行者；观光客,p.45
7b-vocab_1-8.jpg,,7B,Unit 6,mount,/maʊnt/,n.,（在现代英语里仅用于地名）山；山峰,p.46
7b-vocab_1-8.jpg,,7B,Unit 6,cloud,/klaʊd/,n.,云；云彩,p.46
7b-vocab_1-8.jpg,,7B,Unit 6,feel like,,,感觉像,p.46
7b-vocab_1-8.jpg,,7B,Unit 6,magical,/ˈmædʒɪkl/,adj.,魔法的；神奇的,p.46
7b-vocab_1-8.jpg,,7B,Unit 6,rock,/rɒk/,n.,岩石,p.46
7b-vocab_1-8.jpg,,7B,Unit 6,rest,/rest/,n.,休息；剩余部分,p.46
7b-vocab_1-8.jpg,,7B,Unit 6,area,/ˈeəriə/,n.,场地；地区,p.46
7b-vocab_1-8.jpg,,7B,Unit 6,rest area,,,休息区,p.46
7b-vocab_1-8.jpg,,7B,Unit 6,make progress,,,取得进展,p.46
7b-vocab_1-8.jpg,,7B,Unit 6,although,/ɔːlˈðəʊ/,conj.,虽然；尽管,p.46
7b-vocab_1-8.jpg,,7B,Unit 6,still,/stɪl/,adv.,还；仍然,p.46
7b-vocab_1-8.jpg,,7B,Unit 6,in high spirits,,,情绪高涨；兴高采烈,p.46
7b-vocab_1-8.jpg,,7B,Unit 6,experience,/ɪkˈspɪəriəns/,n. v.,n. 经历；经验 v. 经历,p.46
7b-vocab_1-8.jpg,,7B,Unit 6,through,/θruː/,prep.,穿过；凭借,p.46
7b-vocab_1-8.jpg,,7B,Unit 6,glad,/glæd/,adj.,高兴的,p.46
7b-vocab_1-8.jpg,,7B,Unit 6,peak,/piːk/,n.,山顶；顶点,p.46
7b-vocab_1-8.jpg,,7B,Unit 6,grey,/greɪ/,(AmE gray /greɪ/) adj.,灰色的,p.46
7b-vocab_1-8.jpg,,7B,Unit 6,because of,,,因为,p.46
7b-vocab_1-8.jpg,,7B,Unit 6,fog,/fɒg/,n.,雾,p.46
7b-vocab_1-8.jpg,,7B,Unit 6,ground,/graʊnd/,n.,地面,p.46
7b-vocab_1-8.jpg,,7B,Unit 6,wet,/wet/,adj.,湿的,p.46
7b-vocab_1-8.jpg,,7B,Unit 6,tiring,/ˈtaɪərɪŋ/,adj.,令人疲倦的；累人的,p.46
7b-vocab_1-8.jpg,,7B,Unit 6,seem,/siːm/,v.,似乎；好像,p.46
7b-vocab_1-8.jpg,,7B,Unit 6,sunlight,/ˈsʌnlaɪt/,n.,阳光；日光,p.46
7b-vocab_1-8.jpg,,7B,Unit 6,at the top,,,在顶部；在顶端,p.46
7b-vocab_1-8.jpg,,7B,Unit 6,thought,/θɔːt/,n.,想法,p.47
7b-vocab_1-8.jpg,,7B,Unit 6,mountain,/ˈmaʊntən/,n.,山；高山,p.47
7b-vocab_1-8.jpg,,7B,Unit 6,at the start,,,开始；起初,p.47
7b-vocab_1-8.jpg,,7B,Unit 6,end,/end/,n.,末尾；结束,p.47
7b-vocab_1-8.jpg,,7B,Unit 6,at the end,,,最后；在末尾,p.47
7b-vocab_1-8.jpg,,7B,Unit 6,storm,/stɔːm/,n.,暴风雨；暴风雪,p.47
7b-vocab_1-8.jpg,,7B,Unit 6,pour,/pɔː(r)/,v.,倾倒；倒出,p.47
7b-vocab_1-8.jpg,,7B,Unit 6,wind,/wɪnd/,n.,风,p.47
7b-vocab_1-8.jpg,,7B,Unit 6,shout,/ʃaʊt/,v. & n.,喊叫；呼唤,p.47
7b-vocab_1-8.jpg,,7B,Unit 6,run after,,,追逐,p.47
7b-vocab_1-8.jpg,,7B,Unit 6,Anna,/ˈænə/,,安娜,p.43
7b-vocab_1-8.jpg,,7B,Unit 6,John,/dʒɒn/,,约翰,p.43
7b-vocab_1-8.jpg,,7B,Unit 6,Stockholm,/ˈstɒkhəʊm/,,斯德哥尔摩（瑞典首都）,p.43
7b-vocab_1-8.jpg,,7B,Unit 6,Mount Huangshan,,,黄山,p.46
7b-vocab_1-8.jpg,,7B,Unit 6,Bright Peak,,,光明顶,p.46
7b-vocab_1-8.jpg,,7B,Unit 7,meet up,,,碰头；相聚,p.50
7b-vocab_1-8.jpg,,7B,Unit 7,museum,/mjuˈzɪəm/,n.,博物馆,p.50
7b-vocab_1-8.jpg,,7B,Unit 7,exhibition,/ˌeksɪˈbɪʃn/,n.,展览,p.50
7b-vocab_1-8.jpg,,7B,Unit 7,direction,/dɪˈrekʃn; daɪˈrekʃn/,n.,方向,p.50
7b-vocab_1-8.jpg,,7B,Unit 7,trip,/trɪp/,n.,旅行,p.51
7b-vocab_1-8.jpg,,7B,Unit 7,wastewater,/ˈweɪstwɔːtə(r)/,n.,废水,p.51
7b-vocab_1-8.jpg,,7B,Unit 7,plant,/plɑːnt/,n.,工厂,p.51
7b-vocab_1-8.jpg,,7B,Unit 7,into,/ˈɪntuː; ˈɪntə/,prep.,到……里面；进入,p.51
7b-vocab_1-8.jpg,,7B,Unit 7,remove,/rɪˈmuːv/,v.,移开；拿走,p.51
7b-vocab_1-8.jpg,,7B,Unit 7,piece,/piːs/,n.,片；块,p.51
7b-vocab_1-8.jpg,,7B,Unit 7,waste,/weɪst/,n. v.,n. 废弃物 v. 浪费,p.51
7b-vocab_1-8.jpg,,7B,Unit 7,machine,/məˈʃiːn/,n.,机器,p.51
7b-vocab_1-8.jpg,,7B,Unit 7,germ,/dʒɜːm/,n.,微生物；细菌,p.51
7b-vocab_1-8.jpg,,7B,Unit 7,step,/step/,n.,步骤；脚步,p.51
7b-vocab_1-8.jpg,,7B,Unit 7,used to,,,过去常常（做）,p.51
7b-vocab_1-8.jpg,,7B,Unit 7,realize,/ˈrɪəlaɪz/,(= realise) v.,认识到；实现,p.51
7b-vocab_1-8.jpg,,7B,Unit 7,inside,/ˌɪnˈsaɪd/,prep. adv.,prep. 在……里面 adv. 在里面,p.52
7b-vocab_1-8.jpg,,7B,Unit 7,go on a trip,,,去旅行,p.52
7b-vocab_1-8.jpg,,7B,Unit 7,process,/ˈprəʊses/,n.,过程,p.52
7b-vocab_1-8.jpg,,7B,Unit 7,theatre,/ˈθɪətə(r)/,n.,戏院；剧场；电影院,p.52
7b-vocab_1-8.jpg,,7B,Unit 7,factory,/ˈfæktri; ˈfæktəri/,n.,工厂,p.52
7b-vocab_1-8.jpg,,7B,Unit 7,terrible,/ˈterəbl/,adj.,糟糕的,p.53
7b-vocab_1-8.jpg,,7B,Unit 7,actor,/ˈæktə(r)/,n.,演员,p.53
7b-vocab_1-8.jpg,,7B,Unit 7,gun,/gʌn/,n.,枪,p.53
7b-vocab_1-8.jpg,,7B,Unit 7,try on,,,试穿,p.53
7b-vocab_1-8.jpg,,7B,Unit 7,along,/əˈlɒŋ/,prep.,沿着；顺着,p.53
7b-vocab_1-8.jpg,,7B,Unit 7,road,/rəʊd/,n.,道路,p.53
7b-vocab_1-8.jpg,,7B,Unit 7,create,/kriˈeɪt/,v.,创造,p.53
7b-vocab_1-8.jpg,,7B,Unit 7,record,/rɪˈkɔːd/; /ˈrekɔːd/,v. n.,v. 记录 n. 记录,p.54
7b-vocab_1-8.jpg,,7B,Unit 7,skill,/skɪl/,n.,技能,p.54
7b-vocab_1-8.jpg,,7B,Unit 7,write down,,,写下；记下,p.54
7b-vocab_1-8.jpg,,7B,Unit 7,explore,/ɪkˈsplɔː(r)/,v.,探索,p.54
7b-vocab_1-8.jpg,,7B,Unit 7,tent,/tent/,n.,帐篷,p.54
7b-vocab_1-8.jpg,,7B,Unit 7,cucumber,/ˈkjuːkʌmbə(r)/,n.,黄瓜,p.54
7b-vocab_1-8.jpg,,7B,Unit 7,from … to …,,,从……到……,p.54
7b-vocab_1-8.jpg,,7B,Unit 7,straight,/streɪt/,adv. adj.,adv. 直接；立即；笔直地 adj. 直的,p.54
7b-vocab_1-8.jpg,,7B,Unit 7,fill,/fɪl/,v.,装满；盛满,p.54
7b-vocab_1-8.jpg,,7B,Unit 7,basket,/ˈbɑːskɪt/,n.,篮子；筐,p.54
7b-vocab_1-8.jpg,,7B,Unit 7,teach,/tiːtʃ/,v.,(taught /tɔːt/) 教,p.54
7b-vocab_1-8.jpg,,7B,Unit 7,branch,/brɑːntʃ/,n.,分支；树枝,p.54
7b-vocab_1-8.jpg,,7B,Unit 7,leaf,/liːf/,n.,(pl. leaves /liːvz/) 叶；叶子,p.54
7b-vocab_1-8.jpg,,7B,Unit 7,finally,/ˈfaɪnəli/,adv.,终于,p.54
7b-vocab_1-8.jpg,,7B,Unit 7,think of,,,考虑；想起,p.54
7b-vocab_1-8.jpg,,7B,Unit 7,grain,/greɪn/,n.,谷物；谷粒,p.54
7b-vocab_1-8.jpg,,7B,Unit 7,fresh,/freʃ/,adj.,新鲜的,p.54
7b-vocab_1-8.jpg,,7B,Unit 7,certainly,/ˈsɜːtnli/,adv.,肯定地,p.54
7b-vocab_1-8.jpg,,7B,Unit 7,diary,/ˈdaɪəri/,n.,日记；日记本,p.55
7b-vocab_1-8.jpg,,7B,Unit 7,entry,/ˈentri/,n.,（日记的）一则；入口,p.55
7b-vocab_1-8.jpg,,7B,Unit 7,agree,/əˈgriː/,v.,赞成；同意,p.55
7b-vocab_1-8.jpg,,7B,Unit 7,agree with,,,赞成；同意,p.55
7b-vocab_1-8.jpg,,7B,Unit 8,upon,/əˈpɒn/,prep.,在……上,p.57
7b-vocab_1-8.jpg,,7B,Unit 8,once upon a time,,,从前；很久以前,p.57
7b-vocab_1-8.jpg,,7B,Unit 8,bite,/baɪt/,v.,(bit /bɪt/) 咬；咬伤,p.58
7b-vocab_1-8.jpg,,7B,Unit 8,bite through,,,咬穿,p.58
7b-vocab_1-8.jpg,,7B,Unit 8,net,/net/,n.,网；网状物,p.58
7b-vocab_1-8.jpg,,7B,Unit 8,hunter,/ˈhʌntə(r)/,n.,猎人；搜寻者,p.58
7b-vocab_1-8.jpg,,7B,Unit 8,promise,/ˈprɒmɪs/,v. n.,v. 承诺；保证 n. 承诺；诺言,p.58
7b-vocab_1-8.jpg,,7B,Unit 8,long ago,,,很久以前,p.58
7b-vocab_1-8.jpg,,7B,Unit 8,war,/wɔː(r)/,n.,战争,p.58
7b-vocab_1-8.jpg,,7B,Unit 8,neighbour,/ˈneɪbə(r)/,n.,邻居,p.58
7b-vocab_1-8.jpg,,7B,Unit 8,wise,/waɪz/,adj.,明智的；高明的,p.58
7b-vocab_1-8.jpg,,7B,Unit 8,emperor,/ˈempərə(r)/,n.,皇帝,p.59
7b-vocab_1-8.jpg,,7B,Unit 8,lie,/laɪ/,v. n.,v. 撒谎 n. 谎言,p.59
7b-vocab_1-8.jpg,,7B,Unit 8,pretend,/prɪˈtend/,v.,假装；伪装,p.59
7b-vocab_1-8.jpg,,7B,Unit 8,official,/əˈfɪʃl/,n.,官员；高级职员,p.59
7b-vocab_1-8.jpg,,7B,Unit 8,silly,/ˈsɪli/,adj.,愚蠢的；傻的,p.59
7b-vocab_1-8.jpg,,7B,Unit 8,decide,/dɪˈsaɪd/,v.,决定,p.59
7b-vocab_1-8.jpg,,7B,Unit 8,praise,/preɪz/,v. & n.,赞美；表扬,p.59
7b-vocab_1-8.jpg,,7B,Unit 8,afraid,/əˈfreɪd/,adj.,害怕的；担心的,p.59
7b-vocab_1-8.jpg,,7B,Unit 8,suddenly,/ˈsʌdənli/,adv.,突然地；出乎意料地,p.59
7b-vocab_1-8.jpg,,7B,Unit 8,at first,,,起初；最初,p.60
7b-vocab_1-8.jpg,,7B,Unit 8,truth,/truːθ/,n.,真相；事实,p.60
7b-vocab_1-8.jpg,,7B,Unit 8,tell the truth,,,说实话,p.60
7b-vocab_1-8.jpg,,7B,Unit 8,make money,,,赚钱,p.60
7b-vocab_1-8.jpg,,7B,Unit 8,TRUE,/truː/,adj.,符合事实的；真正的,p.60
7b-vocab_1-8.jpg,,7B,Unit 8,hate,/heɪt/,v.,不喜欢；厌恶；讨厌,p.60
7b-vocab_1-8.jpg,,7B,Unit 8,get out,,,逃脱；离开,p.61
7b-vocab_1-8.jpg,,7B,Unit 8,king,/kɪŋ/,n.,君主；国王,p.61
7b-vocab_1-8.jpg,,7B,Unit 8,artist,/ˈɑːtɪst/,n.,美术家；艺术家,p.61
7b-vocab_1-8.jpg,,7B,Unit 8,quickly,/ˈkwɪkli/,adv.,快速地；很快,p.61
7b-vocab_1-8.jpg,,7B,Unit 8,smile,/smaɪl/,v. n.,v. 微笑 n. 微笑；笑容,p.61
7b-vocab_1-8.jpg,,7B,Unit 8,all over,,,到处；遍及,p.61
7b-vocab_1-8.jpg,,7B,Unit 8,ugly,/ˈʌgli/,adj.,丑陋的；难看的,p.62
7b-vocab_1-8.jpg,,7B,Unit 8,duckling,/ˈdʌklɪŋ/,n.,小鸭子,p.62
7b-vocab_1-8.jpg,,7B,Unit 8,real,/ˈrɪəl/,adj.,真的；真正的,p.62
7b-vocab_1-8.jpg,,7B,Unit 8,laugh at,,,嘲笑,p.62
7b-vocab_1-8.jpg,,7B,Unit 8,go away,,,走开,p.62
7b-vocab_1-8.jpg,,7B,Unit 8,search,/sɜːtʃ/,v.,寻找；搜寻,p.62
7b-vocab_1-8.jpg,,7B,Unit 8,search for,,,寻找,p.62
7b-vocab_1-8.jpg,,7B,Unit 8,hen,/hen/,n.,母鸡,p.62
7b-vocab_1-8.jpg,,7B,Unit 8,hopefully,/ˈhəʊpfli/,adv.,有希望地,p.62
7b-vocab_1-8.jpg,,7B,Unit 8,purr,/pɜː(r)/,v.,（猫愉快时）发出呜呜声,p.62
7b-vocab_1-8.jpg,,7B,Unit 8,lay,/leɪ/,v.,(laid /leɪd/) 下（蛋）；放置；搁,p.62
7b-vocab_1-8.jpg,,7B,Unit 8,swan,/swɒn/,n.,天鹅,p.62
7b-vocab_1-8.jpg,,7B,Unit 8,feather,/ˈfeðə(r)/,n.,羽毛,p.62
7b-vocab_1-8.jpg,,7B,Unit 8,to sb's surprise,,,出乎某人的意料,p.62
7b-vocab_1-8.jpg,,7B,Unit 8,size,/saɪz/,n.,大小；尺寸,p.63
7b-vocab_1-8.jpg,,7B,Unit 8,believe,/bɪˈliːv/,v.,相信；认为,p.63
7b-vocab_1-8.jpg,,7B,Unit 8,only if,,,只有,p.63
7b-vocab_1-8.jpg,,7B,Unit 8,fisherman,/ˈfɪʃəmən/,n.,(pl. fishermen /ˈfɪʃəmən/) 渔夫,p.63
7b-vocab_1-8.jpg,,7B,Unit 8,fishing,/ˈfɪʃɪŋ/,n.,钓鱼；捕鱼,p.63
7b-vocab_1-8.jpg,,7B,Unit 8,come out,,,出现；盛开,p.63
7b-vocab_1-8.jpg,,7B,Unit 8,genie,/ˈdʒiːni/,n.,妖怪；鬼,p.63
7b-vocab_1-8.jpg,,7B,Unit 8,die,/daɪ/,v.,死亡；消失,p.63
7b-vocab_1-8.jpg,,7B,Unit 8,make a promise,,,许下诺言,p.63
7b-vocab_1-8.jpg,,7B,Unit 8,someone,/ˈsʌmwʌn/,pron.,某人；有人,p.63
7b-vocab_1-8.jpg,,7B,Unit 8,set,/set/,v.,使处于某种状况；使开始,p.63
7b-vocab_1-8.jpg,,7B,Unit 8,set … free,,,释放,p.63
7b-vocab_1-8.jpg,,7B,Unit 8,rich,/rɪtʃ/,adj.,富有的；富含……的,p.63
7b-vocab_1-8.jpg,,7B,Unit 8,powerful,/ˈpaʊəfl/,adj.,强大的；有影响力的,p.63
7b-vocab_1-8.jpg,,7B,Unit 8,anyone,/ˈeniwʌn/,pron.,任何人；某个人,p.63
7b-vocab_1-8.jpg,,7B,Unit 8,instead of,,,而不是；代替,p.63
7b-vocab_1-8.jpg,,7B,Unit 8,succeed in doing sth,,,成功做成某事,p.63
7b-vocab_1-8.jpg,,7B,Unit 8,himself,/hɪmˈself/,pron.,他自己；他本人,p.63
7b-vocab_1-8.jpg,,7B,Unit 8,in the end,,,最后；终究,p.63
7b-vocab_1-8.jpg,,7B,Unit 8,Hans Christian Andersen,/hænz ˈkrɪstʃən ˈændəsən/,,汉斯·克里斯蒂安·安徒生,p.59
8b-word-list_01-13.png,,8B,Unit 1,calligraphy,/kəˈlɪgrəfi/,n.,书法,p.2
8b-word-list_01-13.png,,8B,Unit 1,ski,/skiː/,v.,滑雪,p.2
8b-word-list_01-13.png,,8B,Unit 1,program,/ˈprəʊgræm/,v. n.,v. 编写程序 n. 程序；(=programme) 节目；项目,p.2
8b-word-list_01-13.png,,8B,Unit 1,express,/ɪkˈspres/,v.,表达；表示,p.2
8b-word-list_01-13.png,,8B,Unit 1,instructor,/ɪnˈstrʌktə(r)/,n.,教练；指导者,p.3
8b-word-list_01-13.png,,8B,Unit 1,scared,/skeə(r)d/,adj.,害怕的；对……感到惊慌的,p.3
8b-word-list_01-13.png,,8B,Unit 1,scared of,,,害怕；恐惧,p.3
8b-word-list_01-13.png,,8B,Unit 1,fear,/fɪə(r)/,n. & v.,害怕；担忧,p.3
8b-word-list_01-13.png,,8B,Unit 1,get over,,,克服（困难）；解决（问题）,p.3
8b-word-list_01-13.png,,8B,Unit 1,up to,,,正在做；由某人决定,p.4
8b-word-list_01-13.png,,8B,Unit 1,poem,/ˈpəʊɪm/,n.,诗,p.4
8b-word-list_01-13.png,,8B,Unit 1,single,/ˈsɪŋgl/,adj.,单个的；单身的,p.4
8b-word-list_01-13.png,,8B,Unit 1,stroke,/strəʊk/,n.,笔画；击球,p.4
8b-word-list_01-13.png,,8B,Unit 1,give up,,,放弃,p.4
8b-word-list_01-13.png,,8B,Unit 1,ink,/ɪŋk/,n.,墨水,p.4
8b-word-list_01-13.png,,8B,Unit 1,return,/rɪˈtɜːn/,n. & v.,回来；归还,p.4
8b-word-list_01-13.png,,8B,Unit 1,in return,,,作为回报,p.4
8b-word-list_01-13.png,,8B,Unit 1,deal,/diːl/,n. v.,"n. 交易；协议 v. (dealt /delt/, dealt) 对付",p.4
8b-word-list_01-13.png,,8B,Unit 1,manage,/ˈmænɪdʒ/,v.,完成（困难的事）；管理,p.4
8b-word-list_01-13.png,,8B,Unit 1,get into,,,开始做某事；进入,p.5
8b-word-list_01-13.png,,8B,Unit 1,give it a go,,,试一试某事,p.5
8b-word-list_01-13.png,,8B,Unit 1,kung fu,/ˌkʌŋ ˈfuː/,n.,功夫,p.5
8b-word-list_01-13.png,,8B,Unit 1,push,/pʊʃ/,v.,督促；推,p.5
8b-word-list_01-13.png,,8B,Unit 1,myself,/maɪˈself/,pron.,我自己,p.5
8b-word-list_01-13.png,,8B,Unit 1,once in a while,,,偶尔地；间或,p.5
8b-word-list_01-13.png,,8B,Unit 1,chat,/tʃæt/,v. & n.,闲聊,p.5
8b-word-list_01-13.png,,8B,Unit 1,outing,/ˈaʊtɪŋ/,n.,出外游玩；远足,p.5
8b-word-list_01-13.png,,8B,Unit 1,go on an outing,,,出外游玩,p.5
8b-word-list_01-13.png,,8B,Unit 1,reduce,/rɪˈdjuːs/,v.,减少,p.6
8b-word-list_01-13.png,,8B,Unit 1,stress,/stres/,n.,精神压力；紧张,p.6
8b-word-list_01-13.png,,8B,Unit 1,yoga,/ˈjəʊgə/,n.,瑜伽,p.6
8b-word-list_01-13.png,,8B,Unit 1,object,/ˈɒbdʒɪkt/,n.,物品；宾语,p.6
8b-word-list_01-13.png,,8B,Unit 1,Italian,/ɪˈtæliən/,adj. n.,adj. 意大利的；意大利人的；意大利语的 n. 意大利人；意大利语,p.6
8b-word-list_01-13.png,,8B,Unit 1,programmer,/ˈprəʊgræmə(r)/,n.,程序设计员,p.6
8b-word-list_01-13.png,,8B,Unit 1,allow,/əˈlaʊ/,v.,使……成为可能；允许,p.6
8b-word-list_01-13.png,,8B,Unit 1,sense,/sens/,n.,感觉；感官,p.6
8b-word-list_01-13.png,,8B,Unit 1,achievement,/əˈtʃiːvmənt/,n.,成就,p.6
8b-word-list_01-13.png,,8B,Unit 1,coin,/kɔɪn/,n.,硬币,p.7
8b-word-list_01-13.png,,8B,Unit 1,stamp,/stæmp/,n.,邮票,p.7
8b-word-list_01-13.png,,8B,Unit 1,teenage,/ˈtiːneɪdʒ/,adj.,青少年的,p.7
8b-word-list_01-13.png,,8B,Unit 1,postcard,/ˈpəʊstkɑːd/,n.,明信片,p.7
8b-word-list_01-13.png,,8B,Unit 1,rather,/ˈrɑːðə(r)/,adv.,相当；更准确地说,p.7
8b-word-list_01-13.png,,8B,Unit 1,old-fashioned,/ˌəʊld ˈfæʃnd/,adj.,过时的；守旧的,p.7
8b-word-list_01-13.png,,8B,Unit 1,foreign,/ˈfɒrən/,adj.,外国的；国外的,p.7
8b-word-list_01-13.png,,8B,Unit 1,dream of,,,梦想；希望,p.7
8b-word-list_01-13.png,,8B,Unit 1,suggestion,/səˈdʒestʃən/,n.,建议；提议,p.8
8b-word-list_01-13.png,,8B,Unit 1,failure,/ˈfeɪljə(r)/,n.,失败,p.8
8b-word-list_01-13.png,,8B,Unit 1,inspire,/ɪnˈspaɪə(r)/,v.,激励；鼓舞,p.8
8b-word-list_01-13.png,,8B,Unit 1,strict,/strɪkt/,adj.,严厉的；严格的,p.8
8b-word-list_01-13.png,,8B,Unit 1,surprisingly,/səˈpraɪzɪŋli/,adv.,出人意料地；惊人地,p.8
8b-word-list_01-13.png,,8B,Unit 1,so far,,,到目前为止,p.8
8b-word-list_01-13.png,,8B,Unit 1,stage,/steɪdʒ/,n.,舞台；阶段,p.8
8b-word-list_01-13.png,,8B,Unit 1,importantly,/ɪmˈpɔːntli/,adv.,重要地,p.9
8b-word-list_01-13.png,,8B,Unit 1,Luca,/ˈluːkə/,,卢卡,p.6
8b-word-list_01-13.png,,8B,Unit 1,Bruno,/ˈbruːnəʊ/,,布鲁诺,p.6
8b-word-list_01-13.png,,8B,Unit 1,India,/ˈɪndiə/,,印度,p.7
8b-word-list_01-13.png,,8B,Unit 1,Maya,/ˈmaɪə/,,马娅,p.7
8b-word-list_01-13.png,,8B,Unit 1,Badal,/ˈbɑːdl/,,巴达尔,p.7
8b-word-list_01-13.png,,8B,Unit 1,Mogao Caves,/keɪvz/,,莫高窟,p.7
8b-word-list_01-13.png,,8B,Unit 2,ourselves,/ˌaʊəˈselvz; ɑːˈselvz/,pron.,我们自己,p.11
8b-word-list_01-13.png,,8B,Unit 2,sore,/sɔː(r)/,adj.,疼痛的；酸痛的,p.12
8b-word-list_01-13.png,,8B,Unit 2,throat,/θrəʊt/,n.,喉咙,p.12
8b-word-list_01-13.png,,8B,Unit 2,stomachache,/ˈstʌməkeɪk/,n.,胃痛；肚子疼,p.12
8b-word-list_01-13.png,,8B,Unit 2,headache,/ˈhedeɪk/,n.,头痛,p.12
8b-word-list_01-13.png,,8B,Unit 2,toothache,/ˈtuːθeɪk/,n.,牙痛,p.12
8b-word-list_01-13.png,,8B,Unit 2,backache,/ˈbækeɪk/,n.,背痛；腰痛,p.12
8b-word-list_01-13.png,,8B,Unit 2,press,/pres/,v.,压；按；挤；推,p.13
8b-word-list_01-13.png,,8B,Unit 2,nosebleed,/ˈnəʊzbliːd/,n.,鼻出血,p.13
8b-word-list_01-13.png,,8B,Unit 2,dentist,/ˈdentɪst/,n.,牙科医生,p.13
8b-word-list_01-13.png,,8B,Unit 2,fever,/ˈfiːvə(r)/,n.,发烧,p.13
8b-word-list_01-13.png,,8B,Unit 2,stomach,/ˈstʌmək/,n.,胃；腹部,p.13
8b-word-list_01-13.png,,8B,Unit 2,avoid,/əˈvɔɪd/,v.,避免；防止,p.13
8b-word-list_01-13.png,,8B,Unit 2,gas,/gæs/,n.,气体；燃气,p.13
8b-word-list_01-13.png,,8B,Unit 2,ache,/eɪk/,n. & v.,疼痛,p.13
8b-word-list_01-13.png,,8B,Unit 2,X-ray,/ˈeks reɪ/,n.,X光照片；X射线,p.13
8b-word-list_01-13.png,,8B,Unit 2,careless,/ˈkeələs/,adj.,不小心的；粗心的,p.13
8b-word-list_01-13.png,,8B,Unit 2,runny,/ˈrʌni/,adj.,流鼻涕的；流眼泪的,p.13
8b-word-list_01-13.png,,8B,Unit 2,cough,/kɒf/,n. & v.,咳嗽,p.13
8b-word-list_01-13.png,,8B,Unit 2,bruised,/bruːzd/,adj.,受了瘀伤的,p.13
8b-word-list_01-13.png,,8B,Unit 2,suffer,/ˈsʌfə(r)/,v.,受苦；遭受,p.13
8b-word-list_01-13.png,,8B,Unit 2,suffer from,,,受苦；受折磨,p.13
8b-word-list_01-13.png,,8B,Unit 2,take a seat,,,坐下,p.14
8b-word-list_01-13.png,,8B,Unit 2,take one's temperature,,,给某人量体温,p.14
8b-word-list_01-13.png,,8B,Unit 2,test,/test/,n. & v.,检查；测验,p.14
8b-word-list_01-13.png,,8B,Unit 2,flu,/fluː/,n.,流行性感冒,p.14
8b-word-list_01-13.png,,8B,Unit 2,medicine,/ˈmedsn/,n.,药；医学,p.14
8b-word-list_01-13.png,,8B,Unit 2,mask,/mɑːsk/,n.,口罩,p.14
8b-word-list_01-13.png,,8B,Unit 2,virus,/ˈvaɪərəs/,n.,病毒,p.14
8b-word-list_01-13.png,,8B,Unit 2,stop … from doing,,,防止……；阻止……,p.14
8b-word-list_01-13.png,,8B,Unit 2,description,/dɪˈskrɪpʃn/,n.,描写；形容,p.14
8b-word-list_01-13.png,,8B,Unit 2,patient,/ˈpeɪʃnt/,n. adj.,n. 病人 adj. 有耐心的,p.14
8b-word-list_01-13.png,,8B,Unit 2,injury,/ˈɪndʒəri/,n.,伤害；损伤,p.14
8b-word-list_01-13.png,,8B,Unit 2,illness,/ˈɪlnəs/,n.,疾病,p.14
8b-word-list_01-13.png,,8B,Unit 2,knife,/naɪf/,n.,(pl. knives /naɪvz/) 刀,p.15
8b-word-list_01-13.png,,8B,Unit 2,clear,/klɪə(r)/,adj. v.,adj. 清晰的；清楚的 v. 清理,p.15
8b-word-list_01-13.png,,8B,Unit 2,pain,/peɪn/,n.,疼痛；痛苦,p.15
8b-word-list_01-13.png,,8B,Unit 2,what's more,,,更有甚者；更为重要的是,p.15
8b-word-list_01-13.png,,8B,Unit 2,brightness,/ˈbraɪtnəs/,n.,亮度,p.15
8b-word-list_01-13.png,,8B,Unit 2,environment,/ɪnˈvaɪrənmənt/,n.,环境,p.15
8b-word-list_01-13.png,,8B,Unit 2,cross,/krɒs/,v.,穿越；横过；交叉,p.15
8b-word-list_01-13.png,,8B,Unit 2,catch fire,,,着火,p.16
8b-word-list_01-13.png,,8B,Unit 2,themselves,/ðəmˈselvz/,pron.,他（或她、它）们自己,p.16
8b-word-list_01-13.png,,8B,Unit 2,fry,/fraɪ/,v.,油炸；油煎；油炒,p.16
8b-word-list_01-13.png,,8B,Unit 2,turn on,,,接通（电流、煤气、水等）；打开,p.16
8b-word-list_01-13.png,,8B,Unit 2,stove,/stəʊv/,n.,厨房灶具；炉子,p.16
8b-word-list_01-13.png,,8B,Unit 2,happily,/ˈhæpɪli/,adv.,快乐地；高兴地,p.16
8b-word-list_01-13.png,,8B,Unit 2,no way,,,不可能；没门,p.16
8b-word-list_01-13.png,,8B,Unit 2,burn,/bɜːn/,v.,"(burnt /bɜːnt/, burnt) 燃烧；着火",p.16
8b-word-list_01-13.png,,8B,Unit 2,on fire,,,着火；起火,p.16
8b-word-list_01-13.png,,8B,Unit 2,flame,/fleɪm/,n.,火焰,p.16
8b-word-list_01-13.png,,8B,Unit 2,panic,/ˈpænɪk/,n.,惊恐；恐慌,p.16
8b-word-list_01-13.png,,8B,Unit 2,onto,/ˈɒntuː; ˈɒntə/,prep.,向；朝,p.16
8b-word-list_01-13.png,,8B,Unit 2,throw,/θrəʊ/,v.,"(threw /θruː/, thrown /θrəʊn/) 猛动身体（部位）；扔；抛",p.16
8b-word-list_01-13.png,,8B,Unit 2,roll,/rəʊl/,v.,(使)翻滚；滚动,p.16
8b-word-list_01-13.png,,8B,Unit 2,quick,/kwɪk/,adj. adv.,adj. 快的；迅速的 adv. 迅速地；快速地,p.16
8b-word-list_01-13.png,,8B,Unit 2,be about to,,,即将；正要（做某事）,p.16
8b-word-list_01-13.png,,8B,Unit 2,stop short,,,突然停住,p.16
8b-word-list_01-13.png,,8B,Unit 2,aid,/eɪd/,n. & v.,帮助；援助,p.16
8b-word-list_01-13.png,,8B,Unit 2,first aid,,,急救,p.16
8b-word-list_01-13.png,,8B,Unit 2,safety,/ˈseɪfti/,n.,安全；安全处所,p.16
8b-word-list_01-13.png,,8B,Unit 2,extinguisher,/ɪkˈstɪŋgwɪʃə(r)/,n.,灭火器,p.16
8b-word-list_01-13.png,,8B,Unit 2,eat out,,,上馆子吃饭；在外用餐,p.17
8b-word-list_01-13.png,,8B,Unit 2,tonight,/təˈnaɪt/,adv. n.,adv. 在今晚 n. 今夜；今晚,p.17
8b-word-list_01-13.png,,8B,Unit 2,sadly,/ˈsædli/,adv.,伤心地；令人遗憾,p.17
8b-word-list_01-13.png,,8B,Unit 2,smoke,/sməʊk/,n. v.,n. 烟 v. 吸烟；冒烟,p.17
8b-word-list_01-13.png,,8B,Unit 2,unfortunately,/ʌnˈfɔːtʃənətli/,adv.,不幸地；可惜地,p.17
8b-word-list_01-13.png,,8B,Unit 2,luckily,/ˈlʌkɪli/,adv.,幸运地,p.17
8b-word-list_01-13.png,,8B,Unit 2,badly,/ˈbædli/,adv.,"(worse /wɜːs/, worst /wɜːst/) 严重地",p.17
8b-word-list_01-13.png,,8B,Unit 2,harm,/hɑːm/,n. & v.,伤害；损害,p.17
8b-word-list_01-13.png,,8B,Unit 2,pill,/pɪl/,n.,药丸；药片,p.18
8b-word-list_01-13.png,,8B,Unit 2,painful,/ˈpeɪnfl/,adj.,（身体部位）疼痛的；令人痛苦的,p.18
8b-word-list_01-13.png,,8B,Unit 2,lie,/laɪ/,v.,"(lay /leɪ/, lain /leɪn/) 平躺；平放",p.18
8b-word-list_01-13.png,,8B,Unit 2,lie down,,,平躺；平卧,p.18
8b-word-list_01-13.png,,8B,Unit 2,harmful,/ˈhɑːmfl/,adj.,有害的,p.18
8b-word-list_01-13.png,,8B,Unit 2,hit,/hɪt/,v. n.,"v. (hit, hit) 碰撞；击；打 n. 打；击；击中",p.18
8b-word-list_01-13.png,,8B,Unit 2,shock,/ʃɒk/,n. v.,n. 震惊；令人震惊的事 v. 使震惊；使惊愕,p.18
8b-word-list_01-13.png,,8B,Unit 2,bleed,/bliːd/,v.,"(bled /bled/, bled) 流血；出血",p.18
8b-word-list_01-13.png,,8B,Unit 2,check,/tʃek/,v. n.,v. 检查；查明 n. 检查；调查,p.18
8b-word-list_01-13.png,,8B,Unit 2,tight,/taɪt/,adj.,疼痛的；憋气的；紧的；牢固的,p.19
8b-word-list_01-13.png,,8B,Unit 2,peanut,/ˈpiːnʌt/,n.,花生,p.19
8b-word-list_01-13.png,,8B,Unit 2,nervously,/ˈnɜːvəsli/,adv.,紧张不安地,p.19
8b-word-list_01-13.png,,8B,Unit 2,allergic,/əˈlɜːdʒɪk/,adj.,过敏的,p.19
8b-word-list_01-13.png,,8B,Unit 2,from now on,,,从现在起,p.19
8b-word-list_01-13.png,,8B,Unit 2,Ben,/ben/,,本,p.12
8b-word-list_01-13.png,,8B,Unit 2,Nancy,/ˈnænsi/,,南希,p.12
8b-word-list_01-13.png,,8B,Unit 2,Jeff,/dʒef/,,杰夫,p.13
8b-word-list_01-13.png,,8B,Unit 2,James,/dʒeɪmz/,,詹姆斯,p.16
8b-word-list_01-13.png,,8B,Unit 2,Allen,/ˈælən/,,艾伦,p.16
8b-word-list_01-13.png,,8B,Unit 2,Kelly,/ˈkeli/,,凯莉,p.18
8b-word-list_01-13.png,,8B,Unit 2,Cooper,/ˈkuːpə(r)/,,库珀,p.19
8b-word-list_01-13.png,,8B,Unit 3,deal with,,,处理；对付,p.21
8b-word-list_01-13.png,,8B,Unit 3,emotion,/ɪˈməʊʃn/,n.,情感；情绪,p.21
8b-word-list_01-13.png,,8B,Unit 3,upset,/ʌpˈset/,adj.,难过的；沮丧的,p.22
8b-word-list_01-13.png,,8B,Unit 3,lonely,/ˈləʊnli/,adj.,孤独的；寂寞的,p.22
8b-word-list_01-13.png,,8B,Unit 3,shocked,/ʃɒkt/,adj.,震惊的,p.22
8b-word-list_01-13.png,,8B,Unit 3,alone,/əˈləʊn/,adv.,独自；单独,p.22
8b-word-list_01-13.png,,8B,Unit 3,control,/kənˈtrəʊl/,v. & n.,控制,p.22
8b-word-list_01-13.png,,8B,Unit 3,anger,/ˈæŋgə(r)/,n.,怒火,p.22
8b-word-list_01-13.png,,8B,Unit 3,advise,/ədˈvaɪz/,v.,建议；劝告,p.22
8b-word-list_01-13.png,,8B,Unit 3,hurtful,/ˈhɜːtfl/,adj.,伤感情的,p.22
8b-word-list_01-13.png,,8B,Unit 3,in future,,,今后；从今以后,p.23
8b-word-list_01-13.png,,8B,Unit 3,forgive,/fəˈgɪv/,v.,"(forgave /fəˈgeɪv/, forgiven /fəˈgɪvn/) 原谅；宽恕",p.23
8b-word-list_01-13.png,,8B,Unit 3,fault,/fɔːlt/,n.,过错；责任,p.23
8b-word-list_01-13.png,,8B,Unit 3,clear the air,,,尽释前嫌,p.23
8b-word-list_01-13.png,,8B,Unit 3,present,/ˈpreznt/,n.,礼物,p.23
8b-word-list_01-13.png,,8B,Unit 3,standard,/ˈstændəd/,n. adj.,n. 标准；水平 adj. 标准的,p.24
8b-word-list_01-13.png,,8B,Unit 3,award,/əˈwɔːd/,n.,奖；奖品,p.24
8b-word-list_01-13.png,,8B,Unit 3,get across,,,解释清楚；传达,p.24
8b-word-list_01-13.png,,8B,Unit 3,clearly,/ˈklɪəli/,adv.,清楚地,p.24
8b-word-list_01-13.png,,8B,Unit 3,pressure,/ˈpreʃə(r)/,n.,压力,p.24
8b-word-list_01-13.png,,8B,Unit 3,purpose,/ˈpɜːpəs/,n.,目的；意图,p.25
8b-word-list_01-13.png,,8B,Unit 3,on purpose,,,故意；有意地,p.25
8b-word-list_01-13.png,,8B,Unit 3,reduce by half,,,减少一半,p.25
8b-word-list_01-13.png,,8B,Unit 3,apologize,/əˈpɒlədʒaɪz/,(= apologise) v.,道歉,p.25
8b-word-list_01-13.png,,8B,Unit 3,put oneself in sb's shoes,,,设身处地；处于某人的境地,p.25
8b-word-list_01-13.png,,8B,Unit 3,shut,/ʃʌt/,v.,"(shut, shut) 关闭；合上；住嘴",p.25
8b-word-list_01-13.png,,8B,Unit 3,shut sb/sth away,,,把……关（藏）起来；隔离,p.25
8b-word-list_01-13.png,,8B,Unit 3,lastly,/ˈlɑːstli/,adv.,最后,p.25
8b-word-list_01-13.png,,8B,Unit 3,plenty,/ˈplenti/,pron.,充足；丰富；大量,p.25
8b-word-list_01-13.png,,8B,Unit 3,plenty of,,,充足；大量,p.25
8b-word-list_01-13.png,,8B,Unit 3,feel blue,,,感到忧郁的,p.26
8b-word-list_01-13.png,,8B,Unit 3,on top of the world,,,欢天喜地,p.26
8b-word-list_01-13.png,,8B,Unit 3,all smiles,,,笑容满面,p.26
8b-word-list_01-13.png,,8B,Unit 3,low,/ləʊ/,adj.,沮丧的；低的,p.26
8b-word-list_01-13.png,,8B,Unit 3,in low spirits,,,情绪低落；精神不振,p.26
8b-word-list_01-13.png,,8B,Unit 3,ring,/rɪŋ/,v.,"(rang /ræŋ/, rung /rʌŋ/) 发出铃声",p.26
8b-word-list_01-13.png,,8B,Unit 3,enter,/ˈentə(r)/,v.,进入,p.26
8b-word-list_01-13.png,,8B,Unit 3,dare,/deə(r)/,v. & modal v.,敢于,p.26
8b-word-list_01-13.png,,8B,Unit 3,everybody,/ˈevribɒdi/,pron.,每人；所有人,p.26
8b-word-list_01-13.png,,8B,Unit 3,let down,,,使失望,p.26
8b-word-list_01-13.png,,8B,Unit 3,be hard on,,,对……苛刻或过分严厉,p.26
8b-word-list_01-13.png,,8B,Unit 3,player,/ˈpleɪə(r)/,n.,运动员；选手,p.26
8b-word-list_01-13.png,,8B,Unit 3,referee,/ˌrefəˈriː/,n.,裁判,p.26
8b-word-list_01-13.png,,8B,Unit 3,take back,,,撤回；收回,p.26
8b-word-list_01-13.png,,8B,Unit 3,decision,/dɪˈsɪʒn/,n.,决定,p.26
8b-word-list_01-13.png,,8B,Unit 3,kick oneself,,,（因干了蠢事等）自责或懊恼,p.26
8b-word-list_01-13.png,,8B,Unit 3,look on the bright side,,,从好的方面想；抱乐观态度,p.26
8b-word-list_01-13.png,,8B,Unit 3,score,/skɔː(r)/,n.,得分；比分,p.26
8b-word-list_01-13.png,,8B,Unit 3,proud,/praʊd/,adj.,骄傲的；自豪的,p.26
8b-word-list_01-13.png,,8B,Unit 3,proud of,,,为……感到骄傲,p.26
8b-word-list_01-13.png,,8B,Unit 3,coach,/kəʊtʃ/,n.,教练,p.26
8b-word-list_01-13.png,,8B,Unit 3,as well,,,也；又,p.26
8b-word-list_01-13.png,,8B,Unit 3,bit,/bɪt/,n.,有点儿；稍微,p.26
8b-word-list_01-13.png,,8B,Unit 3,a bit,,,有点儿；稍微,p.26
8b-word-list_01-13.png,,8B,Unit 3,repeat,/rɪˈpiːt/,v.,重复,p.26
8b-word-list_01-13.png,,8B,Unit 3,pull together,,,齐心协力；通力合作,p.26
8b-word-list_01-13.png,,8B,Unit 3,though,/ðəʊ/,conj.,虽然；尽管,p.27
8b-word-list_01-13.png,,8B,Unit 3,even though,,,即使；虽然,p.27
8b-word-list_01-13.png,,8B,Unit 3,solution,/səˈluːʃn/,n.,解决办法；解决,p.27
8b-word-list_01-13.png,,8B,Unit 3,joyful,/ˈdʒɔɪfl/,adj.,高兴的；令人愉快的,p.28
8b-word-list_01-13.png,,8B,Unit 3,thankful,/ˈθæŋkfl/,adj.,感谢的；感激的,p.28
8b-word-list_01-13.png,,8B,Unit 3,negative,/ˈnegətɪv/,adj.,否定的；消极的,p.28
8b-word-list_01-13.png,,8B,Unit 3,bully,/ˈbʊli/,v. n.,v. 霸凌；恐吓 n. 恶霸,p.28
8b-word-list_01-13.png,,8B,Unit 3,shout at sb,,,冲某人喊叫,p.28
8b-word-list_01-13.png,,8B,Unit 3,from time to time,,,不时；偶尔,p.28
8b-word-list_01-13.png,,8B,Unit 3,behave,/bɪˈheɪv/,v.,表现；举止得体,p.28
8b-word-list_01-13.png,,8B,Unit 3,differently,/ˈdɪfrəntli/,adv.,不同地,p.28
8b-word-list_01-13.png,,8B,Unit 3,physics,/ˈfɪzɪks/,n.,物理；物理学,p.28
8b-word-list_01-13.png,,8B,Unit 3,awake,/əˈweɪk/,adj.,醒着的,p.28
8b-word-list_01-13.png,,8B,Unit 3,normal,/ˈnɔːml/,adj.,正常的；普通的,p.28
8b-word-list_01-13.png,,8B,Unit 3,mad,/mæd/,adj.,发狂的；疯的,p.28
8b-word-list_01-13.png,,8B,Unit 3,mean,/miːn/,adj.,刻薄的；吝啬的,p.28
8b-word-list_01-13.png,,8B,Unit 3,deep,/diːp/,adj.,深的；有……深的,p.28
8b-word-list_01-13.png,,8B,Unit 3,take a deep breath,,,深呼吸,p.28
8b-word-list_01-13.png,,8B,Unit 3,pass away,,,去世（委婉说法）,p.29
8b-word-list_01-13.png,,8B,Unit 3,anybody,/ˈenibɒdi/,pron.,任何人,p.29
8b-word-list_01-13.png,,8B,Unit 3,remain,/rɪˈmeɪn/,v.,继续存在；保持不变,p.29
8b-word-list_01-13.png,,8B,Unit 3,not only … but also …,,,不但……而且……,p.29
8b-word-list_01-13.png,,8B,Unit 3,Thompson,/ˈtɒmpsən/,,汤普森,p.29
8b-word-list_01-13.png,,8B,Unit 4,wonder,/ˈwʌndə(r)/,n. v.,n. 奇观；惊叹 v. 琢磨；想知道；感到诧异,p.31
8b-word-list_01-13.png,,8B,Unit 4,measurement,/ˈmeʒəmənt/,n.,数量；测量,p.32
8b-word-list_01-13.png,,8B,Unit 4,square kilometre,,,平方千米,p.32
8b-word-list_01-13.png,,8B,Unit 4,below,/bɪˈləʊ/,prep. adv.,prep. 在（或到）……下面；少于；低于 adv. 在（或到）下面,p.32
8b-word-list_01-13.png,,8B,Unit 4,level,/ˈlevl/,n.,高度；水平；程度,p.32
8b-word-list_01-13.png,,8B,Unit 4,surface,/ˈsɜːfɪs/,n.,表面；表层,p.32
8b-word-list_01-13.png,,8B,Unit 4,depth,/depθ/,n.,深（度）；纵深,p.33
8b-word-list_01-13.png,,8B,Unit 4,dive,/daɪv/,v. & n.,潜水；跳水；俯冲,p.33
8b-word-list_01-13.png,,8B,Unit 4,research,/rɪˈsɜːtʃ/,v. & n.,研究；调查,p.33
8b-word-list_01-13.png,,8B,Unit 4,vessel,/ˈvesl/,n.,大船；轮船,p.33
8b-word-list_01-13.png,,8B,Unit 4,unusual,/ʌnˈjuːʒuəl/,adj.,特别的；不寻常的,p.33
8b-word-list_01-13.png,,8B,Unit 4,bottom,/ˈbɒtəm/,n.,底部；最下部,p.33
8b-word-list_01-13.png,,8B,Unit 4,waterfall,/ˈwɔːtəfɔːl/,n.,瀑布,p.34
8b-word-list_01-13.png,,8B,Unit 4,civilization,/ˌsɪvəlaɪˈzeɪʃn/,(= civilisation) n.,文明,p.34
8b-word-list_01-13.png,,8B,Unit 4,means,/miːnz/,n.,(pl. means) 方式；途径,p.34
8b-word-list_01-13.png,,8B,Unit 4,development,/dɪˈveləpmənt/,n.,发展；壮大,p.34
8b-word-list_01-13.png,,8B,Unit 4,desert,/ˈdezət/,n.,沙漠；荒原,p.34
8b-word-list_01-13.png,,8B,Unit 4,cubic,/ˈkjuːbɪk/,adj.,立方的,p.35
8b-word-list_01-13.png,,8B,Unit 4,mile,/maɪl/,n.,英里,p.35
8b-word-list_01-13.png,,8B,Unit 4,pool,/puːl/,n.,池塘；水坑,p.35
8b-word-list_01-13.png,,8B,Unit 4,climber,/ˈklaɪmə(r)/,n.,攀登者；登山者,p.36
8b-word-list_01-13.png,,8B,Unit 4,northern,/ˈnɔːðən/,adj.,北部的；向北的,p.36
8b-word-list_01-13.png,,8B,Unit 4,distance,/ˈdɪstəns/,n.,距离；遥远,p.36
8b-word-list_01-13.png,,8B,Unit 4,survive,/səˈvaɪv/,v.,生存；存活；艰难度过,p.36
8b-word-list_01-13.png,,8B,Unit 4,condition,/kənˈdɪʃn/,n.,状态；境况,p.36
8b-word-list_01-13.png,,8B,Unit 4,degree,/dɪˈgriː/,n.,度；度数；程度,p.36
8b-word-list_01-13.png,,8B,Unit 4,cliff,/klɪf/,n.,悬崖；峭壁,p.36
8b-word-list_01-13.png,,8B,Unit 4,changeable,/ˈtʃeɪndʒəbl/,adj.,可能变化的；易变的；常变的,p.36
8b-word-list_01-13.png,,8B,Unit 4,death,/deθ/,n.,死亡；毁灭；破灭,p.36
8b-word-list_01-13.png,,8B,Unit 4,determined,/dɪˈtɜːmɪnd/,adj.,有决心的；坚决的,p.36
8b-word-list_01-13.png,,8B,Unit 4,above,/əˈbʌv/,prep. adv.,prep. 在（或向）上面；超过 adv. 在（或向）上面；在（或向）高处；超过,p.36
8b-word-list_01-13.png,,8B,Unit 4,teammate,/ˈtiːmeɪt/,n.,同队队员；队友,p.36
8b-word-list_01-13.png,,8B,Unit 4,shoulder,/ˈʃəʊldə(r)/,n.,肩膀；肩部,p.36
8b-word-list_01-13.png,,8B,Unit 4,bit by bit,,,一点一点地；逐渐地,p.36
8b-word-list_01-13.png,,8B,Unit 4,ladder,/ˈlædə(r)/,n.,梯子；阶梯；途径,p.37
8b-word-list_01-13.png,,8B,Unit 4,measure,/ˈmeʒə(r)/,v. n.,v. 测量；量度为 n. 措施；度量单位,p.37
8b-word-list_01-13.png,,8B,Unit 4,successfully,/səkˈsesfəli/,adv.,成功地；顺利地,p.37
8b-word-list_01-13.png,,8B,Unit 4,risk,/rɪsk/,v. n.,v. 使……冒风险（或面临危险） n. 危险；风险,p.37
8b-word-list_01-13.png,,8B,Unit 4,curiosity,/ˌkjʊəriˈɒsəti/,n.,好奇心；求知欲,p.37
8b-word-list_01-13.png,,8B,Unit 4,ambition,/æmˈbɪʃn/,n.,追求的目标；野心；雄心,p.37
8b-word-list_01-13.png,,8B,Unit 4,explorer,/ɪkˈsplɔːrə(r)/,n.,探险者；勘探者,p.37
8b-word-list_01-13.png,,8B,Unit 4,simply,/ˈsɪmpli/,adv.,仅仅；只；简单地,p.37
8b-word-list_01-13.png,,8B,Unit 4,risky,/ˈrɪski/,adj.,有危险（或风险）的,p.38
8b-word-list_01-13.png,,8B,Unit 4,southern,/ˈsʌðən/,adj.,南部的；向南的,p.38
8b-word-list_01-13.png,,8B,Unit 4,located,/ləʊˈkeɪtɪd/,adj.,位于；坐落在,p.38
8b-word-list_01-13.png,,8B,Unit 4,freshwater,/ˈfreʃwɔːtə(r)/,adj.,淡水的；淡水中生长的,p.38
8b-word-list_01-13.png,,8B,Unit 4,type,/taɪp/,n.,类型；种类,p.38
8b-word-list_01-13.png,,8B,Unit 4,attract,/əˈtrækt/,v.,吸引；招引；引起（反应）,p.38
8b-word-list_01-13.png,,8B,Unit 4,curious,/ˈkjʊəriəs/,adj.,好奇的；求知欲强的,p.38
8b-word-list_01-13.png,,8B,Unit 4,traveller,/ˈtrævələ(r)/,(= traveler) n.,旅行者；游客,p.38
8b-word-list_01-13.png,,8B,Unit 4,natural,/ˈnætʃrəl/,adj.,自然的；天然的；天生的,p.38
8b-word-list_01-13.png,,8B,Unit 4,underwater,/ˌʌndəˈwɔːtə(r)/,adj. adv.,adj. 水下的；用于水下的 adv. 在水下,p.39
8b-word-list_01-13.png,,8B,Unit 4,northeastern,/ˌnɔːθˈiːstən/,adj.,东北的；东北方向的,p.39
8b-word-list_01-13.png,,8B,Unit 4,coast,/kəʊst/,n.,海岸；海滨,p.39
8b-word-list_01-13.png,,8B,Unit 4,coral,/ˈkɒrəl/,n.,珊瑚；珊瑚虫,p.39
8b-word-list_01-13.png,,8B,Unit 4,reef,/riːf/,n.,礁；礁脉,p.39
8b-word-list_01-13.png,,8B,Unit 4,include,/ɪnˈkluːd/,v.,包含；包括,p.39
8b-word-list_01-13.png,,8B,Unit 4,sand,/sænd/,n.,沙子,p.39
8b-word-list_01-13.png,,8B,Unit 4,alive,/əˈlaɪv/,adj.,活着；在世；有活力,p.39
8b-word-list_01-13.png,,8B,Unit 4,structure,/ˈstrʌktʃə(r)/,n.,结构（体）；构造；体系,p.39
8b-word-list_01-13.png,,8B,Unit 4,snorkel,/ˈsnɔːkl/,v. n.,v. 使用呼吸管潜泳 n. （浮潜用的）呼吸管,p.39
8b-word-list_01-13.png,,8B,Unit 4,school,/skuːl/,n.,（鱼、鲸、海豚等的）群,p.39
8b-word-list_01-13.png,,8B,Unit 4,turtle,/ˈtɜːtl/,n.,海龟；龟,p.39
8b-word-list_01-13.png,,8B,Unit 4,lifetime,/ˈlaɪftaɪm/,n.,一生；终身,p.39
8b-word-list_01-13.png,,8B,Unit 4,Nile River,/naɪl/,,尼罗河,p.32
8b-word-list_01-13.png,,8B,Unit 4,Angel Falls,/ˈeɪndʒl/,,天使瀑布,p.32
8b-word-list_01-13.png,,8B,Unit 4,Mount Qomolangma,/ˌtʃəʊməʊ ˈlɑːŋmə/,,珠穆朗玛峰,p.32
8b-word-list_01-13.png,,8B,Unit 4,Dead Sea,,,死海,p.32
8b-word-list_01-13.png,,8B,Unit 4,Sahara Desert,/səˈhɑːrə/,,撒哈拉沙漠,p.32
8b-word-list_01-13.png,,8B,Unit 4,Mariana Trench,/ˌmæriˈænə/ /trentʃ/,,马里亚纳海沟,p.32
8b-word-list_01-13.png,,8B,Unit 4,Titanic,/taɪˈtænɪk/,,泰坦尼克号,p.33
8b-word-list_01-13.png,,8B,Unit 4,Yangtze River,/ˈjæŋtsi/,,长江,p.34
8b-word-list_01-13.png,,8B,Unit 4,Egypt,/ˈiːdʒɪpt/,,埃及,p.34
8b-word-list_01-13.png,,8B,Unit 4,Taklimakan Desert,/ˌtæklməˈkæn/,,塔克拉玛干沙漠,p.34
8b-word-list_01-13.png,,8B,Unit 4,Mount Kilimanjaro,/ˌkɪlɪmənˈdʒɑːrəʊ/,,乞力马扎罗山,p.35
8b-word-list_01-13.png,,8B,Unit 4,Inga Falls,/ˈɪŋgə/,,印加瀑布,p.35
8b-word-list_01-13.png,,8B,Unit 4,East African Rift Valley,/rɪft/ /ˈvæli/,,东非大裂谷,p.35
8b-word-list_01-13.png,,8B,Unit 4,Victoria Falls,/vɪkˈtɔːriə/,,维多利亚瀑布,p.35
8b-word-list_01-13.png,,8B,Unit 4,George Mallory,/dʒɔːdʒ/ /ˈmæləri/,,乔治·马洛里,p.37
8b-word-list_01-13.png,,8B,Unit 4,Siberia,/saɪˈbɪəriə/,,西伯利亚,p.38
8b-word-list_01-13.png,,8B,Unit 4,Lake Baikal,/ˈbaɪkæl/,,贝加尔湖,p.38
8b-word-list_01-13.png,,8B,Unit 4,Belgium,/ˈbeldʒəm/,,比利时,p.38
8b-word-list_01-13.png,,8B,Unit 4,Great Barrier Reef,/ˈbæriə(r)/,,大堡礁,p.39
8b-word-list_01-13.png,,8B,Unit 5,temper,/ˈtempə(r)/,n.,脾气；怒气,p.41
8b-word-list_01-13.png,,8B,Unit 5,earthquake,/ˈɜːθkweɪk/,n.,地震,p.42
8b-word-list_01-13.png,,8B,Unit 5,typhoon,/taɪˈfuːn/,n.,台风,p.42
8b-word-list_01-13.png,,8B,Unit 5,wildfire,/ˈwaɪldfaɪə(r)/,n.,野火,p.42
8b-word-list_01-13.png,,8B,Unit 5,snowstorm,/ˈsnəʊstɔːm/,n.,雪暴；暴风雪,p.42
8b-word-list_01-13.png,,8B,Unit 5,flood,/flʌd/,n. v.,n. 水灾；洪水 v. 泛滥；淹没,p.42
8b-word-list_01-13.png,,8B,Unit 5,drought,/draʊt/,n.,久旱；旱灾,p.42
8b-word-list_01-13.png,,8B,Unit 5,warn,/wɔːn/,v.,警告；提醒注意,p.42
8b-word-list_01-13.png,,8B,Unit 5,do chores,,,做家务,p.42
8b-word-list_01-13.png,,8B,Unit 5,wave,/weɪv/,n. v.,n. 波浪；波；挥手 v. 挥手；挥舞,p.43
8b-word-list_01-13.png,,8B,Unit 5,tsunami,/tsuːˈnɑːmi/,n.,海啸,p.43
8b-word-list_01-13.png,,8B,Unit 5,interview,/ˈɪntəvjuː/,n. v.,n. 采访；面试 v. 采访；对（某人）进行面试,p.43
8b-word-list_01-13.png,,8B,Unit 5,possibly,/ˈpɒsəbli/,adv.,可能；或许,p.43
8b-word-list_01-13.png,,8B,Unit 5,report,/rɪˈpɔːt/,n. & v.,汇报；报道,p.43
8b-word-list_01-13.png,,8B,Unit 5,neighbourhood,/ˈneɪbəhʊd/,n.,街区；临近的地方,p.43
8b-word-list_01-13.png,,8B,Unit 5,roof,/ruːf/,n.,屋顶；顶部,p.43
8b-word-list_01-13.png,,8B,Unit 5,nearly,/ˈnɪəli/,adv.,几乎；差不多；将近,p.43
8b-word-list_01-13.png,,8B,Unit 5,trouble,/ˈtrʌbl/,n. v.,n. 苦恼；困难 v. 使忧虑、苦恼；劳驾；麻烦,p.43
8b-word-list_01-13.png,,8B,Unit 5,relative,/ˈrelətɪv/,n.,亲戚；亲属,p.44
8b-word-list_01-13.png,,8B,Unit 5,truck,/trʌk/,n.,卡车,p.44
8b-word-list_01-13.png,,8B,Unit 5,supply,/səˈplaɪ/,n. v.,n. 供应（量）；(pl. supplies) 补给（品） v. 供应；供给,p.44
8b-word-list_01-13.png,,8B,Unit 5,preparation,/ˌprepəˈreɪʃn/,n.,准备（工作）；预备,p.44
8b-word-list_01-13.png,,8B,Unit 5,make preparations,,,作准备,p.44
8b-word-list_01-13.png,,8B,Unit 5,power,/ˈpaʊə(r)/,n.,电力供应；能量；力量,p.45
8b-word-list_01-13.png,,8B,Unit 5,soundly,/ˈsaʊndli/,adv.,（睡觉）酣畅地；可靠地；完全彻底地,p.45
8b-word-list_01-13.png,,8B,Unit 5,thick,/θɪk/,adj.,厚的；浓密的,p.45
8b-word-list_01-13.png,,8B,Unit 5,beat,/biːt/,v.,"(beat, beaten /ˈbiːtn/) 敲；打",p.45
8b-word-list_01-13.png,,8B,Unit 5,hide,/haɪd/,v.,"(hid /hɪd/, hidden /ˈhɪdn/) 躲藏；隐蔽",p.45
8b-word-list_01-13.png,,8B,Unit 5,tornado,/tɔːˈneɪdəʊ/,n.,龙卷风；旋风,p.45
8b-word-list_01-13.png,,8B,Unit 5,worst,/wɜːst/,adj. & adv.,最坏（的）；最糟（的）,p.46
8b-word-list_01-13.png,,8B,Unit 5,schoolgirl,/ˈskuːlgɜːl/,n.,（学校的）女生,p.46
8b-word-list_01-13.png,,8B,Unit 5,froth,/frɒθ/,n.,泡；泡沫,p.46
8b-word-list_01-13.png,,8B,Unit 5,refuse,/rɪˈfjuːz/,v.,拒绝；退却,p.46
8b-word-list_01-13.png,,8B,Unit 5,security,/sɪˈkjʊərəti/,n.,安全；保安；保障,p.46
8b-word-list_01-13.png,,8B,Unit 5,guard,/gɑːd/,n. v.,n. 卫兵；保卫 v. 保卫,p.46
8b-word-list_01-13.png,,8B,Unit 5,security guard,,,保安人员,p.46
8b-word-list_01-13.png,,8B,Unit 5,nearby,/ˌnɪəˈbaɪ/,adj. adv.,adj. 附近的 adv. 在附近,p.46
8b-word-list_01-13.png,,8B,Unit 5,scream,/skriːm/,v.,尖叫,p.46
8b-word-list_01-13.png,,8B,Unit 5,thankfully,/ˈθæŋkfəli/,adv.,幸亏；感激地,p.47
8b-word-list_01-13.png,,8B,Unit 5,knowledge,/ˈnɒlɪdʒ/,n.,知识；学问,p.47
8b-word-list_01-13.png,,8B,Unit 5,thinking,/ˈθɪŋkɪŋ/,n.,思考；想法,p.47
8b-word-list_01-13.png,,8B,Unit 5,except for,,,除……之外,p.47
8b-word-list_01-13.png,,8B,Unit 5,as soon as,,,一……就……,p.47
8b-word-list_01-13.png,,8B,Unit 5,hero,/ˈhɪərəʊ/,n.,(pl. heroes) 英雄；男主角；偶像,p.47
8b-word-list_01-13.png,,8B,Unit 5,landslide,/ˈlændslaɪd/,n.,（山坡或悬崖的）滑坡；塌方,p.48
8b-word-list_01-13.png,,8B,Unit 5,safeguard,/ˈseɪfgɑːd/,v. n.,v. 保护；捍卫 n. 安全设施,p.48
8b-word-list_01-13.png,,8B,Unit 5,floodwater,/ˈflʌdwɔːtə(r)/,n.,洪水,p.48
8b-word-list_01-13.png,,8B,Unit 5,manpower,/ˈmænpaʊə(r)/,n.,劳动力；人力,p.48
8b-word-list_01-13.png,,8B,Unit 5,heartbeat,/ˈhɑːtbiːt/,n.,心跳（声）,p.48
8b-word-list_01-13.png,,8B,Unit 5,rescue,/ˈreskjuː/,n. v.,n. 救援 v. 援救；营救,p.48
8b-word-list_01-13.png,,8B,Unit 5,heatwave,/ˈhiːtweɪv/,n.,热浪,p.48
8b-word-list_01-13.png,,8B,Unit 5,since,/sɪns/,prep. adv. conj.,"prep., adv. & conj. 自……以后；从……以来 conj. 既然；由于",p.48
8b-word-list_01-13.png,,8B,Unit 5,southwestern,/ˌsaʊθˈwestən/,adj.,西南的；西南方向的,p.48
8b-word-list_01-13.png,,8B,Unit 5,firefighter,/ˈfaɪəfaɪtə(r)/,n.,消防队员,p.48
8b-word-list_01-13.png,,8B,Unit 5,volunteer,/ˌvɒlənˈtɪə(r)/,n. v.,n. 志愿者；自告奋勇者 v. 自愿做；义务做,p.48
8b-word-list_01-13.png,,8B,Unit 5,terribly,/ˈterəbli/,adv.,非常糟地；非常,p.49
8b-word-list_01-13.png,,8B,Unit 5,alarm,/əˈlɑːm/,n.,警报（器）；惊恐,p.49
8b-word-list_01-13.png,,8B,Unit 5,alarm clock,,,闹钟,p.49
8b-word-list_01-13.png,,8B,Unit 5,wake up,,,醒来,p.49
8b-word-list_01-13.png,,8B,Unit 5,go off,,,（警报器等）突然发出巨响,p.49
8b-word-list_01-13.png,,8B,Unit 5,review,/rɪˈvjuː/,v. n.,v. 复习；回顾；复查 n. 回顾；审查,p.49
8b-word-list_01-13.png,,8B,Unit 5,sudden,/ˈsʌdn/,adj.,突然的；骤然的,p.49
8b-word-list_01-13.png,,8B,Unit 5,all of a sudden,,,突然；猛地,p.49
8b-word-list_01-13.png,,8B,Unit 5,thunder,/ˈθʌndə(r)/,n. v.,n. 雷；雷声 v. 打雷；发出雷鸣般响声,p.49
8b-word-list_01-13.png,,8B,Unit 5,by the time,,,到……的时候,p.49
8b-word-list_01-13.png,,8B,Unit 5,usual,/ˈjuːʒuəl/,adj.,通常的；寻常的,p.49
8b-word-list_01-13.png,,8B,Unit 5,out of breath,,,上气不接下气,p.49
8b-word-list_01-13.png,,8B,Unit 5,rainstorm,/ˈreɪnstɔːm/,n.,暴风雨,p.49
8b-word-list_01-13.png,,8B,Unit 5,as a result,,,因此,p.49
8b-word-list_01-13.png,,8B,Unit 5,unlucky,/ʌnˈlʌki/,adj.,不幸的；不顺利的；不吉利的,p.49
8b-word-list_01-13.png,,8B,Unit 5,rainy,/ˈreɪni/,adj.,阴雨的；多雨的,p.49
8b-word-list_01-13.png,,8B,Unit 5,go wrong,,,出现问题；发生故障；搞错,p.49
8b-word-list_01-13.png,,8B,Unit 5,Tilly,/ˈtɪli/,,蒂莉,p.46
8b-word-list_01-13.png,,8B,Unit 5,Phuket,/ˌpuːˈket/,,普吉岛,p.46
8b-word-list_01-13.png,,8B,Unit 5,Indonesia,/ˌɪndəˈniːʒə/,,印度尼西亚,p.46
8b-word-list_01-13.png,,8B,Unit 5,Japan,/dʒəˈpæn/,,日本,p.48
8b-word-list_01-13.png,,8B,Unit 6,shake,/ʃeɪk/,v.,"(shook /ʃʊk/, shaken /ˈʃeɪkən/) 与（某人）握手；摇动",p.52
8b-word-list_01-13.png,,8B,Unit 6,bow,/baʊ/,v. & n.,鞠躬,p.52
8b-word-list_01-13.png,,8B,Unit 6,bump,/bʌmp/,v. n.,v. 碰；撞 n. 碰撞；（撞击造成的）肿块,p.52
8b-word-list_01-13.png,,8B,Unit 6,fist,/fɪst/,n.,拳头,p.52
8b-word-list_01-13.png,,8B,Unit 6,rub,/rʌb/,v.,摩擦；揉,p.52
8b-word-list_01-13.png,,8B,Unit 6,kiss,/kɪs/,v. n.,v. 亲吻 n. 吻,p.52
8b-word-list_01-13.png,,8B,Unit 6,cheek,/tʃiːk/,n.,脸颊,p.52
8b-word-list_01-13.png,,8B,Unit 6,hug,/hʌg/,v. & n.,拥抱,p.52
8b-word-list_01-13.png,,8B,Unit 6,embarrassed,/ɪmˈbærəst/,adj.,尴尬的,p.52
8b-word-list_01-13.png,,8B,Unit 6,confused,/kənˈfjuːzd/,adj.,困惑的,p.52
8b-word-list_01-13.png,,8B,Unit 6,formal,/ˈfɔːml/,adj.,正式的,p.52
8b-word-list_01-13.png,,8B,Unit 6,curry,/ˈkʌri/,n.,咖喱菜,p.53
8b-word-list_01-13.png,,8B,Unit 6,rude,/ruːd/,adj.,粗鲁的,p.53
8b-word-list_01-13.png,,8B,Unit 6,uncommon,/ʌnˈkɒmən/,adj.,罕见的；不寻常的,p.53
8b-word-list_01-13.png,,8B,Unit 6,palm,/pɑːm/,n.,手掌,p.53
8b-word-list_01-13.png,,8B,Unit 6,namaste,,,有礼了（印度人行合十礼时口中所念之词）,p.53
8b-word-list_01-13.png,,8B,Unit 6,fork,/fɔːk/,n.,叉子,p.53
8b-word-list_01-13.png,,8B,Unit 6,Indian,/ˈɪndiən/,adj. n.,adj. 印度的；印度人的 n. 印度人,p.53
8b-word-list_01-13.png,,8B,Unit 6,manner,/ˈmænə(r)/,n.,方式；(pl. manners) 礼仪,p.54
8b-word-list_01-13.png,,8B,Unit 6,so … that,,,如此……以至于,p.54
8b-word-list_01-13.png,,8B,Unit 6,confusing,/kənˈfjuːzɪŋ/,adj.,令人困惑的；难以理解的,p.54
8b-word-list_01-13.png,,8B,Unit 6,unless,/ənˈles/,conj.,除非；如果不,p.54
8b-word-list_01-13.png,,8B,Unit 6,proper,/ˈprɒpə(r)/,adj.,恰当的；正确的,p.54
8b-word-list_01-13.png,,8B,Unit 6,sit up,,,坐直,p.54
8b-word-list_01-13.png,,8B,Unit 6,keep … off,,,使不碰到；使避开,p.54
8b-word-list_01-13.png,,8B,Unit 6,elbow,/ˈelbəʊ/,n.,手肘,p.54
8b-word-list_01-13.png,,8B,Unit 6,serving,/ˈsɜːvɪŋ/,adj. n.,adj. 分菜用的 n. 一份食物,p.54
8b-word-list_01-13.png,,8B,Unit 6,chopstick,/ˈtʃɒpstɪk/,n.,(usually pl.) 筷子,p.54
8b-word-list_01-13.png,,8B,Unit 6,serving chopsticks,,,公筷,p.54
8b-word-list_01-13.png,,8B,Unit 6,embarrassing,/ɪmˈbærəsɪŋ/,adj.,使人难堪的,p.55
8b-word-list_01-13.png,,8B,Unit 6,be/get used to,,,习惯于,p.55
8b-word-list_01-13.png,,8B,Unit 6,cultural,/ˈkʌltʃərəl/,adj.,与文化有关的；文化的,p.55
8b-word-list_01-13.png,,8B,Unit 6,hear from,,,得到……消息,p.56
8b-word-list_01-13.png,,8B,Unit 6,custom,/ˈkʌstəm/,n.,习俗,p.56
8b-word-list_01-13.png,,8B,Unit 6,occasion,/əˈkeɪʒn/,n.,场合；重大活动,p.56
8b-word-list_01-13.png,,8B,Unit 6,nicely,/ˈnaɪsli/,adv.,漂亮地；令人愉快地,p.56
8b-word-list_01-13.png,,8B,Unit 6,blouse,/blaʊz/,n.,（女式）衬衫或短上衣,p.56
8b-word-list_01-13.png,,8B,Unit 6,private,/ˈpraɪvət/,adj.,不喜欢谈论私事的；私人的,p.56
8b-word-list_01-13.png,,8B,Unit 6,whether,/ˈweðə(r)/,conj.,是否,p.56
8b-word-list_01-13.png,,8B,Unit 6,married,/ˈmærid/,adj.,已婚的；婚姻的,p.56
8b-word-list_01-13.png,,8B,Unit 6,merci,,,谢谢（法语）,p.57
8b-word-list_01-13.png,,8B,Unit 6,go a long way,,,帮助很大,p.57
8b-word-list_01-13.png,,8B,Unit 6,au revoir,,,再见（法语）,p.57
8b-word-list_01-13.png,,8B,Unit 6,unsafe,/ʌnˈseɪf/,adj.,不安全的；危险的,p.58
8b-word-list_01-13.png,,8B,Unit 6,improper,/ɪmˈprɒpə(r)/,adj.,不合适的,p.58
8b-word-list_01-13.png,,8B,Unit 6,informal,/ɪnˈfɔːml/,adj.,非正式的,p.58
8b-word-list_01-13.png,,8B,Unit 6,jeans,/dʒiːnz/,n.,牛仔裤,p.58
8b-word-list_01-13.png,,8B,Unit 6,marry,/ˈmæri/,v.,结婚；娶；嫁,p.58
8b-word-list_01-13.png,,8B,Unit 6,congratulate,/kənˈgrætʃuleɪt/,v.,祝贺,p.58
8b-word-list_01-13.png,,8B,Unit 6,Asian,/ˈeɪʃn/,adj. n.,adj. 亚洲的 n. 亚洲人,p.58
8b-word-list_01-13.png,,8B,Unit 6,tradition,/trəˈdɪʃn/,n.,传统,p.58
8b-word-list_01-13.png,,8B,Unit 6,firstly,/ˈfɜːstli/,adv.,第一；首先,p.58
8b-word-list_01-13.png,,8B,Unit 6,secondly,/ˈsekəndli/,adv.,第二；其次,p.58
8b-word-list_01-13.png,,8B,Unit 6,thirdly,/ˈθɜːdli/,adv.,第三,p.58
8b-word-list_01-13.png,,8B,Unit 6,correctly,/kəˈrektli/,adv.,正确地；得体地,p.58
8b-word-list_01-13.png,,8B,Unit 6,receive,/rɪˈsiːv/,v.,收到,p.59
8b-word-list_01-13.png,,8B,Unit 6,sign-off,/ˈsaɪn ɒf/,n.,结束写信,p.59
8b-word-list_01-13.png,,8B,Unit 6,main,/meɪn/,adj.,主要的,p.59
8b-word-list_01-13.png,,8B,Unit 6,in one's forties,,,四十多岁,p.59
8b-word-list_01-13.png,,8B,Unit 6,FALSE,/fɔːls/,adj.,错误的；不真实的,p.59
8b-word-list_01-13.png,,8B,Unit 6,impression,/ɪmˈpreʃn/,n.,印象,p.59
8b-word-list_01-13.png,,8B,Unit 6,cheer,/tʃɪə(r)/,n. v.,n. 欢呼 v. 庆祝,p.59
8b-word-list_01-13.png,,8B,Unit 6,cheers,/tʃɪəz/,interj.,再见；干杯,p.59
8b-word-list_01-13.png,,8B,Unit 6,Ji-Hoon,,,智勋（朝鲜或韩国人名）,p.52
8b-word-list_01-13.png,,8B,Unit 6,Kaito,,,海斗（日本人名）,p.52
8b-word-list_01-13.png,,8B,Unit 6,Marie,/məˈriː/,,玛丽,p.52
8b-word-list_01-13.png,,8B,Unit 6,Türkiye,/tɜːkijə/,,土耳其,p.55
8b-word-list_01-13.png,,8B,Unit 6,Mexico,/ˈmeksɪkəʊ/,,墨西哥,p.55
8b-word-list_01-13.png,,8B,Unit 6,Peru,/pəˈruː/,,秘鲁,p.55
8b-word-list_01-13.png,,8B,Unit 6,Germany,/ˈdʒɜːməni/,,德国,p.55
8b-word-list_01-13.png,,8B,Unit 6,Paris,/ˈpæris/,,巴黎（法国首都）,p.56
8b-word-list_01-13.png,,8B,Unit 7,a good read,,,好的读物；好书（或文章等）,p.61
8b-word-list_01-13.png,,8B,Unit 7,adventure,/ədˈventʃə(r)/,n.,冒险；冒险经历,p.62
8b-word-list_01-13.png,,8B,Unit 7,fantasy,/ˈfæntəsi/,n.,幻想；幻想作品,p.62
8b-word-list_01-13.png,,8B,Unit 7,mystery,/ˈmɪstri/,n.,悬疑小说（或电影、戏剧）；神秘的事物；奥秘,p.62
8b-word-list_01-13.png,,8B,Unit 7,fiction,/ˈfɪkʃn/,n.,小说,p.62
8b-word-list_01-13.png,,8B,Unit 7,science fiction,,,科幻小说（或影片等）,p.62
8b-word-list_01-13.png,,8B,Unit 7,detective,/dɪˈtektɪv/,n.,侦探,p.62
8b-word-list_01-13.png,,8B,Unit 7,alien,/ˈeɪliən/,n.,外星人,p.62
8b-word-list_01-13.png,,8B,Unit 7,attack,/əˈtæk/,v. & n.,攻击；进攻,p.62
8b-word-list_01-13.png,,8B,Unit 7,historical,/hɪˈstɒrɪkl/,adj.,历史的；有关历史的,p.63
8b-word-list_01-13.png,,8B,Unit 7,force,/fɔːs/,v. n.,v. 强迫；迫使；用力推动 n. 力；武力,p.63
8b-word-list_01-13.png,,8B,Unit 7,steal,/stiːl/,v.,"(stole /stəʊl/, stolen /ˈstəʊlən/) 偷；窃取",p.63
8b-word-list_01-13.png,,8B,Unit 7,punish,/ˈpʌnɪʃ/,v.,惩罚；处罚,p.63
8b-word-list_01-13.png,,8B,Unit 7,idiom,/ˈɪdiəm/,n.,习语；成语,p.63
8b-word-list_01-13.png,,8B,Unit 7,recently,/ˈriːsntli/,adv.,最近；不久前,p.64
8b-word-list_01-13.png,,8B,Unit 7,lost,/lɒst/,adj.,迷路的；丢失的；失去的,p.64
8b-word-list_01-13.png,,8B,Unit 7,get lost,,,迷路,p.64
8b-word-list_01-13.png,,8B,Unit 7,hear of,,,听说；得知,p.65
8b-word-list_01-13.png,,8B,Unit 7,recommend,/ˌrekəˈmend/,v.,推荐；建议,p.65
8b-word-list_01-13.png,,8B,Unit 7,society,/səˈsaɪəti/,n.,社会；社团,p.65
8b-word-list_01-13.png,,8B,Unit 7,literary,/ˈlɪtərəri/,adj.,文学的；文学上的,p.65
8b-word-list_01-13.png,,8B,Unit 7,base,/beɪs/,v. n.,v. 把（总部等）设在 n. 根基；基础；根据地,p.65
8b-word-list_01-13.png,,8B,Unit 7,base on,,,以……为基础；以……为根据,p.65
8b-word-list_01-13.png,,8B,Unit 7,summary,/ˈsʌməri/,n.,总结；概要,p.66
8b-word-list_01-13.png,,8B,Unit 7,spoiled,/spɔɪld/,(= spoilt /spɔɪlt/) adj.,宠坏的；娇惯坏的,p.66
8b-word-list_01-13.png,,8B,Unit 7,selfish,/ˈselfɪʃ/,adj.,自私的,p.66
8b-word-list_01-13.png,,8B,Unit 7,lock,/lɒk/,v. n.,v. 用锁锁上 n. 锁,p.66
8b-word-list_01-13.png,,8B,Unit 7,lock up,,,锁好（建筑物的）门,p.66
8b-word-list_01-13.png,,8B,Unit 7,unlock,/ʌnˈlɒk/,v.,开……的锁；发现；揭开,p.66
8b-word-list_01-13.png,,8B,Unit 7,hidden,/ˈhɪdn/,adj.,隐藏的；秘密的,p.66
8b-word-list_01-13.png,,8B,Unit 7,nobody,/ˈnəʊbədi/,pron.,没有人；谁也不,p.66
8b-word-list_01-13.png,,8B,Unit 7,therefore,/ˈðeəfɔː(r)/,adv.,因此；所以,p.66
8b-word-list_01-13.png,,8B,Unit 7,state,/steɪt/,n. v.,n. 状态；国家；州 v. 陈述；说明,p.66
8b-word-list_01-13.png,,8B,Unit 7,weak,/wiːk/,adj.,虚弱的；（能力）弱的,p.66
8b-word-list_01-13.png,,8B,Unit 7,secretly,/ˈsiːkrətli/,adv.,秘密地,p.66
8b-word-list_01-13.png,,8B,Unit 7,prove,/pruːv/,v.,"(proved, proved 或 proved, proven /ˈpruːvn/) 证明；证实；显示是",p.66
8b-word-list_01-13.png,,8B,Unit 7,get to one's feet,,,站起身来,p.66
8b-word-list_01-13.png,,8B,Unit 7,day by day,,,一天天；逐日,p.66
8b-word-list_01-13.png,,8B,Unit 7,build-up,/ˈbɪldʌp/,n.,准备期；准备过程,p.67
8b-word-list_01-13.png,,8B,Unit 7,climax,/ˈklaɪmæks/,n.,高潮；极点,p.67
8b-word-list_01-13.png,,8B,Unit 7,effect,/ɪˈfekt/,n.,影响；结果,p.67
8b-word-list_01-13.png,,8B,Unit 7,in time,,,来得及；及时,p.68
8b-word-list_01-13.png,,8B,Unit 7,reader,/ˈriːdə(r)/,n.,读者；简易读物,p.68
8b-word-list_01-13.png,,8B,Unit 7,librarian,/laɪˈbreəriən/,n.,图书管理员；图书馆馆长,p.68
8b-word-list_01-13.png,,8B,Unit 7,consider,/kənˈsɪdə(r)/,v.,认为；仔细考虑,p.68
8b-word-list_01-13.png,,8B,Unit 7,enemy,/ˈenəmi/,n.,敌人,p.68
8b-word-list_01-13.png,,8B,Unit 7,naughty,/ˈnɔːti/,adj.,淘气的,p.68
8b-word-list_01-13.png,,8B,Unit 7,gentle,/ˈdʒentl/,adj.,温柔的,p.68
8b-word-list_01-13.png,,8B,Unit 7,defeat,/dɪˈfiːt/,v. n.,v. 击败；战胜 n. 失败；击败,p.68
8b-word-list_01-13.png,,8B,Unit 7,recommendation,/ˌrekəmenˈdeɪʃn/,n.,推荐；提议,p.69
8b-word-list_01-13.png,,8B,Unit 7,basic,/ˈbeɪsɪk/,adj.,基本的；初步的,p.69
8b-word-list_01-13.png,,8B,Unit 7,American,/əˈmerɪkən/,adj. n.,adj. 美国的；美洲的 n. 美国人；美洲人,p.69
8b-word-list_01-13.png,,8B,Unit 7,bone,/bəʊn/,n.,骨头,p.69
8b-word-list_01-13.png,,8B,Unit 7,doubt,/daʊt/,v. n.,v. 怀疑 n. 疑惑；不确定,p.69
8b-word-list_01-13.png,,8B,Unit 7,destroy,/dɪˈstrɔɪ/,v.,破坏；摧毁,p.69
8b-word-list_01-13.png,,8B,Unit 7,introduction,/ˌɪntrəˈdʌkʃn/,n.,介绍；序言；采用,p.69
8b-word-list_01-13.png,,8B,Unit 7,Journey to the West,,,《西游记》,p.62
8b-word-list_01-13.png,,8B,Unit 7,Harry Potter and the Philosopher's Stone,,,《哈利·波特与魔法石》,p.62
8b-word-list_01-13.png,,8B,Unit 7,The Time Machine,,,《时间机器》,p.62
8b-word-list_01-13.png,,8B,Unit 7,The Final Problem,,,《最后一案》,p.62
8b-word-list_01-13.png,,8B,Unit 7,The Three-Body Problem,,,《三体》,p.62
8b-word-list_01-13.png,,8B,Unit 7,Around the World in Eighty Days,,,《八十天环游世界》,p.62
8b-word-list_01-13.png,,8B,Unit 7,Sherlock Holmes,,,夏洛克·福尔摩斯,p.62
8b-word-list_01-13.png,,8B,Unit 7,The Romance of the Three Kingdoms,,,《三国演义》,p.63
8b-word-list_01-13.png,,8B,Unit 7,Oliver Twist,,,《雾都孤儿》,p.63
8b-word-list_01-13.png,,8B,Unit 7,Charles Dickens,,,查尔斯·狄更斯,p.63
8b-word-list_01-13.png,,8B,Unit 7,Alice's Adventures in Wonderland,,,《爱丽丝梦游仙境》,p.64
8b-word-list_01-13.png,,8B,Unit 7,Lewis Carroll,,,刘易斯·卡罗尔,p.64
8b-word-list_01-13.png,,8B,Unit 7,The Adventures of Tom Sawyer,,,《汤姆·索亚历险记》,p.64
8b-word-list_01-13.png,,8B,Unit 7,The Little Prince,,,《小王子》,p.65
8b-word-list_01-13.png,,8B,Unit 7,The Little Match Girl,,,《卖火柴的小女孩》,p.65
8b-word-list_01-13.png,,8B,Unit 7,Outlaws of the Marsh,,,《水浒传》,p.65
8b-word-list_01-13.png,,8B,Unit 7,My Childhood,,,《童年》,p.66
8b-word-list_01-13.png,,8B,Unit 7,The Wonderful Wizard of Oz,,,《绿野仙踪》,p.66
8b-word-list_01-13.png,,8B,Unit 7,A Dream of Red Mansions,,,《红楼梦》,p.66
8b-word-list_01-13.png,,8B,Unit 7,Treasure Island,,,《金银岛》,p.66
8b-word-list_01-13.png,,8B,Unit 7,Red Star over China,,,《红星照耀中国》,p.66
8b-word-list_01-13.png,,8B,Unit 7,The Secret Garden,,,《秘密花园》,p.66
8b-word-list_01-13.png,,8B,Unit 7,Frances Hodgson Burnett,,,弗朗西斯·霍奇森·伯内特,p.66
8b-word-list_01-13.png,,8B,Unit 7,Lennox,,,伦诺克斯,p.66
8b-word-list_01-13.png,,8B,Unit 7,Craven,,,克雷文,p.66
8b-word-list_01-13.png,,8B,Unit 7,Dickon,,,迪康,p.66
8b-word-list_01-13.png,,8B,Unit 7,Colin,,,科林,p.66
8b-word-list_01-13.png,,8B,Unit 7,The Old Man and the Sea,,,《老人与海》,p.69
8b-word-list_01-13.png,,8B,Unit 7,Ernest Hemingway,,,欧内斯特·海明威,p.69
8b-word-list_01-13.png,,8B,Unit 7,Pulitzer Prize,,,普利策奖,p.69
8b-word-list_01-13.png,,8B,Unit 8,make a difference,,,有（重要）作用,p.71
8b-word-list_01-13.png,,8B,Unit 8,visitor,/ˈvɪzɪtə(r)/,n.,参观者；来访者,p.72
8b-word-list_01-13.png,,8B,Unit 8,elderly,/ˈeldəli/,adj.,年纪较大的；上了年纪的,p.72
8b-word-list_01-13.png,,8B,Unit 8,the elderly,,,老人；上了年纪的人,p.72
8b-word-list_01-13.png,,8B,Unit 8,organization,/ˌɔːgənaɪˈzeɪʃn/,(= organisation) n.,组织；团体；机构,p.72
8b-word-list_01-13.png,,8B,Unit 8,stadium,/ˈsteɪdiəm/,n.,体育馆；运动场,p.72
8b-word-list_01-13.png,,8B,Unit 8,provide,/prəˈvaɪd/,v.,提供；给予,p.72
8b-word-list_01-13.png,,8B,Unit 8,owner,/ˈəʊnə(r)/,n.,主人；物主,p.73
8b-word-list_01-13.png,,8B,Unit 8,cage,/keɪdʒ/,n.,笼子,p.73
8b-word-list_01-13.png,,8B,Unit 8,donation,/dəʊˈneɪʃn/,n.,捐赠物；捐赠,p.73
8b-word-list_01-13.png,,8B,Unit 8,interviewer,/ˈɪntəvjuːə(r)/,n.,面试官；采访者,p.73
8b-word-list_01-13.png,,8B,Unit 8,shelter,/ˈʃeltə(r)/,n.,庇护所；居所,p.73
8b-word-list_01-13.png,,8B,Unit 8,youth,/juːθ/,n.,青年；青年时期,p.74
8b-word-list_01-13.png,,8B,Unit 8,active,/ˈæktɪv/,adj.,活跃的；积极的,p.74
8b-word-list_01-13.png,,8B,Unit 8,come along,,,赶快；跟着来,p.74
8b-word-list_01-13.png,,8B,Unit 8,army,/ˈɑːmi/,n.,军队,p.75
8b-word-list_01-13.png,,8B,Unit 8,primary,/ˈpraɪməri/,adj.,小学教育的；首要的,p.75
8b-word-list_01-13.png,,8B,Unit 8,help out,,,分担工作；帮忙做,p.75
8b-word-list_01-13.png,,8B,Unit 8,charity,/ˈtʃærəti/,n.,慈善机构（或组织）；慈善事业,p.75
8b-word-list_01-13.png,,8B,Unit 8,warmly,/ˈwɔːmli/,adv.,热情地；温暖地,p.75
8b-word-list_01-13.png,,8B,Unit 8,lady,/ˈleɪdi/,n.,女士；淑女,p.76
8b-word-list_01-13.png,,8B,Unit 8,gentleman,/ˈdʒentlmən/,n.,(pl. gentlemen /ˈdʒentlmən/) 先生；君子,p.76
8b-word-list_01-13.png,,8B,Unit 8,bark,/bɑːk/,v. n.,v. （狗）吠叫 n. 狗叫声,p.76
8b-word-list_01-13.png,,8B,Unit 8,sign up,,,报名,p.76
8b-word-list_01-13.png,,8B,Unit 8,ever since,,,自从；自……以后,p.76
8b-word-list_01-13.png,,8B,Unit 8,adult,/ˈædʌlt; əˈdʌlt/,n. adj.,n. 成年人 adj. 成年的；成熟的,p.76
8b-word-list_01-13.png,,8B,Unit 8,missing,/ˈmɪsɪŋ/,adj.,失踪的；丢失的,p.76
8b-word-list_01-13.png,,8B,Unit 8,practical,/ˈpræktɪkl/,adj.,实用的；实际的,p.77
8b-word-list_01-13.png,,8B,Unit 8,life-saving,/ˈlaɪf seɪvɪŋ/,adj.,救命的；救生的,p.77
8b-word-list_01-13.png,,8B,Unit 8,teamwork,/ˈtiːmwɜːk/,n.,团队合作,p.77
8b-word-list_01-13.png,,8B,Unit 8,successful,/səkˈsesfl/,adj.,成功的；有成就的,p.77
8b-word-list_01-13.png,,8B,Unit 8,most of all,,,最主要的是,p.77
8b-word-list_01-13.png,,8B,Unit 8,value,/ˈvæljuː/,n.,重要作用；价值,p.77
8b-word-list_01-13.png,,8B,Unit 8,voluntary,/ˈvɒləntri/,adj.,自愿的；无偿的,p.77
8b-word-list_01-13.png,,8B,Unit 8,ordinary,/ˈɔːdnri/,adj.,平凡的；普通的,p.77
8b-word-list_01-13.png,,8B,Unit 8,worth,/wɜːθ/,adj.,值得；有价值,p.77
8b-word-list_01-13.png,,8B,Unit 8,audience,/ˈɔːdiəns/,n.,听众；观众,p.77
8b-word-list_01-13.png,,8B,Unit 8,willing,/ˈwɪlɪŋ/,adj.,乐意的；愿意的,p.77
8b-word-list_01-13.png,,8B,Unit 8,on the go,,,忙碌的,p.78
8b-word-list_01-13.png,,8B,Unit 8,in need,,,处于贫困中；生活困难,p.78
8b-word-list_01-13.png,,8B,Unit 8,success,/səkˈses/,n.,成功,p.78
8b-word-list_01-13.png,,8B,Unit 8,elder,/ˈeldə(r)/,adj.,（尤指家庭中两个成员）年龄较长的,p.78
8b-word-list_01-13.png,,8B,Unit 8,donate,/dəʊˈneɪt/,v.,捐赠；赠送,p.78
8b-word-list_01-13.png,,8B,Unit 8,pocket,/ˈpɒkɪt/,n.,口袋,p.78
8b-word-list_01-13.png,,8B,Unit 8,effort,/ˈefət/,n.,努力；艰难的尝试,p.78
8b-word-list_01-13.png,,8B,Unit 8,hand out,,,分发,p.78
8b-word-list_01-13.png,,8B,Unit 8,familiar with,,,通晓；熟悉,p.79
8b-word-list_01-13.png,,8B,Unit 8,talent,/ˈtælənt/,n.,才能；天赋；天才,p.79
8b-word-list_01-13.png,,8B,Unit 8,madam,/ˈmædəm/,n.,（正式、礼貌的称呼）女士；夫人,p.79
8b-word-list_01-13.png,,8B,Unit 8,advertisement,/ədˈvɜːtɪsmənt; ˌædvərˈtaɪzmənt/,(= ad /æd/) n.,广告；启事,p.79
8b-word-list_01-13.png,,8B,Unit 8,Robert,/ˈrɒbət/,,罗伯特,p.73
8b-word-list_01-13.png,,8B,Unit 8,Rose,/rəʊz/,,罗斯；罗丝,p.73
8b-word-list_01-13.png,,8B,Unit 8,United Nations Peacekeeping,/ˈpiːskiːpɪŋ/,,联合国维和部队,p.75
8b-word-list_01-13.png,,8B,Unit 8,Argentina,/ˌɑːdʒənˈtiːnə/,,阿根廷,p.75
8b-word-list_01-13.png,,8B,Unit 8,Blue Sky Rescue,,,蓝天救援队,p.76
8b-word-list_01-13.png,,8B,Unit 8,Philippines,/ˈfɪlɪpiːnz/,,菲律宾,p.76
9a-word-list_01-10.png,,9A,Unit 1,bring about,,,带来；引起,p.1
9a-word-list_01-10.png,,9A,Unit 1,rough,/rʌf/,adj.,崎岖的,p.2
9a-word-list_01-10.png,,9A,Unit 1,be covered with,,,被……覆盖,p.2
9a-word-list_01-10.png,,9A,Unit 1,sandstorm,/'sændstɔːm/,n.,沙尘暴,p.3
9a-word-list_01-10.png,,9A,Unit 1,farmland,/'fɑːmlænd/,n.,耕地,p.3
9a-word-list_01-10.png,,9A,Unit 1,shortage,/'ʃɔːtɪdʒ/,n.,短缺,p.3
9a-word-list_01-10.png,,9A,Unit 1,lack,/læk/,n.,缺乏,p.3
9a-word-list_01-10.png,,9A,Unit 1,bush,/bʊʃ/,n.,灌木,p.3
9a-word-list_01-10.png,,9A,Unit 1,root,/ruːt/,n.,根,p.3
9a-word-list_01-10.png,,9A,Unit 1,soil,/sɔɪl/,n.,土壤,p.3
9a-word-list_01-10.png,,9A,Unit 1,sandy,/'sændi/,adj.,铺满沙子的；含沙的,p.3
9a-word-list_01-10.png,,9A,Unit 1,government,/'gʌvənmənt/,n.,政府,p.3
9a-word-list_01-10.png,,9A,Unit 1,support,/sə'pɔːt/,n. & v.,支持,p.3
9a-word-list_01-10.png,,9A,Unit 1,corn,/kɔːn/,n.,玉米；谷物,p.3
9a-word-list_01-10.png,,9A,Unit 1,high-tech,/ˌhaɪ'tek/,adj.,高科技的,p.4
9a-word-list_01-10.png,,9A,Unit 1,greenhouse,/'griːnhaʊs/,n.,温室,p.4
9a-word-list_01-10.png,,9A,Unit 1,highway,/'haɪweɪ/,n.,公路,p.4
9a-word-list_01-10.png,,9A,Unit 1,railway,/'reɪlweɪ/,n.,铁路,p.4
9a-word-list_01-10.png,,9A,Unit 1,attraction,/ə'trækʃn/,n.,向往的地方；吸引力,p.4
9a-word-list_01-10.png,,9A,Unit 1,product,/'prɒdʌkt/,n.,产品,p.4
9a-word-list_01-10.png,,9A,Unit 1,greatly,/'greɪtli/,adv.,大大地；非常,p.4
9a-word-list_01-10.png,,9A,Unit 1,socialist,/'səʊʃəlɪst/,adj. n.,adj. 社会主义的 n. 社会主义者,p.4
9a-word-list_01-10.png,,9A,Unit 1,e-payment,/iː'peɪmənt/,n.,电子支付,p.4
9a-word-list_01-10.png,,9A,Unit 1,housing,/'haʊzɪŋ/,n.,住房；住宅,p.4
9a-word-list_01-10.png,,9A,Unit 1,digital,/'dɪdʒɪtl/,adj.,电子的,p.5
9a-word-list_01-10.png,,9A,Unit 1,audio,/'ɔːdiəʊ/,adj. n.,adj. 音频的 n. 音频,p.5
9a-word-list_01-10.png,,9A,Unit 1,dirt,/dɜːt/,n.,泥土；尘土,p.5
9a-word-list_01-10.png,,9A,Unit 1,track,/træk/,n.,小路；轨道,p.5
9a-word-list_01-10.png,,9A,Unit 1,wide,/waɪd/,adj.,宽的；宽阔的,p.5
9a-word-list_01-10.png,,9A,Unit 1,link,/lɪŋk/,n. v.,n. 交通路线；联系 v. 连接,p.6
9a-word-list_01-10.png,,9A,Unit 1,port,/pɔːt/,n.,港口,p.6
9a-word-list_01-10.png,,9A,Unit 1,capital,/'kæpɪtl/,n.,首都,p.6
9a-word-list_01-10.png,,9A,Unit 1,Kenyan,/'kenjən/,n. adj.,n. 肯尼亚人 adj. 肯尼亚的；肯尼亚人的,p.6
9a-word-list_01-10.png,,9A,Unit 1,benefit,/'benɪfɪt/,v. n.,v. 得益于；使受益 n. 优势；益处,p.6
9a-word-list_01-10.png,,9A,Unit 1,be happy with,,,对……感到满意,p.6
9a-word-list_01-10.png,,9A,Unit 1,convenient,/kən'viːniənt/,adj.,方便的,p.6
9a-word-list_01-10.png,,9A,Unit 1,business,/'bɪznəs/,n.,生意；商业,p.6
9a-word-list_01-10.png,,9A,Unit 1,ease,/iːz/,n.,容易；自在,p.6
9a-word-list_01-10.png,,9A,Unit 1,with ease,,,轻而易举地,p.6
9a-word-list_01-10.png,,9A,Unit 1,lorry,/'lɒri/,n.,卡车,p.6
9a-word-list_01-10.png,,9A,Unit 1,manager,/'mænɪdʒə(r)/,n.,经理,p.6
9a-word-list_01-10.png,,9A,Unit 1,conclusion,/kən'kluːʒn/,n.,总结,p.7
9a-word-list_01-10.png,,9A,Unit 1,narrow,/'nærəʊ/,adj.,狭窄的,p.8
9a-word-list_01-10.png,,9A,Unit 1,villager,/'vɪlɪdʒə(r)/,n.,村民,p.8
9a-word-list_01-10.png,,9A,Unit 1,the Olympics,/ə'lɪmpɪks/,,(=the Olympic Games) 奥林匹克运动会,p.8
9a-word-list_01-10.png,,9A,Unit 1,lead,/liːd/,v. n.,"(led /led/, led) 带领；过（某种生活） n. 领先地位；主角",p.8
9a-word-list_01-10.png,,9A,Unit 1,man-made,/ˌmæn'meɪd/,adj.,人造的；非天然的,p.8
9a-word-list_01-10.png,,9A,Unit 1,miracle,/'mɪrəkl/,n.,奇迹,p.8
9a-word-list_01-10.png,,9A,Unit 1,junior,/'dʒuːniə(r)/,adj.,低年级的；初级的,p.9
9a-word-list_01-10.png,,9A,Unit 1,flat,/flæt/,n.,公寓,p.9
9a-word-list_01-10.png,,9A,Unit 1,discussion,/dɪ'skʌʃn/,n.,讨论,p.9
9a-word-list_01-10.png,,9A,Unit 1,aspect,/'æspekt/,n.,方面,p.9
9a-word-list_01-10.png,,9A,Unit 1,Mombasa,/mɔːm'bæsə/,,蒙巴萨（肯尼亚城市）,p.6
9a-word-list_01-10.png,,9A,Unit 2,inspiring,/ɪn'spaɪərɪŋ/,adj.,鼓舞人心的；激励的,p.11
9a-word-list_01-10.png,,9A,Unit 2,admire,/əd'maɪə(r)/,v.,钦佩；赞赏,p.12
9a-word-list_01-10.png,,9A,Unit 2,historian,/hɪ'stɔːriən/,n.,历史学家,p.12
9a-word-list_01-10.png,,9A,Unit 2,researcher,/rɪ'sɜːtʃə(r)/,n.,研究人员,p.12
9a-word-list_01-10.png,,9A,Unit 2,chemist,/'kemɪst/,n.,化学家,p.12
9a-word-list_01-10.png,,9A,Unit 2,physicist,/'fɪzɪsɪst/,n.,物理学家,p.12
9a-word-list_01-10.png,,9A,Unit 2,hunger,/'hʌŋgə(r)/,n.,饥饿,p.12
9a-word-list_01-10.png,,9A,Unit 2,chemistry,/'kemɪstri/,n.,化学,p.12
9a-word-list_01-10.png,,9A,Unit 2,drop out (of sth),,,辍学；不再参加,p.12
9a-word-list_01-10.png,,9A,Unit 2,calendar,/'kælɪndə(r)/,n.,日历,p.12
9a-word-list_01-10.png,,9A,Unit 2,discovery,/dɪ'skʌvəri/,n.,发现,p.12
9a-word-list_01-10.png,,9A,Unit 2,century,/'sentʃəri/,n.,世纪,p.13
9a-word-list_01-10.png,,9A,Unit 2,wounded,/'wuːndɪd/,adj.,受伤的；负伤的,p.13
9a-word-list_01-10.png,,9A,Unit 2,soldier,/'səʊldʒə(r)/,n.,士兵,p.13
9a-word-list_01-10.png,,9A,Unit 2,British,/'brɪtɪʃ/,adj. n.,adj. 英国的；英国人的 n. 英国人,p.13
9a-word-list_01-10.png,,9A,Unit 2,airway,/'eəweɪ/,n.,（飞机的）航线；航路,p.13
9a-word-list_01-10.png,,9A,Unit 2,nation,/'neɪʃn/,n.,国家；民族,p.13
9a-word-list_01-10.png,,9A,Unit 2,spread,/spred/,n. v.,"n. 传播；散布 v. (spread, spread) 传播；散布",p.13
9a-word-list_01-10.png,,9A,Unit 2,disease,/dɪ'ziːz/,n.,疾病,p.13
9a-word-list_01-10.png,,9A,Unit 2,pioneer,/ˌpaɪə'nɪə(r)/,n.,先驱；先锋,p.13
9a-word-list_01-10.png,,9A,Unit 2,admirable,/'ædmərəbl/,adj.,令人钦佩的,p.13
9a-word-list_01-10.png,,9A,Unit 2,pyramid,/'pɪrəmɪd/,n.,金字塔,p.14
9a-word-list_01-10.png,,9A,Unit 2,balance,/'bæləns/,n. v.,n. 平衡 v. 保持平衡,p.14
9a-word-list_01-10.png,,9A,Unit 2,courage,/'kʌrɪdʒ/,n.,勇气；勇敢,p.14
9a-word-list_01-10.png,,9A,Unit 2,wisdom,/'wɪzdəm/,n.,智慧；学问,p.14
9a-word-list_01-10.png,,9A,Unit 2,look up to sb,,,钦佩；仰慕,p.14
9a-word-list_01-10.png,,9A,Unit 2,inspiration,/ˌɪnspə'reɪʃn/,n.,鼓舞人心的人（或事物）,p.14
9a-word-list_01-10.png,,9A,Unit 2,brave,/breɪv/,adj. v.,adj. 勇敢的；无畏的 v. 勇敢面对；经受（困难）,p.14
9a-word-list_01-10.png,,9A,Unit 2,necessary,/'nesəsəri/,adj.,必要的；必需的,p.15
9a-word-list_01-10.png,,9A,Unit 2,seed,/siːd/,n.,种子,p.15
9a-word-list_01-10.png,,9A,Unit 2,childhood,/'tʃaɪldhʊd/,n.,童年,p.15
9a-word-list_01-10.png,,9A,Unit 2,come true,,,实现；成为现实,p.15
9a-word-list_01-10.png,,9A,Unit 2,dynasty,/'dɪməsti; 'daɪməsti/,n.,朝代；王朝,p.15
9a-word-list_01-10.png,,9A,Unit 2,western,/'westən/,adj.,西方的；西部的,p.15
9a-word-list_01-10.png,,9A,Unit 2,scientific,/ˌsaɪən'tɪfɪk/,adj.,科学（上）的,p.16
9a-word-list_01-10.png,,9A,Unit 2,biologist,/baɪ'ɒlədʒɪst/,n.,生物学家,p.16
9a-word-list_01-10.png,,9A,Unit 2,whole,/həʊl/,adj.,所有的；完全的,p.16
9a-word-list_01-10.png,,9A,Unit 2,bank,/bæŋk/,n.,银行,p.16
9a-word-list_01-10.png,,9A,Unit 2,forever,/fər'evə(r)/,adv.,永远,p.16
9a-word-list_01-10.png,,9A,Unit 2,radio,/'reɪdiəʊ/,n.,无线电；收音机,p.16
9a-word-list_01-10.png,,9A,Unit 2,leave behind,,,留下；遗留,p.16
9a-word-list_01-10.png,,9A,Unit 2,collection,/kə'lekʃn/,n.,收集物；收藏品,p.16
9a-word-list_01-10.png,,9A,Unit 2,live on,,,继续存在；继续活着,p.16
9a-word-list_01-10.png,,9A,Unit 2,exploration,/ˌeksplə'reɪʃn/,n.,探索,p.16
9a-word-list_01-10.png,,9A,Unit 2,universe,/'juːnɪvɜːs/,n.,宇宙,p.18
9a-word-list_01-10.png,,9A,Unit 2,socialism,/'səʊʃəlɪzəm/,n.,社会主义,p.18
9a-word-list_01-10.png,,9A,Unit 2,hole,/həʊl/,n.,洞；孔,p.18
9a-word-list_01-10.png,,9A,Unit 2,daughter,/'dɔːtə(r)/,n.,女儿,p.18
9a-word-list_01-10.png,,9A,Unit 2,herself,/hɜː'self; hə'self/,pron.,她自己；她本人,p.18
9a-word-list_01-10.png,,9A,Unit 2,flight,/flaɪt/,n.,飞行；航班,p.18
9a-word-list_01-10.png,,9A,Unit 2,woodwork,/'wʊdwɜːk/,n.,木工手艺,p.19
9a-word-list_01-10.png,,9A,Unit 2,inventor,/ɪn'ventə(r)/,n.,发明家,p.19
9a-word-list_01-10.png,,9A,Unit 2,above all,,,最重要的是；尤其是,p.19
9a-word-list_01-10.png,,9A,Unit 2,thinker,/'θɪŋkə(r)/,n.,思想家,p.19
9a-word-list_01-10.png,,9A,Unit 2,period,/'pɪəriəd/,n.,时期；一段时间,p.19
9a-word-list_01-10.png,,9A,Unit 2,kingdom,/'kɪŋdəm/,n.,王国,p.19
9a-word-list_01-10.png,,9A,Unit 2,kindness,/'kaɪndnəs/,n.,善良,p.19
9a-word-list_01-10.png,,9A,Unit 2,whether,/'weðə(r)/,conj.,是否,p.19
9a-word-list_01-10.png,,9A,Unit 2,mankind,/mæn'kaɪnd/,n.,人类,p.19
9a-word-list_01-10.png,,9A,Unit 2,Michael Faraday,/'maɪkl/ /'færədeɪ/,,迈克尔·法拉第,p.12
9a-word-list_01-10.png,,9A,Unit 2,Marie Curie,/'kjʊəri/,,玛丽·居里,p.12
9a-word-list_01-10.png,,9A,Unit 2,Nobel Prize,/nəʊ'bel/,,诺贝尔奖,p.12
9a-word-list_01-10.png,,9A,Unit 2,Isaac Newton,/'aɪzək/ /'njuːtn/,,艾萨克·牛顿,p.13
9a-word-list_01-10.png,,9A,Unit 2,Isambard Brunel,/'ɪzmbɑːd/ /bruː'nel/,,伊桑巴德·布鲁内尔,p.13
9a-word-list_01-10.png,,9A,Unit 2,Alan Turing,/'ælən/ /'tjʊərɪŋ/,,阿兰·图灵,p.13
9a-word-list_01-10.png,,9A,Unit 2,I.M. Pei,/peɪ/,,贝聿铭,p.14
9a-word-list_01-10.png,,9A,Unit 2,Louvre Museum,/'luːvrə/,,卢浮宫博物馆,p.14
9a-word-list_01-10.png,,9A,Unit 2,Confucius,/kən'fjuːʃəs/,,孔子,p.15
9a-word-list_01-10.png,,9A,Unit 2,Victor Hugo,/'vɪktə(r)/ /'hjuːgəʊ/,,维克多·雨果,p.15
9a-word-list_01-10.png,,9A,Unit 2,Western Regions,/'riːdʒənz/,,西域,p.15
9a-word-list_01-10.png,,9A,Unit 2,the Silk Road,,,丝绸之路,p.15
9a-word-list_01-10.png,,9A,Unit 2,Irène,/aɪ'riːn/,,艾琳,p.18
9a-word-list_01-10.png,,9A,Unit 2,Amelia Earhart,/ə'miːljə/ /'eəhɑːt/,,阿梅莉亚·埃尔哈特,p.18
9a-word-list_01-10.png,,9A,Unit 2,Atlantic Ocean,/ət'læntɪk/,,大西洋,p.18
9a-word-list_01-10.png,,9A,Unit 2,BCE,/ˌbiː siː 'iː/,,(before the Common Era /'ɪərə/) 公元前,p.19
9a-word-list_01-10.png,,9A,Unit 2,the Warring States Period,,,战国时期,p.19
9a-word-list_01-10.png,,9A,Unit 3,learner,/'lɜːnə(r)/,n.,学习者,p.21
9a-word-list_01-10.png,,9A,Unit 3,flashcard,/'flæʃkɑːd/,n.,（用于学习的）卡片；抽认卡,p.22
9a-word-list_01-10.png,,9A,Unit 3,project,/'prɒdʒekt/,n.,计划；项目,p.22
9a-word-list_01-10.png,,9A,Unit 3,website,/'websaɪt/,n.,网站,p.22
9a-word-list_01-10.png,,9A,Unit 3,hands-on,/ˌhændz'ɒn/,adj.,动手的；实际操作的,p.22
9a-word-list_01-10.png,,9A,Unit 3,experiment,/ɪk'sperɪmənt/,n.,实验；试验,p.22
9a-word-list_01-10.png,,9A,Unit 3,look up,,,查阅；检查,p.23
9a-word-list_01-10.png,,9A,Unit 3,dictionary,/'dɪkʃənri/,n.,词典；字典,p.23
9a-word-list_01-10.png,,9A,Unit 3,aloud,/ə'laʊd/,adv.,出声地；大声地,p.23
9a-word-list_01-10.png,,9A,Unit 3,dialogue,/'daɪəlɒg/,n.,(=dialog) 对话；对白,p.23
9a-word-list_01-10.png,,9A,Unit 3,suit,/suːt/,v. n.,v. 适合；有利于 n. 套装,p.23
9a-word-list_01-10.png,,9A,Unit 3,general,/'dʒenrəl/,adj.,总的；大体的,p.23
9a-word-list_01-10.png,,9A,Unit 3,in general,,,总的来说；通常,p.23
9a-word-list_01-10.png,,9A,Unit 3,speed,/spiːd/,n. v.,n. 速度 v. (sped; sped/speeded; speeded) 加速；促进,p.23
9a-word-list_01-10.png,,9A,Unit 3,grammar,/'græmə(r)/,n.,语法,p.23
9a-word-list_01-10.png,,9A,Unit 3,podcast,/'pɒdkɑːst/,n.,播客,p.24
9a-word-list_01-10.png,,9A,Unit 3,zero,/'zɪərəʊ/,num.,零；最低程度,p.24
9a-word-list_01-10.png,,9A,Unit 3,come across,,,（偶然）遇见；发现,p.24
9a-word-list_01-10.png,,9A,Unit 3,step by step,,,逐步地；循序渐进地,p.24
9a-word-list_01-10.png,,9A,Unit 3,build up,,,增加；加强；创建,p.24
9a-word-list_01-10.png,,9A,Unit 3,actively,/'æktɪvli/,adv.,积极地,p.24
9a-word-list_01-10.png,,9A,Unit 3,enjoyable,/ɪn'dʒɔɪəbl/,adj.,有趣的；使人快乐的,p.24
9a-word-list_01-10.png,,9A,Unit 3,strategy,/'strætədʒi/,n.,策略,p.24
9a-word-list_01-10.png,,9A,Unit 3,put off,,,推迟；拖延,p.24
9a-word-list_01-10.png,,9A,Unit 3,correct,/kə'rekt/,adj.,正确的；恰当的,p.25
9a-word-list_01-10.png,,9A,Unit 3,suggest,/sə'dʒest/,v.,建议；提议,p.25
9a-word-list_01-10.png,,9A,Unit 3,method,/'meθəd/,n.,方法,p.25
9a-word-list_01-10.png,,9A,Unit 3,summarize,/'sʌməraɪz/,v.,(=summarise) 总结；概括,p.25
9a-word-list_01-10.png,,9A,Unit 3,growth,/grəʊθ/,n.,成长；增加,p.26
9a-word-list_01-10.png,,9A,Unit 3,mindset,/'maɪndset/,n.,观念模式,p.26
9a-word-list_01-10.png,,9A,Unit 3,material,/mə'tɪəriəl/,n.,材料,p.26
9a-word-list_01-10.png,,9A,Unit 3,in part,,,在某种程度上；部分地,p.26
9a-word-list_01-10.png,,9A,Unit 3,guidance,/'gaɪdns/,n.,指导,p.26
9a-word-list_01-10.png,,9A,Unit 3,feedback,/'fiːdbæk/,n.,反馈的意见,p.26
9a-word-list_01-10.png,,9A,Unit 3,addition,/ə'dɪʃn/,n.,添加；加法,p.26
9a-word-list_01-10.png,,9A,Unit 3,in addition,,,另外；此外,p.26
9a-word-list_01-10.png,,9A,Unit 3,resource,/rɪ'sɔːs/,n.,资源；资料,p.26
9a-word-list_01-10.png,,9A,Unit 3,textbook,/'tekstbʊk/,n.,教科书；课本,p.26
9a-word-list_01-10.png,,9A,Unit 3,advantage,/əd'vɑːntɪdʒ/,n.,优势；优点,p.27
9a-word-list_01-10.png,,9A,Unit 3,take advantage of,,,利用,p.27
9a-word-list_01-10.png,,9A,Unit 3,efficiently,/ɪ'fɪʃntli/,adv.,效率高地,p.27
9a-word-list_01-10.png,,9A,Unit 3,valley,/'væli/,n.,山谷；溪谷,p.27
9a-word-list_01-10.png,,9A,Unit 3,pronunciation,/prəˌnʌnsi'eɪʃn/,n.,发音；读音,p.28
9a-word-list_01-10.png,,9A,Unit 3,click,/klɪk/,v.,（用鼠标或在触摸板上）点击；（使）发出咔嗒声,p.28
9a-word-list_01-10.png,,9A,Unit 3,magazine,/ˌmægə'ziːn/,n.,杂志；期刊,p.29
9a-word-list_01-10.png,,9A,Unit 3,open up,,,打开；开放,p.29
9a-word-list_01-10.png,,9A,Unit 3,shelf,/ʃelf/,n.,(pl. shelves) （墙壁、书橱等的）架子；搁板,p.29
9a-word-list_01-10.png,,9A,Unit 3,Frank,/fræŋk/,,弗兰克,p.24
9a-word-list_01-10.png,,9A,Unit 3,HSK,,,汉语水平考试,p.24
9a-word-list_01-10.png,,9A,Unit 3,Cathy,/'kæθiː/,,凯茜,p.24
9a-word-list_01-10.png,,9A,Unit 3,Terry,/'teri/,,特里；特丽,p.25
9a-word-list_01-10.png,,9A,Unit 3,schoolwork,/'skuːlwɜːk/,n.,学校作业,p.29
9a-word-list_01-10.png,,9A,Unit 3,print,/prɪnt/,n. v.,n. 印刷品 v. 打印,p.29
9a-word-list_01-10.png,,9A,Unit 3,newspaper,/'njuːzpeɪpə(r)/,n.,报纸,p.29
9a-word-list_01-10.png,,9A,Unit 3,e-book,/'iːbʊk/,n.,电子书,p.29
9a-word-list_01-10.png,,9A,Unit 3,recent,/'riːsnt/,adj.,最近的；最新的,p.29
9a-word-list_01-10.png,,9A,Unit 4,position,/pə'zɪʃn/,n. v.,n. 位置；地方 v. 安置；使处于,p.32
9a-word-list_01-10.png,,9A,Unit 4,sadness,/'sædnəs/,n.,悲伤,p.32
9a-word-list_01-10.png,,9A,Unit 4,run out (of sth),,,用完；耗尽,p.32
9a-word-list_01-10.png,,9A,Unit 4,react,/ri'ækt/,v.,作出反应；回应,p.32
9a-word-list_01-10.png,,9A,Unit 4,mix up,,,混淆；弄乱,p.33
9a-word-list_01-10.png,,9A,Unit 4,put sth to good use,,,有效使用（或利用）某物,p.33
9a-word-list_01-10.png,,9A,Unit 4,chain,/tʃeɪn/,n.,链条,p.33
9a-word-list_01-10.png,,9A,Unit 4,stable,/'steɪbl/,adj.,稳定的；稳固的,p.33
9a-word-list_01-10.png,,9A,Unit 4,lecture,/'lektʃə(r)/,n.,讲座；讲课,p.33
9a-word-list_01-10.png,,9A,Unit 4,retell,/ˌriː'tel/,v.,复述,p.33
9a-word-list_01-10.png,,9A,Unit 4,memorize,/'meməraɪz/,v.,(=memorise) 记住；记忆,p.33
9a-word-list_01-10.png,,9A,Unit 4,tick,/tɪk/,v. n.,v. 给……打钩 n. 对号；钩号,p.33
9a-word-list_01-10.png,,9A,Unit 4,grandson,/'grænsʌn/,n.,孙子；外孙,p.34
9a-word-list_01-10.png,,9A,Unit 4,go through,,,经历；仔细察看,p.34
9a-word-list_01-10.png,,9A,Unit 4,happen to,,,发生于；使遭遇,p.34
9a-word-list_01-10.png,,9A,Unit 4,keep (...) in mind,,,记在心中；记住,p.34
9a-word-list_01-10.png,,9A,Unit 4,case,/keɪs/,n.,情况；事实,p.34
9a-word-list_01-10.png,,9A,Unit 4,in sb's case,,,就某人的情况而言,p.34
9a-word-list_01-10.png,,9A,Unit 4,opera,/'ɒprə/,n.,歌剧；歌剧团,p.35
9a-word-list_01-10.png,,9A,Unit 4,ticket,/'tɪkɪt/,n.,入场券；票,p.35
9a-word-list_01-10.png,,9A,Unit 4,wallet,/'wɒlɪt/,n.,钱包,p.35
9a-word-list_01-10.png,,9A,Unit 4,picnic,/'pɪknɪk/,n.,野餐,p.35
9a-word-list_01-10.png,,9A,Unit 4,pardon,/'pɑːdn/,v. interj.,v. 原谅 interj. 请再说一遍；抱歉,p.35
9a-word-list_01-10.png,,9A,Unit 4,airport,/'eəpɔːt/,n.,机场,p.35
9a-word-list_01-10.png,,9A,Unit 4,gunshot,/'gʌnʃɒt/,n.,枪声；（射出的）炮弹,p.35
9a-word-list_01-10.png,,9A,Unit 4,grown-up,/ˌgrəʊn'ʌp/,adj.,成年的,p.35
9a-word-list_01-10.png,,9A,Unit 4,recall,/rɪ'kɔːl/,v.,回忆起；回想起,p.35
9a-word-list_01-10.png,,9A,Unit 4,grapevine,/'greɪpvaɪn/,n.,葡萄藤；葡萄树,p.35
9a-word-list_01-10.png,,9A,Unit 4,boost,/buːst/,v. n.,v. 促进；使增长 n. 帮助；增长,p.36
9a-word-list_01-10.png,,9A,Unit 4,to start with,,,首先,p.36
9a-word-list_01-10.png,,9A,Unit 4,short-term,/ˌʃɔːt'tɜːm/,adj.,短期的,p.36
9a-word-list_01-10.png,,9A,Unit 4,long-term,/ˌlɒŋ'tɜːm/,adj.,长期的,p.36
9a-word-list_01-10.png,,9A,Unit 4,technique,/tek'niːk/,n.,技巧,p.36
9a-word-list_01-10.png,,9A,Unit 4,passage,/'pæsɪdʒ/,n.,段落；走廊,p.36
9a-word-list_01-10.png,,9A,Unit 4,likely,/'laɪkli/,adj.,可能的,p.36
9a-word-list_01-10.png,,9A,Unit 4,wear out,,,使疲乏；磨损,p.36
9a-word-list_01-10.png,,9A,Unit 4,discuss,/dɪ'skʌs/,v.,讨论；谈论；商量,p.36
9a-word-list_01-10.png,,9A,Unit 4,image,/'ɪmɪdʒ/,n.,图像；形象,p.36
9a-word-list_01-10.png,,9A,Unit 4,graph,/grɑːf/,n.,图；图表,p.36
9a-word-list_01-10.png,,9A,Unit 4,view,/vjuː/,v. n.,v. 看；观看 n. 观点；视野,p.36
9a-word-list_01-10.png,,9A,Unit 4,effective,/ɪ'fektɪv/,adj.,有效的,p.36
9a-word-list_01-10.png,,9A,Unit 4,engine,/'endʒɪn/,n.,发动机,p.36
9a-word-list_01-10.png,,9A,Unit 4,fuel,/'fjuːəl/,n.,燃料,p.36
9a-word-list_01-10.png,,9A,Unit 4,address,/ə'dres/,n.,地址,p.37
9a-word-list_01-10.png,,9A,Unit 4,password,/'pɑːswɜːd/,n.,密码；口令,p.37
9a-word-list_01-10.png,,9A,Unit 4,account,/ə'kaʊnt/,n.,账户；账目,p.37
9a-word-list_01-10.png,,9A,Unit 4,increase,/'ɪŋkriːs/ /ɪn'kriːs/,n. v.,n. 增长 v. 增加,p.38
9a-word-list_01-10.png,,9A,Unit 4,wild,/waɪld/,adj.,野生的；自然生长的,p.38
9a-word-list_01-10.png,,9A,Unit 4,blood,/blʌd/,n.,血,p.38
9a-word-list_01-10.png,,9A,Unit 4,wound,/wuːnd/,n. v.,n. 伤口；创伤 v. 使受伤,p.38
9a-word-list_01-10.png,,9A,Unit 4,mall,/mɔːl/,n.,购物商场,p.38
9a-word-list_01-10.png,,9A,Unit 4,notebook,/'nəʊtbʊk/,n.,笔记本；笔记本电脑,p.38
9a-word-list_01-10.png,,9A,Unit 4,squirrel,/'skwɪrəl/,n.,松鼠,p.38
9a-word-list_01-10.png,,9A,Unit 4,nut,/nʌt/,n.,坚果,p.38
9a-word-list_01-10.png,,9A,Unit 4,dolphin,/'dɒlfɪn/,n.,海豚,p.38
9a-word-list_01-10.png,,9A,Unit 4,recognize,/'rekəgnaɪz/,v.,(=recognise) 辨认出；认可,p.38
9a-word-list_01-10.png,,9A,Unit 4,outline,/'aʊtlaɪn/,n. v.,n. 纲要 v. 概述,p.39
9a-word-list_01-10.png,,9A,Unit 4,fully,/'fʊli/,adv.,完全地,p.39
9a-word-list_01-10.png,,9A,Unit 4,divide,/dɪ'vaɪd/,v.,(把……)分成,p.39
9a-word-list_01-10.png,,9A,Unit 4,divide sth into,,,把某物分为,p.39
9a-word-list_01-10.png,,9A,Unit 4,one-size-fits-all,/ˌwʌn saɪz fɪts 'ɔːl/,adj.,通用的,p.39
9a-word-list_01-10.png,,9A,Unit 4,Rick,/rɪk/,,里克,p.34
9a-word-list_01-10.png,,9A,Unit 4,Johnny,/'dʒɒni/,,约翰尼,p.34
9a-word-list_01-10.png,,9A,Unit 4,Bob,/bɒb/,,鲍勃,p.35
9a-word-list_01-10.png,,9A,Unit 5,invention,/ɪn'venʃn/,n.,发明；创造,p.41
9a-word-list_01-10.png,,9A,Unit 5,camera,/'kæmərə/,n.,照相机；（电影）摄影机,p.42
9a-word-list_01-10.png,,9A,Unit 5,laptop,/'læptɒp/,n.,笔记本电脑,p.42
9a-word-list_01-10.png,,9A,Unit 5,high-speed train,,,高速列车,p.42
9a-word-list_01-10.png,,9A,Unit 5,super,/'suːpə(r)/,adj.,超级的；顶好的,p.42
9a-word-list_01-10.png,,9A,Unit 5,sunglasses,/'sʌnglɑːsɪz/,n.,墨镜,p.42
9a-word-list_01-10.png,,9A,Unit 5,mini-,/'mɪni/,prefix.,微型的；短的,p.42
9a-word-list_01-10.png,,9A,Unit 5,itself,/ɪt'self/,pron.,它自己,p.42
9a-word-list_01-10.png,,9A,Unit 5,button,/ˈbʌtn/,n.,按钮；扣子,p.42
9a-word-list_01-10.png,,9A,Unit 5,hundreds (of ...),,,许多；大量,p.42
9a-word-list_01-10.png,,9A,Unit 5,produce,/prəˈdjuːs/,v.,生产；繁育,p.43
9a-word-list_01-10.png,,9A,Unit 5,file,/faɪl/,n.,（计算机的）文件；文件夹,p.43
9a-word-list_01-10.png,,9A,Unit 5,plastic,/ˈplæstɪk/,n. & adj.,塑料（的）,p.43
9a-word-list_01-10.png,,9A,Unit 5,printer,/ˈprɪntə(r)/,n.,打印机；印刷公司,p.43
9a-word-list_01-10.png,,9A,Unit 5,invent,/ɪnˈvent/,v.,发明；编造,p.44
9a-word-list_01-10.png,,9A,Unit 5,all over the world,,,全世界,p.45
9a-word-list_01-10.png,,9A,Unit 5,suppose,/səˈpəʊz/,v.,认为；推断,p.45
9a-word-list_01-10.png,,9A,Unit 5,be supposed to do / be sth,,,应当做（某事）或是（某物）,p.45
9a-word-list_01-10.png,,9A,Unit 5,wheel,/wiːl/,n.,车轮；轮子,p.45
9a-word-list_01-10.png,,9A,Unit 5,frozen,/frəʊzn/,adj.,冻硬的；冰封的,p.45
9a-word-list_01-10.png,,9A,Unit 5,complete,/kəmˈpliːt/,v. adj.,v. 完成；结束 adj. 完全的；彻底的,p.45
9a-word-list_01-10.png,,9A,Unit 5,layer,/ˈleɪə(r)/,n.,层；表层,p.45
9a-word-list_01-10.png,,9A,Unit 5,melt,/melt/,v.,（使）融化；逐渐消失,p.45
9a-word-list_01-10.png,,9A,Unit 5,pipe,/paɪp/,n.,管道；管子；烟斗,p.45
9a-word-list_01-10.png,,9A,Unit 5,tunnel,/ˈtʌnl/,n.,隧道；地下通道,p.45
9a-word-list_01-10.png,,9A,Unit 5,tourism,/ˈtʊərɪzəm/,n.,旅游业,p.45
9a-word-list_01-10.png,,9A,Unit 5,gain,/geɪn/,v.,获得；取得,p.45
9a-word-list_01-10.png,,9A,Unit 5,reality,/riˈæləti/,n.,现实；事实,p.46
9a-word-list_01-10.png,,9A,Unit 5,papermaking,/ˈpeɪpəˌmeɪkɪŋ/,n.,造纸工艺；造纸业,p.46
9a-word-list_01-10.png,,9A,Unit 5,responsible,/rɪˈspɒnsəbl/,adj.,作为原因的；有责任的,p.46
9a-word-list_01-10.png,,9A,Unit 5,responsible for sth,,,引起某事,p.46
9a-word-list_01-10.png,,9A,Unit 5,rapid,/ˈræpɪd/,adj.,迅速的；瞬间的,p.46
9a-word-list_01-10.png,,9A,Unit 5,shape,/ʃeɪp/,v. n.,v. 塑造 n. 形状,p.46
9a-word-list_01-10.png,,9A,Unit 5,bronze,/brɒnz/,n. & adj.,青铜（的）；青铜色（的）,p.46
9a-word-list_01-10.png,,9A,Unit 5,ware,/weə(r)/,n.,制品；陶器,p.46
9a-word-list_01-10.png,,9A,Unit 5,stone,/stəʊn/,n.,石头；岩石,p.46
9a-word-list_01-10.png,,9A,Unit 5,jute,/dʒuːt/,n.,黄麻纤维,p.46
9a-word-list_01-10.png,,9A,Unit 5,fibre,/ˈfaɪbə(r)/,n.,(=fiber) 纤维；纤维素,p.46
9a-word-list_01-10.png,,9A,Unit 5,expensive,/ɪkˈspensɪv/,adj.,昂贵的；价格高的,p.46
9a-word-list_01-10.png,,9A,Unit 5,officer,/ˈɒfɪsə(r)/,n.,官员；高级职员,p.46
9a-word-list_01-10.png,,9A,Unit 5,workshop,/ˈwɜːkʃɒp/,n.,作坊；讲习班,p.46
9a-word-list_01-10.png,,9A,Unit 5,none,/nʌn/,pron.,没有一个；毫无,p.46
9a-word-list_01-10.png,,9A,Unit 5,ideal,/aɪˈdiːəl/,adj. n.,adj. 最合适的；理想的 n. 理想；完美的人（或事物）,p.46
9a-word-list_01-10.png,,9A,Unit 5,certain,/ˈsɜːtn/,adj. pron.,adj. 某些；确定的 pron.（不提及人或事物名称时用）某些,p.46
9a-word-list_01-10.png,,9A,Unit 5,suitable,/ˈsuːtəbl/,adj.,合适的；适宜的,p.46
9a-word-list_01-10.png,,9A,Unit 5,liquid,/ˈlɪkwɪd/,n. adj.,n. 液体 adj. 液体的,p.46
9a-word-list_01-10.png,,9A,Unit 5,cheap,/tʃiːp/,adj. adv.,adj. 便宜的 adv. 低廉地,p.46
9a-word-list_01-10.png,,9A,Unit 5,creation,/kriˈeɪʃn/,n.,创造；作品,p.46
9a-word-list_01-10.png,,9A,Unit 5,later on,,,后来；其后,p.46
9a-word-list_01-10.png,,9A,Unit 5,speed up,,,（使）加速,p.46
9a-word-list_01-10.png,,9A,Unit 5,Arabic,/ˈærəbɪk/,adj. n.,adj. 阿拉伯语的 n. 阿拉伯语,p.47
9a-word-list_01-10.png,,9A,Unit 5,result in,,,造成；导致,p.47
9a-word-list_01-10.png,,9A,Unit 5,lead to,,,导致；造成,p.47
9a-word-list_01-10.png,,9A,Unit 5,birth,/bɜːθ/,n.,起源；诞生,p.47
9a-word-list_01-10.png,,9A,Unit 5,rapidly,/ˈræpɪdli/,adv.,迅速地；快速地,p.48
9a-word-list_01-10.png,,9A,Unit 5,afford,/əˈfɔːd/,v.,买得起；能做,p.48
9a-word-list_01-10.png,,9A,Unit 5,company,/ˈkʌmpəni/,n.,公司；剧团,p.48
9a-word-list_01-10.png,,9A,Unit 5,sticky,/ˈstɪki/,adj.,黏（性）的；闷热的,p.48
9a-word-list_01-10.png,,9A,Unit 5,production,/prəˈdʌkʃn/,n.,生产；制作,p.48
9a-word-list_01-10.png,,9A,Unit 5,gradually,/ˈɡrædʒuəli/,adv.,逐渐地；逐步地,p.48
9a-word-list_01-10.png,,9A,Unit 5,widely,/ˈwaɪdli/,adv.,广泛地；普遍地,p.48
9a-word-list_01-10.png,,9A,Unit 5,be looking to do sth,,,试图找到做某事的方法,p.49
9a-word-list_01-10.png,,9A,Unit 5,glider,/ˈɡlaɪdə(r)/,n.,滑翔机,p.49
9a-word-list_01-10.png,,9A,Unit 5,Guglielmo Marconi,/ˈɡʊjelməʊ/ /mɑːˈkəʊni/,,古列尔莫·马科尼,p.44
9a-word-list_01-10.png,,9A,Unit 5,Alexander Bell,/ˌælɪɡˈzɑːndə(r)/,,亚历山大·贝尔,p.45
9a-word-list_01-10.png,,9A,Unit 5,Europe,/ˈjʊərəp/,,欧洲,p.45
9a-word-list_01-10.png,,9A,Unit 5,Lhasa,/ˈlɑːsə/,,拉萨（中国城市）,p.45
9a-word-list_01-10.png,,9A,Unit 5,Tanggula Pass,,,唐古拉山口,p.45
9a-word-list_01-10.png,,9A,Unit 5,CE,/ˌsiːˈiː/,,(Common Era) 公元,p.46
9a-word-list_01-10.png,,9A,Unit 5,Oakland,/ˈəʊklənd/,,奥克兰（美国城市）,p.48
9a-word-list_01-10.png,,9A,Unit 5,Spencer Silver,/ˈspensə(r)/ /ˈsɪlvə(r)/,,斯潘塞·西尔弗,p.48
9a-word-list_01-10.png,,9A,Unit 5,Arthur Fry,/ˈɑːθə(r)/,,亚瑟·弗赖伊,p.48
9a-word-list_01-10.png,,9A,Unit 5,Orville Wright,/ˈɔːvɪl/ /raɪt/,,奥维尔·赖特,p.49
9a-word-list_01-10.png,,9A,Unit 5,Wilbur Wright,/ˈwɪlbə(r)/,,威尔伯·赖特,p.49
9a-word-list_01-10.png,,9A,Unit 6,beyond,/bɪˈjɒnd/,prep. adv.,prep. 超出；在……较远的一边 adv. 在（或向）更远处,p.51
9a-word-list_01-10.png,,9A,Unit 6,mission,/ˈmɪʃn/,n.,任务；使命,p.52
9a-word-list_01-10.png,,9A,Unit 6,telescope,/ˈtelɪskəʊp/,n.,望远镜,p.52
9a-word-list_01-10.png,,9A,Unit 6,rover,/ˈrəʊvə(r)/,n.,探测器；漫游者,p.52
9a-word-list_01-10.png,,9A,Unit 6,manned,/mænd/,adj.,需人操作的,p.52
9a-word-list_01-10.png,,9A,Unit 6,maintain,/meɪnˈteɪn/,v.,维修；保持,p.52
9a-word-list_01-10.png,,9A,Unit 6,launch,/lɔːntʃ/,v. & n.,发射；发起,p.52
9a-word-list_01-10.png,,9A,Unit 6,weightless,/ˈweɪtləs/,adj.,失重的；无重量的,p.53
9a-word-list_01-10.png,,9A,Unit 6,movement,/ˈmuːvmənt/,n.,运动；活动,p.53
9a-word-list_01-10.png,,9A,Unit 6,asleep,/əˈsliːp/,adj.,睡着（的）,p.53
9a-word-list_01-10.png,,9A,Unit 6,fall asleep,,,入睡,p.53
9a-word-list_01-10.png,,9A,Unit 6,tie,/taɪ/,v. n.,v. 系上；束紧 n. 领带,p.53
9a-word-list_01-10.png,,9A,Unit 6,geology,/dʒiˈɒlədʒi/,n.,地质；地质学,p.54
9a-word-list_01-10.png,,9A,Unit 6,satellite,/ˈsætəlaɪt/,n.,人造卫星；卫星,p.54
9a-word-list_01-10.png,,9A,Unit 6,crazy,/ˈkreɪzi/,adj.,疯狂的；不理智的,p.54
9a-word-list_01-10.png,,9A,Unit 6,human being,,,人；人类,p.54
9a-word-list_01-10.png,,9A,Unit 6,require,/rɪˈkwaɪə(r)/,v.,需要；要求,p.55
9a-word-list_01-10.png,,9A,Unit 6,rocket,/ˈrɒkɪt/,n.,火箭,p.55
9a-word-list_01-10.png,,9A,Unit 6,cancel,/ˈkænsl/,v.,取消；终止,p.55
9a-word-list_01-10.png,,9A,Unit 6,publish,/ˈpʌblɪʃ/,v.,刊登；出版,p.55
9a-word-list_01-10.png,,9A,Unit 6,exoplanet,/ˈeksəʊˌplænɪt/,n.,系外行星,p.55
9a-word-list_01-10.png,,9A,Unit 6,solar,/ˈsəʊlə(r)/,adj.,太阳的；太阳能的,p.55
9a-word-list_01-10.png,,9A,Unit 6,god,/gɒd/,n.,神,p.56
9a-word-list_01-10.png,,9A,Unit 6,mysterious,/mɪˈstɪəriəs/,adj.,神秘的；奇怪的,p.56
9a-word-list_01-10.png,,9A,Unit 6,spacecraft,/ˈspeɪskrɑːft/,n.,(pl. spacecraft) 宇宙飞船,p.56
9a-word-list_01-10.png,,9A,Unit 6,in case,,,以防万一,p.56
9a-word-list_01-10.png,,9A,Unit 6,board,/bɔːd/,n.,板；牌子,p.56
9a-word-list_01-10.png,,9A,Unit 6,on board,,,在船（或火车、飞机）上,p.56
9a-word-list_01-10.png,,9A,Unit 6,billion,/ˈbɪljən/,num.,十亿,p.56
9a-word-list_01-10.png,,9A,Unit 6,trillion,/ˈtrɪljən/,num.,万亿；兆,p.56
9a-word-list_01-10.png,,9A,Unit 6,completely,/kəmˈpliːtli/,adv.,彻底地；完全地,p.56
9a-word-list_01-10.png,,9A,Unit 6,cooperate,/kəʊˈɒpəreɪt/,v.,合作；协作,p.56
9a-word-list_01-10.png,,9A,Unit 6,cooperate with,,,合作；协作；配合,p.57
9a-word-list_01-10.png,,9A,Unit 6,set foot on,,,访问；参观（某地）,p.57
9a-word-list_01-10.png,,9A,Unit 6,galaxy,/ˈgæləksi/,n.,星系,p.57
9a-word-list_01-10.png,,9A,Unit 6,unmanned,/ˌʌnˈmænd/,adj.,无（需）人操作的,p.57
9a-word-list_01-10.png,,9A,Unit 6,craft,/krɑːft/,n.,技艺；工艺 (pl. craft) 飞行器；船,p.58
9a-word-list_01-10.png,,9A,Unit 6,spaceship,/ˈspeɪsʃɪp/,n.,（航天）飞船,p.58
9a-word-list_01-10.png,,9A,Unit 6,survey,/ˈsɜːveɪ/,n.,测绘；民意调查,p.58
9a-word-list_01-10.png,,9A,Unit 6,crowded,/ˈkraʊdɪd/,adj.,人（太）多的；拥挤的,p.58
9a-word-list_01-10.png,,9A,Unit 6,operate,/ˈɒpəreɪt/,v.,操作；运行,p.59
9a-word-list_01-10.png,,9A,Unit 6,Mars,/mɑːz/,,火星,p.52
9a-word-list_01-10.png,,9A,Unit 6,Voyager 1,/ˈvɔɪdʒə(r)/,,旅行者1号探测器,p.56
9a-word-list_01-10.png,,9A,Unit 6,Proxima Centauri,/ˈprɒksɪmə/ /senˈtɔːri/,,比邻星,p.56
9a-word-list_01-10.png,,9A,Unit 6,Ann,/æn/,,安,p.58
9a-word-list_01-10.png,,9A,Unit 7,rhythm,/ˈrɪðəm/,n.,节奏；韵律,p.61
9a-word-list_01-10.png,,9A,Unit 7,folk,/fəʊk/,adj. n.,adj. 民间的 n. 民间音乐；(pl. folks) 各位,p.62
9a-word-list_01-10.png,,9A,Unit 7,traditional,/trəˈdɪʃənl/,adj.,传统的；习俗的,p.62
9a-word-list_01-10.png,,9A,Unit 7,pop,/pɒp/,n. v.,n. 流行音乐 v. 蹦出,p.62
9a-word-list_01-10.png,,9A,Unit 7,jazz,/dʒæz/,n.,爵士乐,p.62
9a-word-list_01-10.png,,9A,Unit 7,rap,/ræp/,n. v.,n. 说唱乐 v. 表演说唱乐,p.62
9a-word-list_01-10.png,,9A,Unit 7,comment,/ˈkɒment/,n. & v.,评论；批评,p.62
9a-word-list_01-10.png,,9A,Unit 7,sing along to,,,随着唱,p.62
9a-word-list_01-10.png,,9A,Unit 7,lyric,/ˈlɪrɪk/,n. adj.,n. 歌词 adj. 抒情的,p.62
9a-word-list_01-10.png,,9A,Unit 7,electric,/ɪˈlektrɪk/,adj.,电的；令人激动的,p.63
9a-word-list_01-10.png,,9A,Unit 7,electric guitar,,,电吉他,p.63
9a-word-list_01-10.png,,9A,Unit 7,keyboard,/ˈkiːbɔːd/,n.,电子琴；键盘,p.63
9a-word-list_01-10.png,,9A,Unit 7,trumpet,/ˈtrʌmpɪt/,n.,小号；喇叭,p.63
9a-word-list_01-10.png,,9A,Unit 7,style,/staɪl/,n.,风格；方式,p.63
9a-word-list_01-10.png,,9A,Unit 7,performance,/pəˈfɔːməns/,n.,演出；表演,p.64
9a-word-list_01-10.png,,9A,Unit 7,golden,/ˈgəʊldən/,adj.,金色的,p.64
9a-word-list_01-10.png,,9A,Unit 7,lover,/ˈlʌvə(r)/,n.,情人；爱好者,p.64
9a-word-list_01-10.png,,9A,Unit 7,romantic,/rəʊˈmæntɪk/,adj.,浪漫的；爱情的,p.64
9a-word-list_01-10.png,,9A,Unit 7,performer,/pəˈfɔːmə(r)/,n.,演奏者；表演者,p.64
9a-word-list_01-10.png,,9A,Unit 7,dance to,,,随着跳舞,p.64
9a-word-list_01-10.png,,9A,Unit 7,purple,/ˈpɜːpl/,n. adj.,n. 紫色 adj. 紫色的,p.65
9a-word-list_01-10.png,,9A,Unit 7,poet,/ˈpəʊɪt/,n.,诗人,p.65
9a-word-list_01-10.png,,9A,Unit 7,policewoman,/pəˈliːswʊmən/,n.,(pl. policewomen) 女警察,p.65
9a-word-list_01-10.png,,9A,Unit 7,deaf,/def/,adj.,聋的,p.65
9a-word-list_01-10.png,,9A,Unit 7,composer,/kəmˈpəʊzə(r)/,n.,作曲家,p.65
9a-word-list_01-10.png,,9A,Unit 7,electronic,/ɪˌlekˈtrɒnɪk/,adj.,电子的,p.65
9a-word-list_01-10.png,,9A,Unit 7,download,/ˌdaʊnˈləʊd/ /ˈdaʊnləʊd/,v. n.,v. 下载 n. 已下载的数据资料,p.65
9a-word-list_01-10.png,,9A,Unit 7,rating,/ˈreɪtɪŋ/,n.,评分；等级,p.65
9a-word-list_01-10.png,,9A,Unit 7,hats off (to sb),,,（向某人）表示敬佩,p.66
9a-word-list_01-10.png,,9A,Unit 7,genius,/ˈdʒiːniəs/,n.,天才人物；天赋,p.66
9a-word-list_01-10.png,,9A,Unit 7,pianist,/ˈpɪənɪst/,n.,钢琴家；钢琴演奏者,p.66
9a-word-list_01-10.png,,9A,Unit 7,gifted,/ˈgɪftɪd/,adj.,有天赋的,p.66
9a-word-list_01-10.png,,9A,Unit 7,outdo,/ˌaʊtˈduː/,v.,(outdid /ˌaʊtˈdɪd/; outdone /ˌaʊtˈdʌn/) 胜过,p.66
9a-word-list_01-10.png,,9A,Unit 7,widen,/ˈwaɪdn/,v.,拓宽；（使）扩展,p.66
9a-word-list_01-10.png,,9A,Unit 7,soul,/səʊl/,n.,真挚情感；灵魂,p.66
9a-word-list_01-10.png,,9A,Unit 7,look down on,,,轻视；蔑视,p.66
9a-word-list_01-10.png,,9A,Unit 7,Polish,/ˈpəʊlɪʃ/,adj. n.,adj. 波兰的 n. 波兰人；波兰语,p.66
9a-word-list_01-10.png,,9A,Unit 7,characteristic,/ˌkærəktəˈrɪstɪk/,n. adj.,n. 特征；品质 adj. 典型的；独特的,p.66
9a-word-list_01-10.png,,9A,Unit 7,valuable,/ˈvæljuəbl/,adj.,宝贵的；贵重的,p.66
9a-word-list_01-10.png,,9A,Unit 7,proudly,/ˈpraʊdli/,adv.,自豪地；壮观地,p.66
9a-word-list_01-10.png,,9A,Unit 7,funeral,/ˈfjuːnərəl/,n.,葬礼,p.67
9a-word-list_01-10.png,,9A,Unit 7,young and old,,,老老少少,p.67
9a-word-list_01-10.png,,9A,Unit 7,profession,/prəˈfeʃn/,n.,职业；行业,p.67
9a-word-list_01-10.png,,9A,Unit 7,contribution,/ˌkɒntrɪˈbjuːʃn/,n.,贡献；捐款,p.67
9a-word-list_01-10.png,,9A,Unit 7,cartoon,/kɑːˈtuːn/,n.,动画片；漫画,p.68
9a-word-list_01-10.png,,9A,Unit 7,fair,/feə(r)/,adj. n.,adj. 公平的；合理的 n. 露天游乐场；集市,p.68
9a-word-list_01-10.png,,9A,Unit 7,fair and square,,,光明正大,p.68
9a-word-list_01-10.png,,9A,Unit 7,tape,/teɪp/,n.,磁带；录像带,p.68
9a-word-list_01-10.png,,9A,Unit 7,tap,/tæp/,v. n.,v. 用（手指或脚）打节拍；轻敲 n. 水龙头；轻拍,p.68
9a-word-list_01-10.png,,9A,Unit 7,tap one's feet,,,用脚打节拍,p.68
9a-word-list_01-10.png,,9A,Unit 7,champion,/ˈtʃæmpiən/,n. v.,n. 冠军 v. 捍卫,p.68
9a-word-list_01-10.png,,9A,Unit 7,finger,/ˈfɪŋgə(r)/,n.,手指,p.69
9a-word-list_01-10.png,,9A,Unit 7,schoolmate,/ˈskuːlmeɪt/,n.,同学,p.69
9a-word-list_01-10.png,,9A,Unit 7,nowadays,/ˈnaʊədeɪz/,adv.,现在；目前,p.69
9a-word-list_01-10.png,,9A,Unit 7,imagination,/ɪˌmædʒɪˈneɪʃn/,n.,想象力；想象,p.69
9a-word-list_01-10.png,,9A,Unit 7,Clarice,/ˈklæris/,,克拉丽斯,p.62
9a-word-list_01-10.png,,9A,Unit 7,Debbie,/ˈdebi/,,黛比,p.62
9a-word-list_01-10.png,,9A,Unit 7,Robert Schumann,/ˈʃuːmən/,,罗伯特·舒曼,p.66
9a-word-list_01-10.png,,9A,Unit 7,Frédéric Chopin,/ˈfredərɪk/ /ˈʃəʊpæn/,,弗雷德里克·肖邦,p.66
9a-word-list_01-10.png,,9A,Unit 7,Poland,/ˈpəʊlənd/,,波兰,p.66
9a-word-list_01-10.png,,9A,Unit 7,Vienna,/viˈenə/,,维也纳（奥地利首都）,p.66
9a-word-list_01-10.png,,9A,Unit 8,pull-up,/ˈpʊl ʌp/,n.,引体向上,p.72
9a-word-list_01-10.png,,9A,Unit 8,relay,/ˈriːleɪ/,n.,接力赛,p.72
9a-word-list_01-10.png,,9A,Unit 8,shot-put,/ˈʃɒt pʊt/,n.,推铅球,p.72
9a-word-list_01-10.png,,9A,Unit 8,boxing,/ˈbɒksɪŋ/,n.,拳击（运动）,p.72
9a-word-list_01-10.png,,9A,Unit 8,competition,/ˌkɒmpəˈtɪʃn/,n.,比赛；竞赛,p.72
9a-word-list_01-10.png,,9A,Unit 8,tryout,/ˈtraɪaʊt/,n.,预赛；选拔赛,p.72
9a-word-list_01-10.png,,9A,Unit 8,handoff,/ˈhændɒf/,n.,接力棒交接,p.73
9a-word-list_01-10.png,,9A,Unit 8,baton,/ˈbætɒn/,n.,接力棒,p.73
9a-word-list_01-10.png,,9A,Unit 8,judge,/dʒʌdʒ/,n. v.,n. 裁判员；法官 v. 判断；认定,p.73
9a-word-list_01-10.png,,9A,Unit 8,runner,/ˈrʌnə(r)/,n.,参加赛跑的人,p.73
9a-word-list_01-10.png,,9A,Unit 8,advertisement,/ədˈvɜːtɪsmənt/,n.,(=ad /æd/) 广告；启事,p.73
9a-word-list_01-10.png,,9A,Unit 8,take the lead,,,带头（做某事）,p.73
9a-word-list_01-10.png,,9A,Unit 8,smooth,/smuːð/,adj.,顺利的；光滑的,p.73
9a-word-list_01-10.png,,9A,Unit 8,make up ground on sb/sth,,,逼近正在向前的人或物,p.73
9a-word-list_01-10.png,,9A,Unit 8,catch up with,,,赶上；追上（某人）,p.73
9a-word-list_01-10.png,,9A,Unit 8,figure,/ˈfɪgə(r)/,n. v.,n.（冰上动作的）花样；数字；人物 v. 认为,p.74
9a-word-list_01-10.png,,9A,Unit 8,figure skating,,,花样滑冰,p.74
9a-word-list_01-10.png,,9A,Unit 8,amaze,/əˈmeɪz/,v.,使惊奇；使惊诧,p.74
9a-word-list_01-10.png,,9A,Unit 8,strength,/streŋθ/,n.,力量；体力,p.74
9a-word-list_01-10.png,,9A,Unit 8,truly,/ˈtruːli/,adv.,真正地；诚恳地,p.74
9a-word-list_01-10.png,,9A,Unit 8,anyway,/ˈeniweɪ/,adv.,无论如何；不管怎样,p.74
9a-word-list_01-10.png,,9A,Unit 8,ceremony,/ˈserəməni/,n.,典礼；仪式,p.74
9a-word-list_01-10.png,,9A,Unit 8,neither,/ˈnaɪðə(r); ˈniːðə(r)/,conj. & pron.,两者皆非；两者都不,p.75
9a-word-list_01-10.png,,9A,Unit 8,nor,/nɔː(r)/,conj. & adv.,也不,p.75
9a-word-list_01-10.png,,9A,Unit 8,neither ... nor ...,,,既不……也不……,p.75
9a-word-list_01-10.png,,9A,Unit 8,try out,,,参加选拔；试用,p.75
9a-word-list_01-10.png,,9A,Unit 8,bouldering,/ˈbəʊldərɪŋ/,n.,攀岩,p.75
9a-word-list_01-10.png,,9A,Unit 8,compete,/kəmˈpiːt/,v.,参加比赛；竞争,p.75
9a-word-list_01-10.png,,9A,Unit 8,mascot,/ˈmæskət/,n.,吉祥物,p.76
9a-word-list_01-10.png,,9A,Unit 8,motto,/ˈmɒtəʊ/,n.,口号；格言,p.76
9a-word-list_01-10.png,,9A,Unit 8,dramatic,/drəˈmætɪk/,adj.,激动人心的；出乎意料的,p.76
9a-word-list_01-10.png,,9A,Unit 8,freestyle,/ˈfriːstaɪl/,n.,自由式体育比赛,p.76
9a-word-list_01-10.png,,9A,Unit 8,talented,/ˈtæləntɪd/,adj.,有才能的；天才的,p.76
9a-word-list_01-10.png,,9A,Unit 8,in wonder,,,惊奇地,p.76
9a-word-list_01-10.png,,9A,Unit 8,set a record,,,创造纪录,p.76
9a-word-list_01-10.png,,9A,Unit 8,gold,/gəʊld/,n. adj.,n. 金；金牌；金色 adj. 金质的；金色的,p.76
9a-word-list_01-10.png,,9A,Unit 8,medal,/ˈmedl/,n.,奖章；勋章,p.76
9a-word-list_01-10.png,,9A,Unit 8,reform,/rɪˈfɔːm/,n.,改革；变革,p.77
9a-word-list_01-10.png,,9A,Unit 8,reform and opening-up,,,改革开放,p.77
9a-word-list_01-10.png,,9A,Unit 8,worldwide,/ˌwɜːldˈwaɪd/,adj. adv.,adj. 世界范围的 adv. 在全世界；世界各地,p.77
9a-word-list_01-10.png,,9A,Unit 8,citizen,/ˈsɪtɪzn/,n.,市民；公民,p.77
9a-word-list_01-10.png,,9A,Unit 8,pride,/praɪd/,n.,自豪（感）；骄傲,p.77
9a-word-list_01-10.png,,9A,Unit 8,harmony,/ˈhɑːməni/,n.,和谐；和睦,p.77
9a-word-list_01-10.png,,9A,Unit 8,deeply,/ˈdiːpli/,adv.,非常；极其,p.77
9a-word-list_01-10.png,,9A,Unit 8,high point,,,最好（或最有意思）的部分,p.77
9a-word-list_01-10.png,,9A,Unit 8,master,/ˈmɑːstə(r)/,n. v.,n. 能手 v. 掌握；精通,p.78
9a-word-list_01-10.png,,9A,Unit 8,satisfy,/ˈsætɪsfaɪ/,v.,使（某人）满意,p.78
9a-word-list_01-10.png,,9A,Unit 8,round,/raʊnd/,n.,比赛阶段；轮次,p.78
9a-word-list_01-10.png,,9A,Unit 8,Greek,/griːk/,adj. n.,adj. 希腊的；希腊人的 n. 古希腊人；希腊人,p.78
9a-word-list_01-10.png,,9A,Unit 8,Roman,/ˈrəʊmən/,adj. n.,adj. 古罗马的；罗马的 n. 罗马人；罗马字体,p.78
9a-word-list_01-10.png,,9A,Unit 8,drown,/draʊn/,v.,（使）淹死；（使）溺毙,p.79
9a-word-list_01-10.png,,9A,Unit 8,crowd,/kraʊd/,n.,人群；观众,p.79
9a-word-list_01-10.png,,9A,Unit 8,Bing Dwen Dwen,,,冰墩墩,p.76
9a-word-list_01-10.png,,9A,Unit 8,Usain Bolt,/ˈjuːseɪn/ /bəʊlt/,,尤塞恩·博尔特,p.76
9a-word-list_01-10.png,,9A,Unit 8,Greece,/griːs/,,希腊,p.78
9a-word-list_01-10.png,,9A,Unit 8,Eric Moussambani,/ˌmuːsʌmˈbɑːni/,,埃里克·穆桑巴尼,p.79
9a-word-list_01-10.png,,9A,Unit 8,Equatorial Guinea,/ˌekwəˈtɔːriəl/ /ˈgɪni/,,赤道几内亚,p.79
9b-word-list_01-06.png,,9B,Unit 1,lantern,/ˈlæntən/,n.,灯笼；提灯,p.2
9b-word-list_01-06.png,,9B,Unit 1,eve,/iːv/,n.,前夜；前夕,p.2
9b-word-list_01-06.png,,9B,Unit 1,tomb,/tuːm/,n.,坟茔；冢,p.2
9b-word-list_01-06.png,,9B,Unit 1,parade,/pəˈreɪd/,n.,游行；阅兵,p.2
9b-word-list_01-06.png,,9B,Unit 1,ancestor,/ˈænsestə(r)/,n.,祖宗；祖先,p.2
9b-word-list_01-06.png,,9B,Unit 1,costume,/ˈkɒstjuːm/,n.,戏装；服装,p.2
9b-word-list_01-06.png,,9B,Unit 1,row,/rəʊ/,v. n.,v. 划（船） n. 一排；一列,p.3
9b-word-list_01-06.png,,9B,Unit 1,wash away,,,洗掉；冲走,p.4
9b-word-list_01-06.png,,9B,Unit 1,princess,/prɪnˈses; ˈprɪnses/,n.,公主,p.4
9b-word-list_01-06.png,,9B,Unit 1,pale,/peɪl/,adj.,苍白的；白皙的,p.5
9b-word-list_01-06.png,,9B,Unit 1,policeman,/pəˈliːsmən/,n.,(pl. policemen /pəˈliːsmən/) （男）警察,p.5
9b-word-list_01-06.png,,9B,Unit 1,shame,/ʃeɪm/,n.,让人遗憾的事；羞愧,p.5
9b-word-list_01-06.png,,9B,Unit 1,president,/ˈprezɪdənt/,n.,（公司）董事长；主席；总统,p.5
9b-word-list_01-06.png,,9B,Unit 1,go all out,,,全力以赴；竭尽全力,p.8
9b-word-list_01-06.png,,9B,Unit 1,regret,/rɪˈgret/,v. & n.,遗憾；懊悔,p.9
9b-word-list_01-06.png,,9B,Unit 1,sofa,/ˈsəʊfə/,n.,长沙发,p.5
9b-word-list_01-06.png,,9B,Unit 1,compound,/ˈkɒmpaʊnd/,adj. n.,adj. 复合的 n. 复合词；混合物,p.2
9b-word-list_01-06.png,,9B,Unit 1,complex,/ˈkɒmpleks/,adj.,复杂的,p.3
9b-word-list_01-06.png,,9B,Unit 1,lunar,/ˈluːnə(r)/,adj.,月亮的,p.5
9b-word-list_01-06.png,,9B,Unit 1,reunite,/ˌriːjuːˈnaɪt/,n.,（使）再次积聚,p.5
9b-word-list_01-06.png,,9B,Unit 1,mooncake,/ˈmuːnkeɪk/,n.,月饼,p.5
9b-word-list_01-06.png,,9B,Unit 1,steal,/stiːl/,v.,"(stole /stəʊl/, stolen /ˈstəʊlən/) 偷；窃取",p.5
9b-word-list_01-06.png,,9B,Unit 1,bring together,,,把……召集起来,p.6
9b-word-list_01-06.png,,9B,Unit 1,couplet,/ˈkʌplɪt/,n.,对联,p.6
9b-word-list_01-06.png,,9B,Unit 1,firework,/ˈfaɪəwɜːk/,n.,焰火；烟花,p.6
9b-word-list_01-06.png,,9B,Unit 1,gather,/ˈgæðə(r)/,v.,聚集；集合,p.6
9b-word-list_01-06.png,,9B,Unit 1,count down,,,倒计时,p.6
9b-word-list_01-06.png,,9B,Unit 1,midnight,/ˈmɪdnaɪt/,n.,午夜；半夜,p.6
9b-word-list_01-06.png,,9B,Unit 1,Scottish,/ˈskɒtɪʃ/,adj.,苏格兰的；苏格兰人的,p.6
9b-word-list_01-06.png,,9B,Unit 1,set off,,,点燃；动身,p.6
9b-word-list_01-06.png,,9B,Unit 1,Chinese lunar calendar,,,中国农历,p.6
9b-word-list_01-06.png,,9B,Unit 1,sweep out,,,清扫干净（房间等）,p.6
9b-word-list_01-06.png,,9B,Unit 1,dust,/dʌst/,n. v.,n. 尘土 v. 掸去,p.6
9b-word-list_01-06.png,,9B,Unit 1,breeze,/briːz/,n.,微风；轻风,p.6
9b-word-list_01-06.png,,9B,Unit 1,throughout,/θruːˈaʊt/,prep. & adv.,遍及；自始至终,p.7
9b-word-list_01-06.png,,9B,Unit 1,fool,/fuːl/,n. v.,n. 蠢人；傻瓜 v. 欺骗,p.8
9b-word-list_01-06.png,,9B,Unit 1,powder,/ˈpaʊdə(r)/,n.,粉末；细面,p.8
9b-word-list_01-06.png,,9B,Unit 1,background,/ˈbækgraʊnd/,n.,背景,p.8
9b-word-list_01-06.png,,9B,Unit 1,carnival,/ˈkɑːnɪvl/,n.,狂欢节；嘉年华,p.9
9b-word-list_01-06.png,,9B,Unit 1,samba,/ˈsæmbə/,n.,桑巴舞,p.9
9b-word-list_01-06.png,,9B,Unit 1,Tomb-sweeping Day,,,清明节,p.2
9b-word-list_01-06.png,,9B,Unit 1,Victor,/ˈvɪktə(r)/,,维克托,p.2
9b-word-list_01-06.png,,9B,Unit 1,Malaysia,/məˈleɪʒə/,,马来西亚,p.3
9b-word-list_01-06.png,,9B,Unit 1,Italy,/ˈɪtəli/,,意大利,p.5
9b-word-list_01-06.png,,9B,Unit 1,Mid-Autumn Festival,,,中秋节,p.5
9b-word-list_01-06.png,,9B,Unit 1,Big Ben,,,大本钟,p.6
9b-word-list_01-06.png,,9B,Unit 1,Auld Lang Syne,/ˌɔːld læŋ ˈsaɪn/,,《友谊地久天长》,p.6
9b-word-list_01-06.png,,9B,Unit 1,Times Square,,,时代广场,p.6
9b-word-list_01-06.png,,9B,Unit 1,Sham El-Nessim,,,（埃及）嗅风节,p.6
9b-word-list_01-06.png,,9B,Unit 1,April Fool's Day,,,愚人节,p.8
9b-word-list_01-06.png,,9B,Unit 1,Holi,,,（印度）洒红节,p.8
9b-word-list_01-06.png,,9B,Unit 1,Rio de Janeiro,/ˌriːəʊ dɑː dʒəˈnɪərəʊ/,,里约热内卢（巴西城市）,p.9
9b-word-list_01-06.png,,9B,Unit 1,Brazil,/brəˈzɪl/,,巴西,p.9
9b-word-list_01-06.png,,9B,Unit 1,Jason,/ˈdʒeɪsn/,,贾森,p.9
9b-word-list_01-06.png,,9B,Unit 2,site,/saɪt/,n.,场所；地方,p.12
9b-word-list_01-06.png,,9B,Unit 2,artefact,/ˈɑːtɪfekt/,n.,(=artifact) （有史学价值的）人工制品,p.12
9b-word-list_01-06.png,,9B,Unit 2,horn,/hɔːn/,n.,（羊、牛等动物的）角,p.12
9b-word-list_01-06.png,,9B,Unit 2,Egyptian,/ɪˈdʒɪpʃn/,adj. n.,adj. 埃及的；埃及人的 n. 埃及人,p.13
9b-word-list_01-06.png,,9B,Unit 2,empress,/ˈempres/,n.,女皇；皇后,p.13
9b-word-list_01-06.png,,9B,Unit 2,queen,/kwiːn/,n.,女王；王后,p.13
9b-word-list_01-06.png,,9B,Unit 2,mummy,/ˈmʌmi/,n.,木乃伊；（儿语）妈妈,p.14
9b-word-list_01-06.png,,9B,Unit 2,archaeologist,/ˌɑːkiˈɒlədʒɪst/,n.,(=archaologist) 考古学家,p.14
9b-word-list_01-06.png,,9B,Unit 2,wealthy,/ˈwelθi/,adj.,有钱的；富裕的,p.14
9b-word-list_01-06.png,,9B,Unit 2,clothing,/ˈkləʊðɪŋ/,n.,衣物；服装,p.14
9b-word-list_01-06.png,,9B,Unit 2,cotton,/ˈkɒtn/,n.,棉、棉花；棉织物,p.14
9b-word-list_01-06.png,,9B,Unit 2,gram,/græm/,n.,(=gramme) 克（重量单位）,p.14
9b-word-list_01-06.png,,9B,Unit 2,pound,/paʊnd/,n.,磅（重量单位）；镑（货币单位）,p.14
9b-word-list_01-06.png,,9B,Unit 2,matchbox,/ˈmætʃbɒks/,n.,火柴盒,p.14
9b-word-list_01-06.png,,9B,Unit 2,ash,/æʃ/,n.,灰烬；废墟,p.15
9b-word-list_01-06.png,,9B,Unit 2,unlikely,/ʌnˈlaɪkli/,adj.,不大可能发生的,p.15
9b-word-list_01-06.png,,9B,Unit 2,jade,/dʒeɪd/,n.,玉；翡翠,p.15
9b-word-list_01-06.png,,9B,Unit 2,wealth,/welθ/,n.,财产；财富,p.15
9b-word-list_01-06.png,,9B,Unit 2,trade,/treɪd/,n.,贸易；买卖,p.15
9b-word-list_01-06.png,,9B,Unit 2,repair,/rɪˈpeə(r)/,v. & n.,修理；修补,p.15
9b-word-list_01-06.png,,9B,Unit 2,bring ... to life,,,使……鲜活起来；赋予生命,p.16
9b-word-list_01-06.png,,9B,Unit 2,archaeological,/ˌɑːkiəˈlɒdʒɪkl/,adj.,(=archeological) 考古学的,p.16
9b-word-list_01-06.png,,9B,Unit 2,millions (of ...),,,数百万的；大量的,p.16
9b-word-list_01-06.png,,9B,Unit 2,gate,/geɪt/,n.,门；大门,p.16
9b-word-list_01-06.png,,9B,Unit 2,aware,/əˈweə(r)/,adj.,知道的；意识到的,p.16
9b-word-list_01-06.png,,9B,Unit 2,aware of,,,知道；意识到,p.16
9b-word-list_01-06.png,,9B,Unit 2,underground,/ˌʌndəˈgraʊnd/,adv. adj. n.,adv. 在地（面）下 adj. 地（面）下的 n. 地铁,p.16
9b-word-list_01-06.png,,9B,Unit 2,pit,/pɪt/,n.,深坑；深涧,p.16
9b-word-list_01-06.png,,9B,Unit 2,world-famous,/ˌwɜːld ˈfeɪməs/,adj.,举世闻名的,p.16
9b-word-list_01-06.png,,9B,Unit 2,dig,/dɪg/,v.,"(dug /dʌg/, dug) 挖（土）；掘（地）",p.16
9b-word-list_01-06.png,,9B,Unit 2,remains,/rɪˈmeɪnz/,n.,(pl) 遗迹；残留物,p.16
9b-word-list_01-06.png,,9B,Unit 2,era,/ˈɪərə/,n.,时代；年代,p.16
9b-word-list_01-06.png,,9B,Unit 2,highly,/ˈhaɪli/,adv.,非常；极,p.16
9b-word-list_01-06.png,,9B,Unit 2,skilled,/skɪld/,adj.,有技能的；熟练的,p.16
9b-word-list_01-06.png,,9B,Unit 2,skilled in,,,善于；精通,p.16
9b-word-list_01-06.png,,9B,Unit 2,metal,/ˈmetl/,n.,金属,p.16
9b-word-list_01-06.png,,9B,Unit 2,carve,/kɑːv/,v.,雕刻,p.16
9b-word-list_01-06.png,,9B,Unit 2,style,/staɪl/,n.,样式；款式,p.16
9b-word-list_01-06.png,,9B,Unit 2,unique,/juˈniːk/,adj.,独特的；罕见的,p.16
9b-word-list_01-06.png,,9B,Unit 2,evidence,/ˈevɪdəns/,n.,证据；证明,p.16
9b-word-list_01-06.png,,9B,Unit 2,aim,/eɪm/,n. v.,n. 目的；目标 v. 力求达到；力争做到,p.17
9b-word-list_01-06.png,,9B,Unit 2,dollar,/ˈdɒlə(r)/,n.,元（英国、加拿大等国的货币单位）,p.18
9b-word-list_01-06.png,,9B,Unit 2,cent,/sent/,n.,分（货币单位）,p.18
9b-word-list_01-06.png,,9B,Unit 2,statue,/ˈstætʃuː/,n.,雕塑；雕像,p.18
9b-word-list_01-06.png,,9B,Unit 2,Mayan,/ˈmaɪən/,adj. n.,adj. 玛雅人的；玛雅语的 n. 玛雅人；玛雅语,p.19
9b-word-list_01-06.png,,9B,Unit 2,shadow,/ˈʃædəʊ/,n.,影子；阴影,p.19
9b-word-list_01-06.png,,9B,Unit 2,crawl,/krɔːl/,v.,爬行,p.19
9b-word-list_01-06.png,,9B,Unit 2,interestingly,/ˈɪntrəstɪŋli/,adv.,有趣地,p.19
9b-word-list_01-06.png,,9B,Unit 2,Asia,/ˈeɪʒə; ˈeɪʃə/,,亚洲,p.12
9b-word-list_01-06.png,,9B,Unit 2,Sphinx,/sfɪŋks/,,斯芬克斯,p.13
9b-word-list_01-06.png,,9B,Unit 2,King Tut,/tuːt/,,图坦卡蒙国王,p.13
9b-word-list_01-06.png,,9B,Unit 2,Great Pyramid,,,大金字塔,p.13
9b-word-list_01-06.png,,9B,Unit 2,CT scan,/skæn/,,计算机层析成像扫描,p.13
9b-word-list_01-06.png,,9B,Unit 2,DNA test,,,脱氧核糖核酸检测,p.13
9b-word-list_01-06.png,,9B,Unit 2,Cairo,/ˈkaɪrəʊ/,,开罗（埃及首都）,p.13
9b-word-list_01-06.png,,9B,Unit 2,Terracotta Army,/ˌterəˈkɒtə/,,兵马俑,p.15
9b-word-list_01-06.png,,9B,Unit 2,Stonehenge,/ˌstəʊnˈhendʒ/,,巨石阵,p.18
9b-word-list_01-06.png,,9B,Unit 2,Central America,,,中美洲,p.19
9b-word-list_01-06.png,,9B,Unit 2,Kukulkan,/ˌkuːkʊlˈkɒn/,,库库尔坎,p.19
9b-word-list_01-06.png,,9B,Unit 3,shrimp,/ʃrʌmp/,n.,虾,p.15
9b-word-list_01-06.png,,9B,Unit 3,burst,/bɜːst/,v. n.,"v. (burst, burst) 冲；（使）爆裂 n. 迸发",p.22
9b-word-list_01-06.png,,9B,Unit 3,brushstroke,/ˈbrʌʃstrəʊk/,n.,一笔；一画,p.22
9b-word-list_01-06.png,,9B,Unit 3,lifelike,/ˈlaɪflaɪk/,adj.,生动的，逼真的,p.22
9b-word-list_01-06.png,,9B,Unit 3,combine,/kəmˈbaɪn/,v.,（使）结合；（使）组合,p.22
9b-word-list_01-06.png,,9B,Unit 3,combine ... with ...,,,把……与……结合起来,p.22
9b-word-list_01-06.png,,9B,Unit 3,opposite,/ˈɒpəzɪt/,adj. n.,adj. 截然相反的；对立的 n. 反面,p.23
9b-word-list_01-06.png,,9B,Unit 3,scene,/siːn/,n.,景色；情景,p.23
9b-word-list_01-06.png,,9B,Unit 3,empty,/ˈempti/,adj. v.,adj. 空的 v. 倒空,p.23
9b-word-list_01-06.png,,9B,Unit 3,cover ... in,,,覆盖,p.23
9b-word-list_01-06.png,,9B,Unit 3,perfectly,/ˈpɜːfɪktli/,adv.,完美地；完全地,p.24
9b-word-list_01-06.png,,9B,Unit 3,beauty,/ˈbjuːti/,n.,美人；美丽,p.24
9b-word-list_01-06.png,,9B,Unit 3,sculptor,/ˈskʌlptə(r)/,n.,雕塑家,p.24
9b-word-list_01-06.png,,9B,Unit 3,skin,/skɪn/,n.,皮肤；皮,p.24
9b-word-list_01-06.png,,9B,Unit 3,lab,/læb/,n.,(=laboratory /ləˈbɒrətri; ˈlæbrətɔːri/) 实验室,p.25
9b-word-list_01-06.png,,9B,Unit 3,diet,/ˈdaɪət/,n.,节食；规定饮食,p.25
9b-word-list_01-06.png,,9B,Unit 3,on a diet,,,节食,p.25
9b-word-list_01-06.png,,9B,Unit 3,knock,/nɒk/,v. n.,v. 敲（门、窗等） n. 敲击,p.25
9b-word-list_01-06.png,,9B,Unit 3,model,/ˈmɒdl/,v. n.,v. 当模特；模仿 n. 模特、模型,p.25
9b-word-list_01-06.png,,9B,Unit 3,porcelain,/ˈpɔːslɪn/,n.,瓷器,p.25
9b-word-list_01-06.png,,9B,Unit 3,rare,/reə(r)/,adj.,稀有的；罕见的,p.25
9b-word-list_01-06.png,,9B,Unit 3,commonly,/ˈkɒmənli/,adv.,通常；一般,p.25
9b-word-list_01-06.png,,9B,Unit 3,china,/ˈtʃaɪnə/,n.,瓷；瓷器,p.25
9b-word-list_01-06.png,,9B,Unit 3,artistic,/ɑːˈtɪstɪk/,adj.,美术的；艺术的,p.25
9b-word-list_01-06.png,,9B,Unit 3,on show,,,在展出,p.26
9b-word-list_01-06.png,,9B,Unit 3,calligrapher,/kəˈlɪgrəfə(r)/,n.,书法家,p.26
9b-word-list_01-06.png,,9B,Unit 3,recreate,/ˌriːkriˈeɪt/,v.,使再现,p.26
9b-word-list_01-06.png,,9B,Unit 3,pity,/ˈpɪti/,n. & v.,遗憾；同情,p.26
9b-word-list_01-06.png,,9B,Unit 3,original,/əˈrɪdʒənl/,adj.,真正的；最初的,p.26
9b-word-list_01-06.png,,9B,Unit 3,version,/ˈvɜːʃn/,n.,版本,p.26
9b-word-list_01-06.png,,9B,Unit 3,copy,/ˈkɒpi/,v. n.,v. 模仿；复制 n. 复制件,p.26
9b-word-list_01-06.png,,9B,Unit 3,apart,/əˈpɑːt/,adv.,相隔；分开,p.27
9b-word-list_01-06.png,,9B,Unit 3,apart from,,,除了……（还有）；除了……（别无）,p.27
9b-word-list_01-06.png,,9B,Unit 3,postman,/ˈpəʊstmən/,n.,(pl. postmen /ˈpəʊstmən/) 邮递员,p.28
9b-word-list_01-06.png,,9B,Unit 3,packet,/ˈpækɪt/,n.,小件包装；小袋,p.28
9b-word-list_01-06.png,,9B,Unit 3,chalk,/tʃɔːk/,n.,粉笔,p.28
9b-word-list_01-06.png,,9B,Unit 3,boss,/bɒs/,n.,老板；上司,p.28
9b-word-list_01-06.png,,9B,Unit 3,within,/wɪˈðɪn/,prep.,在……时间之内，不到……,p.28
9b-word-list_01-06.png,,9B,Unit 3,noisy,/ˈnɔɪzi/,adj.,喧闹的；吵闹的,p.28
9b-word-list_01-06.png,,9B,Unit 3,pond,/pɒnd/,n.,池塘,p.28
9b-word-list_01-06.png,,9B,Unit 3,sunflower,/ˈsʌnflaʊə(r)/,n.,向日葵,p.29
9b-word-list_01-06.png,,9B,Unit 3,starry,/ˈstɑːri/,adj.,布满星星的,p.29
9b-word-list_01-06.png,,9B,Unit 3,passion,/ˈpæʃn/,n.,激情；热爱,p.29
9b-word-list_01-06.png,,9B,Unit 3,Joe,/dʒəʊ/,,乔,p.24
9b-word-list_01-06.png,,9B,Unit 3,Betty,/ˈbeti/,,贝蒂,p.24
9b-word-list_01-06.png,,9B,Unit 3,Dave,/deɪv/,,戴夫,p.24
9b-word-list_01-06.png,,9B,Unit 3,Venus de Milo,/ˌviːnəs de ˈmaɪləʊ/,,《米洛的维纳斯》（雕塑）,p.24
9b-word-list_01-06.png,,9B,Unit 3,Mona Lisa,/ˌməʊnə ˈliːsə/,,《蒙娜丽莎》（油画）,p.24
9b-word-list_01-06.png,,9B,Unit 3,Da Vinci,/dɑː ˈvɪntʃi/,,达·芬奇,p.24
9b-word-list_01-06.png,,9B,Unit 3,Hong Kong,/ˌhɒŋˈkɒŋ/,,"(SAR, China) 中华人民共和国香港特别行政区",p.25
9b-word-list_01-06.png,,9B,Unit 3,Orchid Pavilion,/pəˈvɪliən/,,兰亭,p.26
9b-word-list_01-06.png,,9B,Unit 3,Astor Garden Court,/ˈæstə(r)/ /kɔːt/,,明轩,p.28
9b-word-list_01-06.png,,9B,Unit 3,Metropolitan Museum of Art,/ˌmetrəˈpɒlɪtən/,,大都会艺术博物馆,p.28
9b-word-list_01-06.png,,9B,Unit 3,Vincent van Gogh,/ˌvɪnsnt væn ˈɡɒf/,,文森特·梵高,p.29
9b-word-list_01-06.png,,9B,Unit 3,Netherlands,/ˈneðələndz/,,荷兰,p.29
9b-word-list_01-06.png,,9B,Unit 4,reuse,/ˌriːˈjuːz/,v.,再次使用；重复使用,p.31
9b-word-list_01-06.png,,9B,Unit 4,recycle,/ˌriːˈsaɪkl/,v.,回收利用,p.31
9b-word-list_01-06.png,,9B,Unit 4,pollution,/pəˈluːʃn/,n.,污染；污染物,p.32
9b-word-list_01-06.png,,9B,Unit 4,chemical,/ˈkemɪkl/,n. adj.,n. 化学制品；化学品 adj. 化学物；化学品的,p.32
9b-word-list_01-06.png,,9B,Unit 4,smog,/smɒg/,n.,烟雾,p.32
9b-word-list_01-06.png,,9B,Unit 4,global,/ˈɡləʊbl/,adj.,全球的；全世界的,p.32
9b-word-list_01-06.png,,9B,Unit 4,global warming,,,全球（气候）变暖；地球大气层变化,p.32
9b-word-list_01-06.png,,9B,Unit 4,pollute,/pəˈluːt/,v.,污染；弄脏,p.32
9b-word-list_01-06.png,,9B,Unit 4,disposal,/dɪˈspəʊzl/,n.,处理；处置,p.33
9b-word-list_01-06.png,,9B,Unit 4,package,/ˈpækɪdʒ/,v. n.,v. 把……包装好 n. 包裹，包装好的东西,p.34
9b-word-list_01-06.png,,9B,Unit 4,environmental,/ɪnˌvaɪrənˈmentl/,adj.,自然环境的；生态环境的,p.35
9b-word-list_01-06.png,,9B,Unit 4,well-known,/ˌwel ˈnəʊn/,adj.,众所周知的；著名的,p.35
9b-word-list_01-06.png,,9B,Unit 4,disturb,/dɪˈstɜːb/,v.,打扰；使焦虑,p.35
9b-word-list_01-06.png,,9B,Unit 4,trap,/træp/,v. n.,v. 设陷阱抓捕；卡住 n. 陷阱；罗网,p.35
9b-word-list_01-06.png,,9B,Unit 4,lamp,/læmp/,n.,台灯,p.35
9b-word-list_01-06.png,,9B,Unit 4,bother,/ˈbɒðə(r)/,v.,使（某人）烦恼；花费时间和精力（做某事）,p.35
9b-word-list_01-06.png,,9B,Unit 4,loss,/lɒs/,n.,损失；亏损；丢失,p.35
9b-word-list_01-06.png,,9B,Unit 4,guardian,/ˈɡɑːdiən/,n.,保护者；守卫者,p.36
9b-word-list_01-06.png,,9B,Unit 4,smelly,/ˈsmeli/,adj.,有难闻气味的；有臭味的,p.36
9b-word-list_01-06.png,,9B,Unit 4,ban,/bæn/,n.,明令禁止；禁止做某事,p.36
9b-word-list_01-06.png,,9B,Unit 4,riverbank,/ˈrɪvəbæŋk/,n.,河岸；河堤,p.37
9b-word-list_01-06.png,,9B,Unit 4,steady,/ˈstedi/,adj.,稳定的；持续的,p.37
9b-word-list_01-06.png,,9B,Unit 4,income,/ˈɪŋkʌm/,n.,收入；收益,p.37
9b-word-list_01-06.png,,9B,Unit 4,clean-up,/ˈkliːnʌp/,n.,清洁；消除,p.37
9b-word-list_01-06.png,,9B,Unit 4,generation,/ˌdʒenəˈreɪʃn/,n.,一代人；同辈人,p.37
9b-word-list_01-06.png,,9B,Unit 4,protection,/prəˈtekʃn/,n.,保护；保护物,p.38
9b-word-list_01-06.png,,9B,Unit 4,tyre,/ˈtaɪə(r)/,n.,(=tire) 轮胎,p.38
9b-word-list_01-06.png,,9B,Unit 4,bury,/ˈberi/,v.,覆盖；掩埋,p.38
9b-word-list_01-06.png,,9B,Unit 4,landfill,/ˈlændfɪl/,n.,垃圾填埋地（或场）；垃圾填埋,p.38
9b-word-list_01-06.png,,9B,Unit 4,leave behind,,,丢下；忘了带,p.38
9b-word-list_01-06.png,,9B,Unit 4,come up with,,,找到；想到,p.38
9b-word-list_01-06.png,,9B,Unit 4,outdoor,/ˈaʊtdɔː(r)/,adj.,户外的；室外的,p.38
9b-word-list_01-06.png,,9B,Unit 4,wash up,,,把……冲到陆地上；洗漱,p.39
9b-word-list_01-06.png,,9B,Unit 4,bin,/bɪn/,n.,垃圾箱；（有盖）大容器,p.39
9b-word-list_01-06.png,,9B,Unit 5,graduation,/ˌɡrædʒuˈeɪʃn/,n.,毕业,p.41
9b-word-list_01-06.png,,9B,Unit 5,vote,/vəʊt/,v. & n.,投票；选举,p.42
9b-word-list_01-06.png,,9B,Unit 5,leader,/ˈliːdə(r)/,n.,领导者；领袖,p.42
9b-word-list_01-06.png,,9B,Unit 5,presentation,/ˌprezn'teɪʃn/,n.,演出；介绍,p.42
9b-word-list_01-06.png,,9B,Unit 5,lifelong,/ˈlaɪflɒŋ/,adj.,终身的；毕生的,p.42
9b-word-list_01-06.png,,9B,Unit 5,projector,/prəˈdʒektə(r)/,n.,放映机；投影仪,p.42
9b-word-list_01-06.png,,9B,Unit 5,vocational,/vəʊˈkeɪʃnl/,adj.,职业的；职业技术的,p.42
9b-word-list_01-06.png,,9B,Unit 5,whatever,/wɒtˈevə(r)/,pron. & adv.,任何；无论什么,p.42
9b-word-list_01-06.png,,9B,Unit 5,path,/pɑːθ/,n.,路线；道路,p.42
9b-word-list_01-06.png,,9B,Unit 5,mainly,/ˈmeɪnli/,adv.,主要地；首要地,p.43
9b-word-list_01-06.png,,9B,Unit 5,silent,/ˈsaɪlənt/,adj.,不说话的；沉默的,p.43
9b-word-list_01-06.png,,9B,Unit 5,pronounce,/prəˈnaʊns/,v.,发（音）；读（音）,p.43
9b-word-list_01-06.png,,9B,Unit 5,abroad,/əˈbrɔːd/,adv.,在国外；到国外,p.44
9b-word-list_01-06.png,,9B,Unit 5,graduate,/ˈɡrædʒueɪt/ /ˈɡrædʒuɪt/,v. n.,v. 毕业 n. 毕业生,p.44
9b-word-list_01-06.png,,9B,Unit 5,continuous,/kənˈtɪnjuəs/,adj.,持续的；连续的,p.45
9b-word-list_01-06.png,,9B,Unit 5,madam,/ˈmædəm/,n.,女士；夫人,p.45
9b-word-list_01-06.png,,9B,Unit 5,translate,/trænzˈleɪt/,v.,翻译,p.45
9b-word-list_01-06.png,,9B,Unit 5,part-time,/ˌpɑːt ˈtaɪm/,adj.,兼职的,p.45
9b-word-list_01-06.png,,9B,Unit 5,full-time,/ˌfʊl ˈtaɪm/,adj.,全职的,p.45
9b-word-list_01-06.png,,9B,Unit 5,senior,/ˈsiːniə(r)/,adj.,高级别的；年纪大的,p.45
9b-word-list_01-06.png,,9B,Unit 5,technical,/ˈteknɪkl/,adj.,技术的；技能的,p.45
9b-word-list_01-06.png,,9B,Unit 5,grateful,/ˈɡreɪtfl/,adj.,感激的；表示感谢的,p.46
9b-word-list_01-06.png,,9B,Unit 5,encouragement,/ɪnˈkʌrɪdʒmənt/,n.,鼓舞；鼓励,p.46
9b-word-list_01-06.png,,9B,Unit 5,line of work,,,行业,p.46
9b-word-list_01-06.png,,9B,Unit 5,bear ... in mind,,,记住；将某…记在心中,p.46
9b-word-list_01-06.png,,9B,Unit 5,diligence,/ˈdɪlɪdʒəns/,n.,勤奋；刻苦,p.46
9b-word-list_01-06.png,,9B,Unit 5,equally,/ˈiːkwəli/,adv.,平等地；同样地,p.46
9b-word-list_01-06.png,,9B,Unit 5,cherish,/ˈtʃerɪʃ/,v.,珍视；珍爱,p.47
9b-word-list_01-06.png,,9B,Unit 5,lemon,/ˈlemən/,n.,柠檬,p.47
9b-word-list_01-06.png,,9B,Unit 5,lemonade,/ˌleməˈneɪd/,n.,柠檬水；柠檬汽水,p.47
9b-word-list_01-06.png,,9B,Unit 5,cheat,/tʃiːt/,v.,欺骗；作弊,p.47
9b-word-list_01-06.png,,9B,Unit 5,till,/tɪl/,prep. & conj.,直到；到……为止,p.47
9b-word-list_01-06.png,,9B,Unit 5,inform,/ɪnˈfɔːm/,n.,通知；知会,p.48
9b-word-list_01-06.png,,9B,Unit 5,vocation,/vəʊˈkeɪʃn/,n.,职业；工作,p.48
9b-word-list_01-06.png,,9B,Unit 5,patience,/ˈpeɪʃns/,n.,耐心；忍耐力,p.48
9b-word-list_01-06.png,,9B,Unit 5,honestly,/ˈɒnɪstli/,adv.,真的；诚实地,p.48
9b-word-list_01-06.png,,9B,Unit 5,fall behind,,,落在后面,p.48
9b-word-list_01-06.png,,9B,Unit 5,achievable,/əˈtʃiːvəbl/,adj.,可达到的,p.48
9b-word-list_01-06.png,,9B,Unit 5,fellow,/ˈfeləʊ/,adj.,一同……的,p.49
9b-word-list_01-06.png,,9B,Unit 5,unforgettable,/ˌʌnfəˈɡetəbl/,adj.,难以忘怀的；令人难忘的,p.49
9b-word-list_01-06.png,,9B,Unit 5,from the bottom of one's heart,,,真诚地；从内心（深处）,p.49
9b-word-list_01-06.png,,9B,Unit 5,worth doing sth,,,值得做某事,p.49
9b-word-list_01-06.png,,9B,Unit 5,Hauptschule,,,普通中学（德语）,p.45
9b-word-list_01-06.png,,9B,Unit 5,Gymnasium,,,文理中学（德语）,p.45
9b-word-list_01-06.png,,9B,Unit 5,Realschule,,,实科中学（德语）,p.45
