entry_id,source_row,book,unit,word,normalized_word,pronunciation,part_of_speech,chinese_definition,page_number,entry_form,capitalized_candidate,exam_headword_match,exam_frequency_rank,classification,action,entry_type,decision_reason,review_note,source_file
NV0001,2,7A,Starter Unit 1,unit,unit,/ˈjuːnɪt/,n.,单元,p.1,单词,否,是,967,A核心,保留在主词表,普通词,与浙江中考考频表词头直接匹配,"",7a-word-list_01-07.png
NV0002,3,7A,Starter Unit 1,starter unit,starter unit,/ˈstɑːtə(r)/,,过渡单元,p.1,多词表达,否,否,,B认读,保留在认读区,教材结构词,用于教材结构说明，不作为重点短语,"",7a-word-list_01-07.png
NV0003,4,7A,Starter Unit 1,section,section,/ˈsekʃn/,n.,部分；地区,p.1,单词,否,是,819,A核心,保留在主词表,普通词,与浙江中考考频表词头直接匹配,"",7a-word-list_01-07.png
NV0004,5,7A,Starter Unit 1,greet,greet,/ɡriːt/,v.,招呼；问候,p.1,单词,否,是,3498,A核心,保留在主词表,普通词,与浙江中考考频表词头直接匹配,"",7a-word-list_01-07.png
NV0005,6,7A,Starter Unit 1,each,each,/iːtʃ/,adj. & pron.,每个；各自,p.2,单词,否,否,,B认读,保留在认读区,普通词,教材词汇，但未与浙江中考考频表词头直接匹配,需在样章阶段复核是否升级为核心,7a-word-list_01-07.png
NV0006,7,7A,Starter Unit 1,other,other,/ˈʌðə(r)/,pron. adj.,pron. 另外的人（或物）adj. 另外的；其他的,p.2,单词,否,否,,B认读,保留在认读区,普通词,教材词汇，但未与浙江中考考频表词头直接匹配,需在样章阶段复核是否升级为核心,7a-word-list_01-07.png
NV0007,8,7A,Starter Unit 1,each other,each other,,,互相；彼此,p.2,多词表达,否,否,,A核心,保留在主词表,短语或固定表达,教材明确列出的短语或句型，应独立掌握,后续需结合短语考查价值再细分,7a-word-list_01-07.png
NV0008,9,7A,Starter Unit 1,oh,oh,/əʊ/,interj.,哦；啊,p.2,单词,否,否,,B认读,保留在认读区,普通词,教材词汇，但未与浙江中考考频表词头直接匹配,需在样章阶段复核是否升级为核心,7a-word-list_01-07.png
NV0009,10,7A,Starter Unit 1,everyone,everyone,/ˈevriwʌn/,pron.,每人；所有人,p.2,单词,否,是,529,A核心,保留在主词表,普通词,与浙江中考考频表词头直接匹配,"",7a-word-list_01-07.png
NV0010,11,7A,Starter Unit 1,start,start,/stɑːt/,v.,开始；着手,p.4,单词,否,否,,B认读,保留在认读区,普通词,教材词汇，但未与浙江中考考频表词头直接匹配,需在样章阶段复核是否升级为核心,7a-word-list_01-07.png
NV0011,12,7A,Starter Unit 1,conversation,conversation,/ˌkɒnvəˈseɪʃn/,n.,谈话；交谈,p.4,单词,否,是,1165,A核心,保留在主词表,普通词,与浙江中考考频表词头直接匹配,"",7a-word-list_01-07.png
NV0012,13,7A,Starter Unit 1,spell,spell,/spel/,v.,用字母拼；拼写,p.4,单词,否,是,4337,A核心,保留在主词表,普通词,与浙江中考考频表词头直接匹配,"",7a-word-list_01-07.png
NV0013,14,7A,Starter Unit 1,bell,bell,/bel/,n.,铃（声）；钟（声）,p.4,单词,否,是,2662,A核心,保留在主词表,普通词,与浙江中考考频表词头直接匹配,"",7a-word-list_01-07.png
NV0014,15,7A,Starter Unit 1,Helen,helen,/ˈhelən/,,海伦,p.1,单词,是,否,,C剔除,从学生主词表剔除,人名,人物名、姓氏或虚构人物名,"",7a-word-list_01-07.png
NV0015,16,7A,Starter Unit 1,Ella,ella,/ˈelə/,,埃拉,p.1,单词,是,否,,C剔除,从学生主词表剔除,人名,人物名、姓氏或虚构人物名,"",7a-word-list_01-07.png
NV0016,17,7A,Starter Unit 1,Emma,emma,/ˈemə/,,埃玛,p.1,单词,是,否,,C剔除,从学生主词表剔除,人名,人物名、姓氏或虚构人物名,"",7a-word-list_01-07.png
NV0017,18,7A,Starter Unit 1,Peter,peter,/ˈpiːtə(r)/,,彼得,p.1,单词,是,否,,C剔除,从学生主词表剔除,人名,人物名、姓氏或虚构人物名,"",7a-word-list_01-07.png
NV0018,19,7A,Starter Unit 1,Brown,brown,/braʊn/,,布朗,p.2,单词,是,是,10367,C剔除,从学生主词表剔除,人名,人物名、姓氏或虚构人物名,与考频表普通词同形，按本条中文释义判定为人名,7a-word-list_01-07.png
NV0019,20,7A,Starter Unit 1,PRC,prc,/ˌpiː ɑː(r) ˈsiː/,,中华人民共和国,p.3,单词,是,否,,B认读,保留在认读区,缩写或背景概念,有课文理解价值，但不建议作为重点默写词,"",7a-word-list_01-07.png
NV0020,21,7A,Starter Unit 1,PLA,pla,/ˌpiː el ˈeɪ/,,中国人民解放军,p.3,单词,是,否,,B认读,保留在认读区,缩写或背景概念,有课文理解价值，但不建议作为重点默写词,"",7a-word-list_01-07.png
NV0021,22,7A,Starter Unit 1,VR,vr,/ˌviː ˈɑː(r)/,,虚拟现实,p.3,单词,是,否,,B认读,保留在认读区,缩写或背景概念,有课文理解价值，但不建议作为重点默写词,"",7a-word-list_01-07.png
NV0022,23,7A,Starter Unit 1,WHO,who,/ˌdʌblju ˈeɪtʃ ˈəʊ/,,世界卫生组织,p.3,单词,是,否,,B认读,保留在认读区,缩写或背景概念,有课文理解价值，但不建议作为重点默写词,"",7a-word-list_01-07.png
NV0023,24,7A,Starter Unit 1,UN,un,/ˌjuː ˈen/,,联合国,p.3,单词,是,否,,B认读,保留在认读区,缩写或背景概念,有课文理解价值，但不建议作为重点默写词,"",7a-word-list_01-07.png
NV0024,25,7A,Starter Unit 1,Miller,miller,/ˈmɪlə(r)/,,米勒,p.4,单词,是,否,,C剔除,从学生主词表剔除,人名,人物名、姓氏或虚构人物名,"",7a-word-list_01-07.png
NV0025,26,7A,Starter Unit 2,bottle,bottle,/ˈbɒtl/,n.,瓶子,p.7,单词,否,否,,B认读,保留在认读区,普通词,教材词汇，但未与浙江中考考频表词头直接匹配,需在样章阶段复核是否升级为核心,7a-word-list_01-07.png
NV0026,27,7A,Starter Unit 2,eraser,eraser,/ɪˈreɪzə(r)/,n.,橡皮,p.7,单词,否,是,17337,A核心,保留在主词表,普通词,与浙江中考考频表词头直接匹配,"",7a-word-list_01-07.png
NV0027,28,7A,Starter Unit 2,key,key,/kiː/,n.,钥匙；关键,p.7,单词,否,否,,B认读,保留在认读区,普通词,教材词汇，但未与浙江中考考频表词头直接匹配,需在样章阶段复核是否升级为核心,7a-word-list_01-07.png
NV0028,29,7A,Starter Unit 2,thing,thing,/θɪŋ/,n.,东西；事情,p.10,单词,否,否,,B认读,保留在认读区,普通词,教材词汇，但未与浙江中考考频表词头直接匹配,需在样章阶段复核是否升级为核心,7a-word-list_01-07.png
NV0029,30,7A,Starter Unit 2,need,need,/niːd/,v. & n.,需要,p.10,单词,否,否,,B认读,保留在认读区,普通词,教材词汇，但未与浙江中考考频表词头直接匹配,需在样章阶段复核是否升级为核心,7a-word-list_01-07.png
NV0030,31,7A,Starter Unit 2,You're welcome.,you're welcome.,,,别客气；不用谢。,p.11,多词表达,是,否,,A核心,保留在主词表,核心表达,教材明确列出的常用交际表达或固定搭配,"",7a-word-list_01-07.png
NV0031,32,7A,Starter Unit 3,fun,fun,/fʌn/,n. adj.,n. 乐趣；快乐 adj. 有趣的；使人快乐的,p.13,单词,否,否,,B认读,保留在认读区,普通词,教材词汇，但未与浙江中考考频表词头直接匹配,需在样章阶段复核是否升级为核心,7a-word-list_01-07.png
NV0032,33,7A,Starter Unit 3,yard,yard,/jɑːd/,n.,院子；园圃,p.13,单词,否,否,,B认读,保留在认读区,普通词,教材词汇，但未与浙江中考考频表词头直接匹配,需在样章阶段复核是否升级为核心,7a-word-list_01-07.png
NV0033,34,7A,Starter Unit 3,carrot,carrot,/ˈkærət/,n.,胡萝卜,p.13,单词,否,是,4641,A核心,保留在主词表,普通词,与浙江中考考频表词头直接匹配,"",7a-word-list_01-07.png
NV0034,35,7A,Starter Unit 3,goose,goose,/ɡuːs/,n.,(pl. geese /ɡiːs/) 鹅,p.14,单词,否,否,,B认读,保留在认读区,普通词,教材词汇，但未与浙江中考考频表词头直接匹配,需在样章阶段复核是否升级为核心,7a-word-list_01-07.png
NV0035,36,7A,Starter Unit 3,count,count,/kaʊnt/,v.,数数,p.16,单词,否,是,1335,A核心,保留在主词表,普通词,与浙江中考考频表词头直接匹配,"",7a-word-list_01-07.png
NV0036,37,7A,Starter Unit 3,another,another,/əˈnʌðə(r)/,adj. & pron.,另一；又一（人或事物）,p.16,单词,否,是,145,A核心,保留在主词表,普通词,与浙江中考考频表词头直接匹配,"",7a-word-list_01-07.png
NV0037,38,7A,Starter Unit 3,else,else,/els/,adv.,其他的；别的,p.17,单词,否,是,440,A核心,保留在主词表,普通词,与浙江中考考频表词头直接匹配,"",7a-word-list_01-07.png
NV0038,39,7A,Starter Unit 3,circle,circle,/ˈsɜːkl/,v. n.,v. 圈出 n. 圆形；圆圈,p.17,单词,否,是,1511,A核心,保留在主词表,普通词,与浙江中考考频表词头直接匹配,"",7a-word-list_01-07.png
NV0039,40,7A,Starter Unit 3,look at,look at,,,看；瞧,p.17,多词表达,否,否,,A核心,保留在主词表,短语或固定表达,教材明确列出的短语或句型，应独立掌握,后续需结合短语考查价值再细分,7a-word-list_01-07.png
NV0040,41,7A,Unit 1,make friends,make friends,,,交朋友,p.19,多词表达,否,否,,A核心,保留在主词表,短语或固定表达,教材明确列出的短语或句型，应独立掌握,后续需结合短语考查价值再细分,7a-word-list_01-07.png
NV0041,42,7A,Unit 1,get to know,get to know,,,认识；了解,p.20,多词表达,否,否,,A核心,保留在主词表,短语或固定表达,教材明确列出的短语或句型，应独立掌握,后续需结合短语考查价值再细分,7a-word-list_01-07.png
NV0042,43,7A,Unit 1,full,full,/fʊl/,adj.,完整的；满的,p.20,单词,否,否,,B认读,保留在认读区,普通词,教材词汇，但未与浙江中考考频表词头直接匹配,需在样章阶段复核是否升级为核心,7a-word-list_01-07.png
NV0043,44,7A,Unit 1,full name,full name,,,全名,p.20,多词表达,否,否,,A核心,保留在主词表,短语或固定表达,教材明确列出的短语或句型，应独立掌握,后续需结合短语考查价值再细分,7a-word-list_01-07.png
NV0044,45,7A,Unit 1,grade,grade,/ɡreɪd/,n.,年级；等级,p.20,单词,否,是,1430,A核心,保留在主词表,普通词,与浙江中考考频表词头直接匹配,"",7a-word-list_01-07.png
NV0045,46,7A,Unit 1,last name,last name,,,姓氏,p.20,多词表达,否,否,,A核心,保留在主词表,短语或固定表达,教材明确列出的短语或句型，应独立掌握,后续需结合短语考查价值再细分,7a-word-list_01-07.png
NV0046,47,7A,Unit 1,classmate,classmate,/ˈklɑːsmeɪt/,n.,同班同学,p.21,单词,否,是,5305,A核心,保留在主词表,普通词,与浙江中考考频表词头直接匹配,"",7a-word-list_01-07.png
NV0047,48,7A,Unit 1,class teacher,class teacher,,,班主任,p.21,多词表达,否,否,,A核心,保留在主词表,短语或固定表达,教材明确列出的短语或句型，应独立掌握,后续需结合短语考查价值再细分,7a-word-list_01-07.png
NV0048,49,7A,Unit 1,first name,first name,,,名字,p.21,多词表达,否,否,,A核心,保留在主词表,短语或固定表达,教材明确列出的短语或句型，应独立掌握,后续需结合短语考查价值再细分,7a-word-list_01-07.png
NV0049,50,7A,Unit 1,mistake,mistake,/mɪˈsteɪk/,n.,错误；失误,p.21,单词,否,是,1434,A核心,保留在主词表,普通词,与浙江中考考频表词头直接匹配,"",7a-word-list_01-07.png
NV0050,51,7A,Unit 1,country,country,/ˈkʌntri/,n.,国家,p.22,单词,否,是,166,A核心,保留在主词表,普通词,与浙江中考考频表词头直接匹配,"",7a-word-list_01-07.png
NV0051,52,7A,Unit 1,same,same,/seɪm/,adj.,相同的,p.23,单词,否,否,,B认读,保留在认读区,普通词,教材词汇，但未与浙江中考考频表词头直接匹配,需在样章阶段复核是否升级为核心,7a-word-list_01-07.png
NV0052,53,7A,Unit 1,twin,twin,/twɪn/,n. adj.,n. 双胞胎之一 adj. 双胞胎之一的,p.23,单词,否,否,,B认读,保留在认读区,普通词,教材词汇，但未与浙江中考考频表词头直接匹配,需在样章阶段复核是否升级为核心,7a-word-list_01-07.png
NV0053,54,7A,Unit 1,both,both,/bəʊθ/,adj. & pron.,两个；两个都,p.23,单词,否,否,,B认读,保留在认读区,普通词,教材词汇，但未与浙江中考考频表词头直接匹配,需在样章阶段复核是否升级为核心,7a-word-list_01-07.png
NV0054,55,7A,Unit 1,band,band,/bænd/,n.,乐队,p.23,单词,否,是,1281,A核心,保留在主词表,普通词,与浙江中考考频表词头直接匹配,"",7a-word-list_01-07.png
NV0055,56,7A,Unit 1,pot,pot,/pɒt/,n.,锅,p.23,单词,否,是,2249,A核心,保留在主词表,普通词,与浙江中考考频表词头直接匹配,"",7a-word-list_01-07.png
NV0056,57,7A,Unit 1,a lot,a lot,,,很；非常,p.23,多词表达,否,否,,A核心,保留在主词表,短语或固定表达,教材明确列出的短语或句型，应独立掌握,后续需结合短语考查价值再细分,7a-word-list_01-07.png
NV0057,58,7A,Unit 1,tofu,tofu,/ˈtəʊfuː/,n.,豆腐,p.23,单词,否,是,10554,A核心,保留在主词表,普通词,与浙江中考考频表词头直接匹配,"",7a-word-list_01-07.png
NV0058,59,7A,Unit 1,parrot,parrot,/ˈpærət/,n.,鹦鹉,p.24,单词,否,是,10220,A核心,保留在主词表,普通词,与浙江中考考频表词头直接匹配,"",7a-word-list_01-07.png
NV0059,60,7A,Unit 1,guitar,guitar,/ɡɪˈtɑː(r)/,n.,吉他,p.24,单词,否,是,3685,A核心,保留在主词表,普通词,与浙江中考考频表词头直接匹配,"",7a-word-list_01-07.png
NV0060,61,7A,Unit 1,tennis,tennis,/ˈtenɪs/,n.,网球运动,p.24,单词,否,是,3101,A核心,保留在主词表,普通词,与浙江中考考频表词头直接匹配,"",7a-word-list_01-07.png
NV0061,62,7A,Unit 1,page,page,/peɪdʒ/,n.,页面；（书刊或纸张）页,p.24,单词,否,是,708,A核心,保留在主词表,普通词,与浙江中考考频表词头直接匹配,"",7a-word-list_01-07.png
NV0062,63,7A,Unit 1,even,even,/ˈiːvn/,adv.,甚至；连；愈加,p.24,单词,否,否,,B认读,保留在认读区,普通词,教材词汇，但未与浙江中考考频表词头直接匹配,需在样章阶段复核是否升级为核心,7a-word-list_01-07.png
NV0063,64,7A,Unit 1,hey,hey,/heɪ/,interj.,嘿；喂,p.24,单词,否,否,,B认读,保留在认读区,普通词,教材词汇，但未与浙江中考考频表词头直接匹配,需在样章阶段复核是否升级为核心,7a-word-list_01-07.png
NV0064,65,7A,Unit 1,play the guitar,play the guitar,,,弹吉他,p.24,多词表达,否,否,,A核心,保留在主词表,短语或固定表达,教材明确列出的短语或句型，应独立掌握,后续需结合短语考查价值再细分,7a-word-list_01-07.png
NV0065,66,7A,Unit 1,would,would,/wʊd; wəd/,modal v.,想（用于礼貌地邀请或向某人提供某物）；将会,p.24,单词,否,否,,B认读,保留在认读区,普通词,教材词汇，但未与浙江中考考频表词头直接匹配,需在样章阶段复核是否升级为核心,7a-word-list_01-07.png
NV0066,67,7A,Unit 1,would ('d) like to,would ('d) like to,,,表示愿意、喜欢,p.24,多词表达,否,否,,A核心,保留在主词表,短语或固定表达,教材明确列出的短语或句型，应独立掌握,后续需结合短语考查价值再细分,7a-word-list_01-07.png
NV0067,68,7A,Unit 1,information,information,/ˌɪnfəˈmeɪʃn/,n.,信息；消息,p.25,单词,否,是,314,A核心,保留在主词表,普通词,与浙江中考考频表词头直接匹配,"",7a-word-list_01-07.png
NV0068,69,7A,Unit 1,hobby,hobby,/ˈhɒbi/,n.,业余爱好,p.25,单词,否,是,6648,A核心,保留在主词表,普通词,与浙江中考考频表词头直接匹配,"",7a-word-list_01-07.png
NV0069,70,7A,Unit 1,re,re,/riː/,prep.,（用于回复电子邮件）关于；事由,p.25,单词,否,否,,B认读,保留在认读区,普通词,教材词汇，但未与浙江中考考频表词头直接匹配,需在样章阶段复核是否升级为核心,7a-word-list_01-07.png
NV0070,71,7A,Unit 1,Green,green,/ɡriːn/,,格林,p.20,单词,是,否,,C剔除,从学生主词表剔除,人名,人物名、姓氏或虚构人物名,"",7a-word-list_01-07.png
NV0071,72,7A,Unit 1,UK,uk,/ˌjuː ˈkeɪ/,,英国,p.20,单词,是,否,,D复核,等待人工确认,国家或大洲,属于地名，但常见国家和大洲名称可能具有认读价值,确认是剔除还是放入认读区,7a-word-list_01-07.png
NV0072,73,7A,Unit 1,US,us,/ˌjuː ˈes/,,美国,p.20,单词,是,否,,D复核,等待人工确认,国家或大洲,属于地名，但常见国家和大洲名称可能具有认读价值,确认是剔除还是放入认读区,7a-word-list_01-07.png
NV0073,74,7A,Unit 1,Smith,smith,/smɪθ/,,史密斯,p.20,单词,是,否,,C剔除,从学生主词表剔除,人名,人物名、姓氏或虚构人物名,"",7a-word-list_01-07.png
NV0074,75,7A,Unit 1,Lisa,lisa,/ˈliːsə/,,莉萨,p.23,单词,是,否,,C剔除,从学生主词表剔除,人名,人物名、姓氏或虚构人物名,"",7a-word-list_01-07.png
NV0075,76,7A,Unit 1,Tom,tom,/tɒm/,,汤姆,p.23,单词,是,否,,C剔除,从学生主词表剔除,人名,人物名、姓氏或虚构人物名,"",7a-word-list_01-07.png
NV0076,77,7A,Unit 1,hot pot,hot pot,,,火锅,p.23,多词表达,否,否,,A核心,保留在主词表,短语或固定表达,教材明确列出的短语或句型，应独立掌握,后续需结合短语考查价值再细分,7a-word-list_01-07.png
NV0077,78,7A,Unit 1,Sally,sally,/ˈsæli/,,萨莉,p.23,单词,是,否,,C剔除,从学生主词表剔除,人名,人物名、姓氏或虚构人物名,"",7a-word-list_01-07.png
NV0078,79,7A,Unit 1,Wood,wood,/wʊd/,,伍德,p.23,单词,是,否,,C剔除,从学生主词表剔除,人名,人物名、姓氏或虚构人物名,"",7a-word-list_01-07.png
NV0079,80,7A,Unit 1,Sydney,sydney,/ˈsɪdni/,,悉尼（澳大利亚城市）,p.23,单词,是,否,,C剔除,从学生主词表剔除,具体地名,城市、景点、地理实体或历史地点专名,"",7a-word-list_01-07.png
NV0080,81,7A,Unit 1,Australia,australia,/ɒˈstreɪliə/,,澳大利亚,p.23,单词,是,否,,D复核,等待人工确认,国家或大洲,属于地名，但常见国家和大洲名称可能具有认读价值,确认是剔除还是放入认读区,7a-word-list_01-07.png
NV0081,82,7A,Unit 1,Mapo tofu,mapo tofu,,,麻婆豆腐,p.23,多词表达,是,否,,C剔除,从学生主词表剔除,低考试价值文化词,文化背景专名或外语教育制度名称，预计不要求拼写,可保留在文化附录,7a-word-list_01-07.png
NV0082,83,7A,Unit 1,Beijing roast duck,beijing roast duck,/rəʊst/,,北京烤鸭,p.24,多词表达,是,否,,C剔除,从学生主词表剔除,低考试价值文化词,文化背景专名或外语教育制度名称，预计不要求拼写,可保留在文化附录,7a-word-list_01-07.png
NV0083,84,7A,Unit 1,Singapore,singapore,/ˌsɪŋəˈpɔː(r)/,,新加坡,p.24,单词,是,否,,D复核,等待人工确认,国家或大洲,属于地名，但常见国家和大洲名称可能具有认读价值,确认是剔除还是放入认读区,7a-word-list_01-07.png
NV0084,85,7A,Unit 1,the Great Wall,the great wall,,,长城,p.24,多词表达,是,否,,C剔除,从学生主词表剔除,具体地名,城市、景点、地理实体或历史地点专名,"",7a-word-list_01-07.png
NV0085,86,7A,Unit 1,Pauline,pauline,/pɔːˈliːn/,,保利娜,p.24,单词,是,否,,C剔除,从学生主词表剔除,人名,人物名、姓氏或虚构人物名,"",7a-word-list_01-07.png
NV0086,87,7A,Unit 1,Lee,lee,/liː/,,李,p.24,单词,是,否,,C剔除,从学生主词表剔除,人名,人物名、姓氏或虚构人物名,"",7a-word-list_01-07.png
NV0087,88,7A,Unit 1,Coco,coco,/ˈkəʊkəʊ/,,科科,p.24,单词,是,否,,C剔除,从学生主词表剔除,人名,人物名、姓氏或虚构人物名,"",7a-word-list_01-07.png
NV0088,89,7A,Unit 1,London,london,/ˈlʌndən/,,伦敦（英国首都）,p.24,单词,是,否,,C剔除,从学生主词表剔除,具体地名,城市、景点、地理实体或历史地点专名,"",7a-word-list_01-07.png
NV0089,90,7A,Unit 2,mean,mean,/miːn/,v.,意思是；打算,p.27,单词,否,否,,B认读,保留在认读区,普通词,教材词汇，但未与浙江中考考频表词头直接匹配,需在样章阶段复核是否升级为核心,7a-word-list_01-07.png
NV0090,91,7A,Unit 2,husband,husband,/ˈhʌzbənd/,n.,丈夫,p.28,单词,否,否,,B认读,保留在认读区,普通词,教材词汇，但未与浙江中考考频表词头直接匹配,需在样章阶段复核是否升级为核心,7a-word-list_01-07.png
NV0091,92,7A,Unit 2,bat,bat,/bæt/,n.,球棒；球拍,p.29,单词,否,是,3720,A核心,保留在主词表,普通词,与浙江中考考频表词头直接匹配,"",7a-word-list_01-07.png
NV0092,93,7A,Unit 2,ping-pong bat,ping-pong bat,,,乒乓球拍,p.29,多词表达,否,否,,A核心,保留在主词表,短语或固定表达,教材明确列出的短语或句型，应独立掌握,后续需结合短语考查价值再细分,7a-word-list_01-07.png
NV0093,94,7A,Unit 2,play ping-pong,play ping-pong,,,打乒乓球,p.29,多词表达,否,否,,A核心,保留在主词表,短语或固定表达,教材明确列出的短语或句型，应独立掌握,后续需结合短语考查价值再细分,7a-word-list_01-07.png
NV0094,95,7A,Unit 2,together,together,/təˈɡeðə(r)/,adv.,在一起；共同,p.29,单词,否,是,324,A核心,保留在主词表,普通词,与浙江中考考频表词头直接匹配,"",7a-word-list_01-07.png
NV0095,96,7A,Unit 2,every day,every day,,,每天,p.29,多词表达,否,否,,A核心,保留在主词表,短语或固定表达,教材明确列出的短语或句型，应独立掌握,后续需结合短语考查价值再细分,7a-word-list_01-07.png
NV0096,97,7A,Unit 2,fishing rod,fishing rod,/rɒd/,,钓竿,p.29,多词表达,否,否,,A核心,保留在主词表,短语或固定表达,教材明确列出的短语或句型，应独立掌握,后续需结合短语考查价值再细分,7a-word-list_01-07.png
NV0097,98,7A,Unit 2,spend,spend,/spend/,v.,花（时间、钱等）,p.29,单词,否,是,342,A核心,保留在主词表,普通词,与浙江中考考频表词头直接匹配,"",7a-word-list_01-07.png
NV0098,99,7A,Unit 2,a lot of / lots of,a lot of / lots of,,,大量；许多,p.29,多词表达,否,否,,A核心,保留在主词表,短语或固定表达,教材明确列出的短语或句型，应独立掌握,后续需结合短语考查价值再细分,7a-word-list_01-07.png
NV0099,100,7A,Unit 2,really,really,/ˈriːəli/,adv.,非常；确实；真正地,p.29,单词,否,是,143,A核心,保留在主词表,普通词,与浙江中考考频表词头直接匹配,"",7a-word-list_01-07.png
NV0100,101,7A,Unit 2,member,member,/ˈmembə(r)/,n.,成员；会员,p.30,单词,否,否,,B认读,保留在认读区,普通词,教材词汇，但未与浙江中考考频表词头直接匹配,需在样章阶段复核是否升级为核心,7a-word-list_01-07.png
NV0101,102,7A,Unit 2,activity,activity,/ækˈtɪvəti/,n.,活动,p.30,单词,否,是,537,A核心,保留在主词表,普通词,与浙江中考考频表词头直接匹配,"",7a-word-list_01-07.png
NV0102,103,7A,Unit 2,chess,chess,/tʃes/,n.,国际象棋,p.30,单词,否,是,7053,A核心,保留在主词表,普通词,与浙江中考考频表词头直接匹配,"",7a-word-list_01-07.png
NV0103,104,7A,Unit 2,Chinese chess,chinese chess,,,中国象棋,p.30,多词表达,是,否,,A核心,保留在主词表,核心表达,教材明确列出的常用交际表达或固定搭配,"",7a-word-list_01-07.png
NV0104,105,7A,Unit 2,grandparent,grandparent,/ˈɡrænpeərənt/,n.,祖父（母）；外祖父（母）,p.31,单词,否,是,4723,A核心,保留在主词表,普通词,与浙江中考考频表词头直接匹配,"",7a-word-list_01-07.png
NV0105,106,7A,Unit 2,funny,funny,/ˈfʌni/,adj.,好笑的；奇怪的,p.31,单词,否,是,1799,A核心,保留在主词表,普通词,与浙江中考考频表词头直接匹配,"",7a-word-list_01-07.png
NV0106,107,7A,Unit 2,laugh,laugh,/lɑːf/,v. n.,v. 笑；发笑 n. 笑声,p.31,单词,否,是,862,A核心,保留在主词表,普通词,与浙江中考考频表词头直接匹配,"",7a-word-list_01-07.png
NV0107,108,7A,Unit 2,different,different,/ˈdɪfrənt/,adj.,不同的,p.31,单词,否,是,237,A核心,保留在主词表,普通词,与浙江中考考频表词头直接匹配,"",7a-word-list_01-07.png
NV0108,109,7A,Unit 2,violin,violin,/ˌvaɪəˈlɪn/,n.,小提琴,p.31,单词,否,是,6761,A核心,保留在主词表,普通词,与浙江中考考频表词头直接匹配,"",7a-word-list_01-07.png
NV0109,110,7A,Unit 2,have fun,have fun,,,玩得高兴,p.31,多词表达,否,否,,A核心,保留在主词表,短语或固定表达,教材明确列出的短语或句型，应独立掌握,后续需结合短语考查价值再细分,7a-word-list_01-07.png
NV0110,111,7A,Unit 2,hat,hat,/hæt/,n.,帽子,p.32,单词,否,是,2026,A核心,保留在主词表,普通词,与浙江中考考频表词头直接匹配,"",7a-word-list_01-07.png
NV0111,112,7A,Unit 2,handsome,handsome,/ˈhænsəm/,adj.,英俊的,p.32,单词,否,是,3868,A核心,保留在主词表,普通词,与浙江中考考频表词头直接匹配,"",7a-word-list_01-07.png
NV0112,113,7A,Unit 2,knee,knee,/niː/,n.,膝；膝盖,p.32,单词,否,是,1493,A核心,保留在主词表,普通词,与浙江中考考频表词头直接匹配,"",7a-word-list_01-07.png
NV0113,114,7A,Unit 2,at night,at night,,,在夜晚,p.32,多词表达,否,否,,A核心,保留在主词表,短语或固定表达,教材明确列出的短语或句型，应独立掌握,后续需结合短语考查价值再细分,7a-word-list_01-07.png
NV0114,115,7A,Unit 2,in the middle,in the middle,,,在中间,p.32,多词表达,否,否,,A核心,保留在主词表,短语或固定表达,教材明确列出的短语或句型，应独立掌握,后续需结合短语考查价值再细分,7a-word-list_01-07.png
NV0115,116,7A,Unit 2,grandchild,grandchild,/ˈɡræntʃaɪld/,n.,(pl. grandchildren /ˈɡrænˌtʃɪldrən/)（外）孙子；（外）孙女,p.32,单词,否,否,,B认读,保留在认读区,普通词,教材词汇，但未与浙江中考考频表词头直接匹配,需在样章阶段复核是否升级为核心,7a-word-list_01-07.png
NV0116,117,7A,Unit 2,son,son,/sʌn/,n.,儿子,p.33,单词,否,否,,B认读,保留在认读区,普通词,教材词汇，但未与浙江中考考频表词头直接匹配,需在样章阶段复核是否升级为核心,7a-word-list_01-07.png
NV0117,118,7A,Unit 2,hike,hike,/haɪk/,v. & n.,远足；徒步旅行,p.33,单词,否,是,4496,A核心,保留在主词表,普通词,与浙江中考考频表词头直接匹配,"",7a-word-list_01-07.png
NV0118,119,7A,Unit 2,go hiking,go hiking,,,远足；徒步旅行,p.33,多词表达,否,否,,A核心,保留在主词表,短语或固定表达,教材明确列出的短语或句型，应独立掌握,后续需结合短语考查价值再细分,7a-word-list_01-07.png
NV0119,120,7A,Unit 2,next to,next to,,,紧邻；在……近旁,p.33,多词表达,否,否,,A核心,保留在主词表,短语或固定表达,教材明确列出的短语或句型，应独立掌握,后续需结合短语考查价值再细分,7a-word-list_01-07.png
NV0120,121,7A,Unit 2,David,david,/ˈdeɪvɪd/,,戴维,p.28,单词,是,否,,C剔除,从学生主词表剔除,人名,人物名、姓氏或虚构人物名,"",7a-word-list_01-07.png
NV0121,122,7A,Unit 2,Jim,jim,/dʒɪm/,,吉姆,p.28,单词,是,否,,C剔除,从学生主词表剔除,人名,人物名、姓氏或虚构人物名,"",7a-word-list_01-07.png
NV0122,123,7A,Unit 2,Kate,kate,/keɪt/,,凯特,p.31,单词,是,否,,C剔除,从学生主词表剔除,人名,人物名、姓氏或虚构人物名,"",7a-word-list_01-07.png
NV0123,124,7A,Unit 2,Lily,lily,/ˈlɪli/,,莉莉,p.32,单词,是,否,,C剔除,从学生主词表剔除,人名,人物名、姓氏或虚构人物名,"",7a-word-list_01-07.png
NV0124,125,7A,Unit 2,Ireland,ireland,/ˈaɪələnd/,,爱尔兰,p.32,单词,是,否,,D复核,等待人工确认,国家或大洲,属于地名，但常见国家和大洲名称可能具有认读价值,确认是剔除还是放入认读区,7a-word-list_01-07.png
NV0125,126,7A,Unit 2,Fred,fred,/fred/,,弗雷德,p.32,单词,是,否,,C剔除,从学生主词表剔除,人名,人物名、姓氏或虚构人物名,"",7a-word-list_01-07.png
NV0126,127,7A,Unit 2,Sam,sam,/sæm/,,萨姆,p.32,单词,是,否,,C剔除,从学生主词表剔除,人名,人物名、姓氏或虚构人物名,"",7a-word-list_01-07.png
NV0127,128,7A,Unit 2,Jane,jane,/dʒeɪn/,,简,p.32,单词,是,否,,C剔除,从学生主词表剔除,人名,人物名、姓氏或虚构人物名,"",7a-word-list_01-07.png
NV0128,129,7A,Unit 2,Jack,jack,/dʒæk/,,杰克,p.32,单词,是,否,,C剔除,从学生主词表剔除,人名,人物名、姓氏或虚构人物名,"",7a-word-list_01-07.png
NV0129,130,7A,Unit 2,Sarah,sarah,/ˈseərə/,,萨拉,p.32,单词,是,否,,C剔除,从学生主词表剔除,人名,人物名、姓氏或虚构人物名,"",7a-word-list_01-07.png
NV0130,131,7A,Unit 2,Oscar,oscar,/ˈɒskə(r)/,,奥斯卡,p.32,单词,是,否,,C剔除,从学生主词表剔除,人名,人物名、姓氏或虚构人物名,"",7a-word-list_01-07.png
NV0131,132,7A,Unit 2,Lucy,lucy,/ˈluːsi/,,露西,p.32,单词,是,否,,C剔除,从学生主词表剔除,人名,人物名、姓氏或虚构人物名,"",7a-word-list_01-07.png
NV0132,133,7A,Unit 3,hall,hall,/hɔːl/,n.,礼堂；大厅,p.36,单词,否,是,1849,A核心,保留在主词表,普通词,与浙江中考考频表词头直接匹配,"",7a-word-list_01-07.png
NV0133,134,7A,Unit 3,dining hall,dining hall,/ˈdaɪnɪŋ/,,餐厅,p.36,多词表达,否,否,,A核心,保留在主词表,短语或固定表达,教材明确列出的短语或句型，应独立掌握,后续需结合短语考查价值再细分,7a-word-list_01-07.png
NV0134,135,7A,Unit 3,in front of,in front of,,,在……前面,p.36,多词表达,否,否,,A核心,保留在主词表,短语或固定表达,教材明确列出的短语或句型，应独立掌握,后续需结合短语考查价值再细分,7a-word-list_01-07.png
NV0135,136,7A,Unit 3,building,building,/ˈbɪldɪŋ/,n.,建筑物；房子,p.36,单词,否,否,,B认读,保留在认读区,普通词,教材词汇，但未与浙江中考考频表词头直接匹配,需在样章阶段复核是否升级为核心,7a-word-list_01-07.png
NV0136,137,7A,Unit 3,across,across,/əˈkrɒs/,adv. & prep.,在（……）对面；横过,p.36,单词,否,是,377,A核心,保留在主词表,普通词,与浙江中考考频表词头直接匹配,"",7a-word-list_01-07.png
NV0137,138,7A,Unit 3,across from,across from,,,在对面,p.36,多词表达,否,否,,A核心,保留在主词表,短语或固定表达,教材明确列出的短语或句型，应独立掌握,后续需结合短语考查价值再细分,7a-word-list_01-07.png
NV0138,139,7A,Unit 3,centre,centre,/ˈsentə(r)/,n.,(= center) n. 中心；中央,p.36,单词,否,否,,B认读,保留在认读区,普通词,教材词汇，但未与浙江中考考频表词头直接匹配,需在样章阶段复核是否升级为核心,7a-word-list_01-07.png
NV0139,140,7A,Unit 3,gym,gym,/dʒɪm/,n.,(= gymnasium /dʒɪmˈneɪziəm/) 体育馆，健身房；（尤指学校的）体育活动,p.36,单词,否,是,3906,A核心,保留在主词表,普通词,与浙江中考考频表词头直接匹配,"",7a-word-list_01-07.png
NV0140,141,7A,Unit 3,field,field,/fiːld/,n.,场地；田地,p.36,单词,否,是,439,A核心,保留在主词表,普通词,与浙江中考考频表词头直接匹配,"",7a-word-list_01-07.png
NV0141,142,7A,Unit 3,sports field,sports field,,,运动场,p.36,多词表达,否,否,,A核心,保留在主词表,短语或固定表达,教材明确列出的短语或句型，应独立掌握,后续需结合短语考查价值再细分,7a-word-list_01-07.png
NV0142,143,7A,Unit 3,office,office,/ˈɒfɪs/,n.,办公室,p.36,单词,否,是,341,A核心,保留在主词表,普通词,与浙江中考考频表词头直接匹配,"",7a-word-list_01-07.png
NV0143,144,7A,Unit 3,large,large,/lɑːdʒ/,adj.,大的；大号的,p.37,单词,否,否,,B认读,保留在认读区,普通词,教材词汇，但未与浙江中考考频表词头直接匹配,需在样章阶段复核是否升级为核心,7a-word-list_01-07.png
NV0144,145,7A,Unit 3,special,special,/ˈspeʃl/,adj.,特别的；特殊的,p.37,单词,否,是,520,A核心,保留在主词表,普通词,与浙江中考考频表词头直接匹配,"",7a-word-list_01-07.png
NV0145,146,7A,Unit 3,smart,smart,/smɑːt/,adj.,智能的；聪明的,p.37,单词,否,否,,B认读,保留在认读区,普通词,教材词汇，但未与浙江中考考频表词头直接匹配,需在样章阶段复核是否升级为核心,7a-word-list_01-07.png
NV0146,147,7A,Unit 3,whiteboard,whiteboard,/ˈwaɪtbɔːd/,n.,白板；白色书写板,p.37,单词,否,否,,B认读,保留在认读区,普通词,教材词汇，但未与浙江中考考频表词头直接匹配,需在样章阶段复核是否升级为核心,7a-word-list_01-07.png
NV0147,148,7A,Unit 3,put up,put up,,,张贴；搭建,p.37,多词表达,否,否,,A核心,保留在主词表,短语或固定表达,教材明确列出的短语或句型，应独立掌握,后续需结合短语考查价值再细分,7a-word-list_01-07.png
NV0148,149,7A,Unit 3,important,important,/ɪmˈpɔːtnt/,adj.,重要的,p.37,单词,否,是,266,A核心,保留在主词表,普通词,与浙江中考考频表词头直接匹配,"",7a-word-list_01-07.png
NV0149,150,7A,Unit 3,notice,notice,/ˈnəʊtɪs/,n. v.,n. 通知；注意 v. 注意到；意识到,p.37,单词,否,是,1045,A核心,保留在主词表,普通词,与浙江中考考频表词头直接匹配,"",7a-word-list_01-07.png
NV0150,151,7A,Unit 3,locker,locker,/ˈlɒkə(r)/,n.,有锁存物柜；寄物柜,p.37,单词,否,否,,B认读,保留在认读区,普通词,教材词汇，但未与浙江中考考频表词头直接匹配,需在样章阶段复核是否升级为核心,7a-word-list_01-07.png
NV0151,152,7A,Unit 3,drawer,drawer,/drɔː(r)/,n.,抽屉,p.37,单词,否,否,,B认读,保留在认读区,普通词,教材词汇，但未与浙江中考考频表词头直接匹配,需在样章阶段复核是否升级为核心,7a-word-list_01-07.png
NV0152,153,7A,Unit 3,at the back (of),at the back (of),,,在（……）后面,p.38,多词表达,否,否,,A核心,保留在主词表,短语或固定表达,教材明确列出的短语或句型，应独立掌握,后续需结合短语考查价值再细分,7a-word-list_01-07.png
NV0153,154,7A,Unit 3,corner,corner,/ˈkɔːnə(r)/,n.,角；墙角；街角,p.38,单词,否,是,1128,A核心,保留在主词表,普通词,与浙江中考考频表词头直接匹配,"",7a-word-list_01-07.png
NV0154,155,7A,Unit 3,bookcase,bookcase,/ˈbʊkkeɪs/,n.,书架；书柜,p.39,单词,否,是,12904,A核心,保留在主词表,普通词,与浙江中考考频表词头直接匹配,"",7a-word-list_01-07.png
NV0155,156,7A,Unit 3,screen,screen,/skriːn/,n.,屏幕；银幕,p.39,单词,否,是,1256,A核心,保留在主词表,普通词,与浙江中考考频表词头直接匹配,"",7a-word-list_01-07.png
NV0156,157,7A,Unit 3,at school,at school,,,在学校,p.40,多词表达,否,否,,A核心,保留在主词表,短语或固定表达,教材明确列出的短语或句型，应独立掌握,后续需结合短语考查价值再细分,7a-word-list_01-07.png
NV0157,158,7A,Unit 3,different from,different from,,,与……不一样,p.40,多词表达,否,否,,A核心,保留在主词表,短语或固定表达,教材明确列出的短语或句型，应独立掌握,后续需结合短语考查价值再细分,7a-word-list_01-07.png
NV0158,159,7A,Unit 3,modern,modern,/ˈmɒdn/,adj.,现代的；当代的,p.40,单词,否,是,1047,A核心,保留在主词表,普通词,与浙江中考考频表词头直接匹配,"",7a-word-list_01-07.png
NV0159,160,7A,Unit 3,do exercises,do exercises,,,做体操,p.40,多词表达,否,否,,A核心,保留在主词表,短语或固定表达,教材明确列出的短语或句型，应独立掌握,后续需结合短语考查价值再细分,7a-word-list_01-07.png
NV0160,161,7A,Unit 3,amazing,amazing,/əˈmeɪzɪŋ/,adj.,令人惊奇（惊喜或惊叹）的,p.40,单词,否,是,2308,A核心,保留在主词表,普通词,与浙江中考考频表词头直接匹配,"",7a-word-list_01-07.png
NV0161,162,7A,Unit 3,raise,raise,/reɪz/,v.,使升高；提高,p.40,单词,否,是,433,A核心,保留在主词表,普通词,与浙江中考考频表词头直接匹配,"",7a-word-list_01-07.png
NV0162,163,7A,Unit 3,flag,flag,/flæɡ/,n.,旗；旗帜,p.40,单词,否,是,2460,A核心,保留在主词表,普通词,与浙江中考考频表词头直接匹配,"",7a-word-list_01-07.png
NV0163,164,7A,Unit 3,most,most,/məʊst/,adj. pron. adv.,adj. & pron. 大多数；最多；最大 adv. 最,p.40,单词,否,否,,B认读,保留在认读区,普通词,教材词汇，但未与浙江中考考频表词头直接匹配,需在样章阶段复核是否升级为核心,7a-word-list_01-07.png
NV0164,165,7A,Unit 3,change,change,/tʃeɪndʒ/,v. & n.,改变；变化,p.40,单词,否,是,306,A核心,保留在主词表,普通词,与浙江中考考频表词头直接匹配,"",7a-word-list_01-07.png
NV0165,166,7A,Unit 3,seat,seat,/siːt/,n.,座位,p.40,单词,否,是,895,A核心,保留在主词表,普通词,与浙江中考考频表词头直接匹配,"",7a-word-list_01-07.png
NV0166,167,7A,Unit 3,delicious,delicious,/dɪˈlɪʃəs/,adj.,美味的；可口的,p.40,单词,否,是,5036,A核心,保留在主词表,普通词,与浙江中考考频表词头直接匹配,"",7a-word-list_01-07.png
NV0167,168,7A,Unit 3,How about ...?,how about ...?,,,……怎么样？,p.40,多词表达,是,否,,A核心,保留在主词表,核心表达,教材明确列出的常用交际表达或固定搭配,"",7a-word-list_01-07.png
NV0168,169,7A,Unit 3,yours,yours,/jɔːz/,pron.,"（通常写作 Yours, 用于书信结尾的签名前）你的；您的",p.40,单词,否,是,3175,A核心,保留在主词表,普通词,与浙江中考考频表词头直接匹配,"",7a-word-list_01-07.png
NV0169,170,7A,Unit 3,send,send,/send/,v.,发送；邮寄,p.40,单词,否,是,404,A核心,保留在主词表,普通词,与浙江中考考频表词头直接匹配,"",7a-word-list_01-07.png
NV0170,171,7A,Unit 3,similar,similar,/ˈsɪmələ(r)/,adj.,类似的；相像的,p.41,单词,否,是,720,A核心,保留在主词表,普通词,与浙江中考考频表词头直接匹配,"",7a-word-list_01-07.png
NV0171,172,7A,Unit 3,similar to,similar to,,,类似的；相像的,p.41,多词表达,否,否,,A核心,保留在主词表,短语或固定表达,教材明确列出的短语或句型，应独立掌握,后续需结合短语考查价值再细分,7a-word-list_01-07.png
NV0172,173,7A,Unit 3,sound,sound,/saʊnd/,v. n.,v. 听起来；好像 n. 声音；响声,p.41,单词,否,否,,B认读,保留在认读区,普通词,教材词汇，但未与浙江中考考频表词头直接匹配,需在样章阶段复核是否升级为核心,7a-word-list_01-07.png
NV0173,174,7A,Unit 3,bye for now,bye for now,,,再见,p.41,多词表达,否,否,,A核心,保留在主词表,短语或固定表达,教材明确列出的短语或句型，应独立掌握,后续需结合短语考查价值再细分,7a-word-list_01-07.png
NV0174,175,7A,Unit 3,Flora,flora,/ˈflɔːrə/,,弗洛拉,p.40,单词,是,否,,C剔除,从学生主词表剔除,人名,人物名、姓氏或虚构人物名,"",7a-word-list_01-07.png
NV0175,176,7A,Unit 4,biology,biology,/baɪˈɒlədʒi/,n.,生物学,p.44,单词,否,是,4259,A核心,保留在主词表,普通词,与浙江中考考频表词头直接匹配,"",7a-word-list_01-07.png
NV0176,177,7A,Unit 4,IT,it,/ˌaɪ ˈtiː/,,(= information technology /tekˈnɒlədʒi/) 信息技术,p.44,单词,是,否,,B认读,保留在认读区,缩写或背景概念,有课文理解价值，但不建议作为重点默写词,"",7a-word-list_01-07.png
NV0177,178,7A,Unit 4,geography,geography,/dʒiˈɒɡrəfi/,n.,地理（学）,p.44,单词,否,是,5217,A核心,保留在主词表,普通词,与浙江中考考频表词头直接匹配,"",7a-word-list_01-07.png
NV0178,179,7A,Unit 4,history,history,/ˈhɪstri/,n.,历史；历史课,p.44,单词,否,否,,B认读,保留在认读区,普通词,教材词汇，但未与浙江中考考频表词头直接匹配,需在样章阶段复核是否升级为核心,7a-word-list_01-07.png
NV0179,180,7A,Unit 4,boring,boring,/ˈbɔːrɪŋ/,adj.,乏味的；令人生厌的,p.44,单词,否,是,4963,A核心,保留在主词表,普通词,与浙江中考考频表词头直接匹配,"",7a-word-list_01-07.png
NV0180,181,7A,Unit 4,useful,useful,/ˈjuːsfl/,adj.,有用的；有益的,p.44,单词,否,是,2037,A核心,保留在主词表,普通词,与浙江中考考频表词头直接匹配,"",7a-word-list_01-07.png
NV0181,182,7A,Unit 4,exciting,exciting,/ɪkˈsaɪtɪŋ/,adj.,令人激动的；使人兴奋的,p.44,单词,否,是,2943,A核心,保留在主词表,普通词,与浙江中考考频表词头直接匹配,"",7a-word-list_01-07.png
NV0182,183,7A,Unit 4,past,past,/pɑːst/,n. adj. prep.,n. 过去；过去的事情 adj. 过去的 prep. 在……之后,p.45,单词,否,是,680,A核心,保留在主词表,普通词,与浙江中考考频表词头直接匹配,"",7a-word-list_01-07.png
NV0183,184,7A,Unit 4,good with,good with,,,灵巧的；善于应付……的,p.45,多词表达,否,否,,A核心,保留在主词表,短语或固定表达,教材明确列出的短语或句型，应独立掌握,后续需结合短语考查价值再细分,7a-word-list_01-07.png
NV0184,185,7A,Unit 4,number,number,/ˈnʌmbə(r)/,n.,数字；号码,p.45,单词,否,否,,B认读,保留在认读区,普通词,教材词汇，但未与浙江中考考频表词头直接匹配,需在样章阶段复核是否升级为核心,7a-word-list_01-07.png
NV0185,186,7A,Unit 4,help sb with,help sb with,,,帮助某人做（某事）,p.45,多词表达,否,否,,A核心,保留在主词表,短语或固定表达,教材明确列出的短语或句型，应独立掌握,后续需结合短语考查价值再细分,7a-word-list_01-07.png
NV0186,187,7A,Unit 4,reason,reason,/ˈriːzn/,n.,原因；理由,p.46,单词,否,是,359,A核心,保留在主词表,普通词,与浙江中考考频表词头直接匹配,"",7a-word-list_01-07.png
NV0187,188,7A,Unit 4,listen to,listen to,,,听；倾听,p.47,多词表达,否,否,,A核心,保留在主词表,短语或固定表达,教材明确列出的短语或句型，应独立掌握,后续需结合短语考查价值再细分,7a-word-list_01-07.png
NV0188,189,7A,Unit 4,good at,good at,,,擅长,p.47,多词表达,否,否,,A核心,保留在主词表,短语或固定表达,教材明确列出的短语或句型，应独立掌握,后续需结合短语考查价值再细分,7a-word-list_01-07.png
NV0189,190,7A,Unit 4,remember,remember,/rɪˈmembə(r)/,v.,记住；记起,p.47,单词,否,是,379,A核心,保留在主词表,普通词,与浙江中考考频表词头直接匹配,"",7a-word-list_01-07.png
NV0190,191,7A,Unit 4,as,as,/æz; əz/,prep. conj.,prep. 如同；作为 conj. 当……时；由于,p.47,单词,否,否,,B认读,保留在认读区,普通词,教材词汇，但未与浙江中考考频表词头直接匹配,需在样章阶段复核是否升级为核心,7a-word-list_01-07.png
NV0191,192,7A,Unit 4,AM,am,/ˌeɪ ˈem/,,(= a.m.) 上午,p.48,单词,是,是,,B认读,保留在认读区,缩写或背景概念,有课文理解价值，但不建议作为重点默写词,"",7a-word-list_01-07.png
NV0192,193,7A,Unit 4,PM,pm,/ˌpiː ˈem/,,(= p.m.) 下午；午后,p.48,单词,是,否,,B认读,保留在认读区,缩写或背景概念,有课文理解价值，但不建议作为重点默写词,"",7a-word-list_01-07.png
NV0193,194,7A,Unit 4,French,french,/frentʃ/,n. adj.,n. 法语 adj. 法国的；法国人的；法语的,p.48,单词,是,是,,A核心,保留在主词表,普通词,具有明确词性，并与浙江中考考频表词头匹配,"",7a-word-list_01-07.png
NV0194,195,7A,Unit 4,excellent,excellent,/ˈeksələnt/,adj.,优秀的；极好的,p.48,单词,否,是,2135,A核心,保留在主词表,普通词,与浙江中考考频表词头直接匹配,"",7a-word-list_01-07.png
NV0195,196,7A,Unit 4,instrument,instrument,/ˈɪnstrəmənt/,n.,乐器；器械；工具,p.48,单词,否,是,1616,A核心,保留在主词表,普通词,与浙江中考考频表词头直接匹配,"",7a-word-list_01-07.png
NV0196,197,7A,Unit 4,singer,singer,/ˈsɪŋə(r)/,n.,歌手,p.48,单词,否,是,2840,A核心,保留在主词表,普通词,与浙江中考考频表词头直接匹配,"",7a-word-list_01-07.png
NV0197,198,7A,Unit 4,future,future,/ˈfjuːtʃə(r)/,n.,将来；未来,p.48,单词,否,是,654,A核心,保留在主词表,普通词,与浙江中考考频表词头直接匹配,"",7a-word-list_01-07.png
NV0198,199,7A,Unit 4,in the future,in the future,,,将来；未来,p.48,多词表达,否,否,,A核心,保留在主词表,短语或固定表达,教材明确列出的短语或句型，应独立掌握,后续需结合短语考查价值再细分,7a-word-list_01-07.png
NV0199,200,7A,Unit 4,term,term,/tɜːm/,n.,学期,p.48,单词,否,是,626,A核心,保留在主词表,普通词,与浙江中考考频表词头直接匹配,"",7a-word-list_01-07.png
NV0200,201,7A,Unit 4,work out,work out,,,计算出；解决,p.48,多词表达,否,否,,A核心,保留在主词表,短语或固定表达,教材明确列出的短语或句型，应独立掌握,后续需结合短语考查价值再细分,7a-word-list_01-07.png
NV0201,202,7A,Unit 4,problem,problem,/ˈprɒbləm/,n.,难题；困难,p.48,单词,否,是,171,A核心,保留在主词表,普通词,与浙江中考考频表词头直接匹配,"",7a-word-list_01-07.png
NV0202,203,7A,Unit 4,in class,in class,,,课堂上,p.48,多词表达,否,否,,A核心,保留在主词表,短语或固定表达,教材明确列出的短语或句型，应独立掌握,后续需结合短语考查价值再细分,7a-word-list_01-07.png
NV0203,204,7A,Unit 4,magic,magic,/ˈmædʒɪk/,n. adj.,n. 魔法；魔力；魔术 adj. 有魔力的；有神奇力量的,p.48,单词,否,是,3434,A核心,保留在主词表,普通词,与浙江中考考频表词头直接匹配,"",7a-word-list_01-07.png
NV0204,205,7A,Unit 4,life,life,/laɪf/,n.,生活；生命,p.48,单词,否,否,,B认读,保留在认读区,普通词,教材词汇，但未与浙江中考考频表词头直接匹配,需在样章阶段复核是否升级为核心,7a-word-list_01-07.png
NV0205,206,7A,Unit 4,scientist,scientist,/ˈsaɪəntɪst/,n.,科学家,p.48,单词,否,是,1058,A核心,保留在主词表,普通词,与浙江中考考频表词头直接匹配,"",7a-word-list_01-07.png
NV0206,207,7A,Unit 4,Baker,baker,/ˈbeɪkə(r)/,,贝克,p.47,单词,是,是,10366,C剔除,从学生主词表剔除,人名,人物名、姓氏或虚构人物名,与考频表普通词同形，按本条中文释义判定为人名,7a-word-list_01-07.png
NV0207,208,7A,Unit 4,Mike,mike,/maɪk/,,迈克,p.48,单词,是,否,,C剔除,从学生主词表剔除,人名,人物名、姓氏或虚构人物名,"",7a-word-list_01-07.png
NV0208,209,7A,Unit 4,Davis,davis,/ˈdeɪvɪs/,,戴维斯,p.48,单词,是,否,,C剔除,从学生主词表剔除,人名,人物名、姓氏或虚构人物名,"",7a-word-list_01-07.png
NV0209,210,7A,Unit 4,Canada,canada,/ˈkænədə/,,加拿大,p.48,单词,是,否,,D复核,等待人工确认,国家或大洲,属于地名，但常见国家和大洲名称可能具有认读价值,确认是剔除还是放入认读区,7a-word-list_01-07.png
NV0210,211,7A,Unit 5,club,club,/klʌb/,n.,俱乐部；社团,p.51,单词,否,是,1261,A核心,保留在主词表,普通词,与浙江中考考频表词头直接匹配,"",7a-word-list_01-07.png
NV0211,212,7A,Unit 5,join,join,/dʒɔɪn/,v.,参加；加入,p.51,单词,否,是,505,A核心,保留在主词表,普通词,与浙江中考考频表词头直接匹配,"",7a-word-list_01-07.png
NV0212,213,7A,Unit 5,choose,choose,/tʃuːz/,v.,选择；挑选,p.52,单词,否,是,600,A核心,保留在主词表,普通词,与浙江中考考频表词头直接匹配,"",7a-word-list_01-07.png
NV0213,214,7A,Unit 5,drama,drama,/ˈdrɑːmə/,n.,戏剧；戏剧表演,p.52,单词,否,是,2647,A核心,保留在主词表,普通词,与浙江中考考频表词头直接匹配,"",7a-word-list_01-07.png
NV0214,215,7A,Unit 5,play Chinese chess,play chinese chess,,,下中国象棋,p.52,多词表达,是,否,,A核心,保留在主词表,核心表达,教材明确列出的常用交际表达或固定搭配,"",7a-word-list_01-07.png
NV0215,216,7A,Unit 5,feeling,feeling,/ˈfiːlɪŋ/,n.,感觉；情感,p.52,单词,否,是,805,A核心,保留在主词表,普通词,与浙江中考考频表词头直接匹配,"",7a-word-list_01-07.png
NV0216,217,7A,Unit 5,news,news,/njuːz/,n.,消息；新闻,p.53,单词,否,是,574,A核心,保留在主词表,普通词,与浙江中考考频表词头直接匹配,"",7a-word-list_01-07.png
NV0217,218,7A,Unit 5,musical,musical,/ˈmjuːzɪkl/,adj.,音乐的；有音乐天赋的,p.53,单词,否,是,2109,A核心,保留在主词表,普通词,与浙江中考考频表词头直接匹配,"",7a-word-list_01-07.png
NV0218,219,7A,Unit 5,musical instrument,musical instrument,,,乐器,p.53,多词表达,否,否,,A核心,保留在主词表,短语或固定表达,教材明确列出的短语或句型，应独立掌握,后续需结合短语考查价值再细分,7a-word-list_01-07.png
NV0219,220,7A,Unit 5,exactly,exactly,/ɪɡˈzæktli/,adv.,正是如此；准确地,p.53,单词,否,是,748,A核心,保留在主词表,普通词,与浙江中考考频表词头直接匹配,"",7a-word-list_01-07.png
NV0220,221,7A,Unit 5,drum,drum,/drʌm/,n.,鼓,p.53,单词,否,是,4148,A核心,保留在主词表,普通词,与浙江中考考频表词头直接匹配,"",7a-word-list_01-07.png
NV0221,222,7A,Unit 5,ability,ability,/əˈbɪləti/,n.,能力；才能,p.54,单词,否,是,783,A核心,保留在主词表,普通词,与浙江中考考频表词头直接匹配,"",7a-word-list_01-07.png
NV0222,223,7A,Unit 5,paint,paint,/peɪnt/,v. n.,v. 用颜料画；在……上刷油漆 n. 油漆；涂料,p.54,单词,否,否,,B认读,保留在认读区,普通词,教材词汇，但未与浙江中考考频表词头直接匹配,需在样章阶段复核是否升级为核心,7a-word-list_01-07.png
NV0223,224,7A,Unit 5,climb,climb,/klaɪm/,v.,攀登；爬,p.55,单词,否,否,,B认读,保留在认读区,普通词,教材词汇，但未与浙江中考考频表词头直接匹配,需在样章阶段复核是否升级为核心,7a-word-list_01-07.png
NV0224,225,7A,Unit 5,more,more,/mɔː(r)/,adj. & pron.,更多（的）,p.55,单词,否,否,,B认读,保留在认读区,普通词,教材词汇，但未与浙江中考考频表词头直接匹配,需在样章阶段复核是否升级为核心,7a-word-list_01-07.png
NV0225,226,7A,Unit 5,act,act,/ækt/,v. n.,v. 扮演；行动 n.（戏剧等）一幕；行动,p.56,单词,否,否,,B认读,保留在认读区,普通词,教材词汇，但未与浙江中考考频表词头直接匹配,需在样章阶段复核是否升级为核心,7a-word-list_01-07.png
NV0226,227,7A,Unit 5,act out,act out,,,表演,p.56,多词表达,否,否,,A核心,保留在主词表,短语或固定表达,教材明确列出的短语或句型，应独立掌握,后续需结合短语考查价值再细分,7a-word-list_01-07.png
NV0227,228,7A,Unit 5,at home,at home,,,在家里,p.56,多词表达,否,否,,A核心,保留在主词表,短语或固定表达,教材明确列出的短语或句型，应独立掌握,后续需结合短语考查价值再细分,7a-word-list_01-07.png
NV0228,229,7A,Unit 5,interested,interested,/ˈɪntrəstɪd/,adj.,感兴趣的,p.56,单词,否,是,1284,A核心,保留在主词表,普通词,与浙江中考考频表词头直接匹配,"",7a-word-list_01-07.png
NV0229,230,7A,Unit 5,interested in,interested in,,,对……感兴趣,p.56,多词表达,否,否,,A核心,保留在主词表,短语或固定表达,教材明确列出的短语或句型，应独立掌握,后续需结合短语考查价值再细分,7a-word-list_01-07.png
NV0230,231,7A,Unit 5,nature,nature,/ˈneɪtʃə(r)/,n.,自然界；大自然,p.56,单词,否,是,696,A核心,保留在主词表,普通词,与浙江中考考频表词头直接匹配,"",7a-word-list_01-07.png
NV0231,232,7A,Unit 5,beef,beef,/biːf/,n.,牛肉,p.56,单词,否,是,3529,A核心,保留在主词表,普通词,与浙江中考考频表词头直接匹配,"",7a-word-list_01-07.png
NV0232,233,7A,Unit 5,soon,soon,/suːn/,adv.,不久；很快,p.56,单词,否,是,610,A核心,保留在主词表,普通词,与浙江中考考频表词头直接匹配,"",7a-word-list_01-07.png
NV0233,234,7A,Unit 5,than,than,/ðæn; ðən/,prep. & conj.,（用以引出比较的第二部分）比,p.56,单词,否,否,,B认读,保留在认读区,普通词,教材词汇，但未与浙江中考考频表词头直接匹配,需在样章阶段复核是否升级为核心,7a-word-list_01-07.png
NV0234,235,7A,Unit 5,more than,more than,,,多于,p.56,多词表达,否,否,,A核心,保留在主词表,短语或固定表达,教材明确列出的短语或句型，应独立掌握,后续需结合短语考查价值再细分,7a-word-list_01-07.png
NV0235,236,7A,Unit 5,mind,mind,/maɪnd/,n.,头脑；心思,p.56,单词,否,是,469,A核心,保留在主词表,普通词,与浙江中考考频表词头直接匹配,"",7a-word-list_01-07.png
NV0236,237,7A,Unit 5,fall,fall,/fɔːl/,v. n. n.,v. & n. 进入；掉落；跌倒 n.（美式）秋天,p.56,单词,否,否,,B认读,保留在认读区,普通词,教材词汇，但未与浙江中考考频表词头直接匹配,需在样章阶段复核是否升级为核心,7a-word-list_01-07.png
NV0237,238,7A,Unit 5,fall in love with,fall in love with,,,爱上……,p.56,多词表达,否,否,,A核心,保留在主词表,短语或固定表达,教材明确列出的短语或句型，应独立掌握,后续需结合短语考查价值再细分,7a-word-list_01-07.png
NV0238,239,7A,Unit 5,take photos,take photos,,,拍照,p.56,多词表达,否,否,,A核心,保留在主词表,短语或固定表达,教材明确列出的短语或句型，应独立掌握,后续需结合短语考查价值再细分,7a-word-list_01-07.png
NV0239,240,7A,Unit 5,collect,collect,/kəˈlekt/,v.,收集；采集,p.56,单词,否,是,1322,A核心,保留在主词表,普通词,与浙江中考考频表词头直接匹配,"",7a-word-list_01-07.png
NV0240,241,7A,Unit 5,insect,insect,/ˈɪnsekt/,n.,昆虫,p.56,单词,否,是,3428,A核心,保留在主词表,普通词,与浙江中考考频表词头直接匹配,"",7a-word-list_01-07.png
NV0241,242,7A,Unit 5,discover,discover,/dɪˈskʌvə(r)/,v.,发现；发觉,p.56,单词,否,是,957,A核心,保留在主词表,普通词,与浙江中考考频表词头直接匹配,"",7a-word-list_01-07.png
NV0242,243,7A,Unit 5,wildlife,wildlife,/ˈwaɪldlaɪf/,n.,野生动物；野生生物,p.56,单词,否,是,3889,A核心,保留在主词表,普通词,与浙江中考考频表词头直接匹配,"",7a-word-list_01-07.png
NV0243,244,7A,Unit 5,Linda,linda,/ˈlɪndə/,,琳达,p.55,单词,是,否,,C剔除,从学生主词表剔除,人名,人物名、姓氏或虚构人物名,"",7a-word-list_01-07.png
NV0244,245,7A,Unit 5,Alice,alice,/ˈælɪs/,,爱丽丝,p.56,单词,是,否,,C剔除,从学生主词表剔除,人名,人物名、姓氏或虚构人物名,"",7a-word-list_01-07.png
NV0245,246,7A,Unit 5,Bill,bill,/bɪl/,,比尔,p.56,单词,是,是,809,C剔除,从学生主词表剔除,人名,人物名、姓氏或虚构人物名,与考频表普通词同形，按本条中文释义判定为人名,7a-word-list_01-07.png
NV0246,247,7A,Unit 5,Jenny,jenny,/ˈdʒeni/,,珍妮,p.56,单词,是,否,,C剔除,从学生主词表剔除,人名,人物名、姓氏或虚构人物名,"",7a-word-list_01-07.png
NV0247,248,7A,Unit 6,make use of,make use of,,,使用……；利用……,p.59,多词表达,否,否,,A核心,保留在主词表,短语或固定表达,教材明确列出的短语或句型，应独立掌握,后续需结合短语考查价值再细分,7a-word-list_01-07.png
NV0248,249,7A,Unit 6,quarter,quarter,/ˈkwɔːtə(r)/,n.,一刻钟；四等份之一,p.60,单词,否,是,1405,A核心,保留在主词表,普通词,与浙江中考考频表词头直接匹配,"",7a-word-list_01-07.png
NV0249,250,7A,Unit 6,shower,shower,/ˈʃaʊə(r)/,n. v.,n. 淋浴；淋浴器；阵雨 v. 洗淋浴,p.60,单词,否,是,3225,A核心,保留在主词表,普通词,与浙江中考考频表词头直接匹配,"",7a-word-list_01-07.png
NV0250,251,7A,Unit 6,take a shower,take a shower,,,淋浴,p.60,多词表达,否,否,,A核心,保留在主词表,短语或固定表达,教材明确列出的短语或句型，应独立掌握,后续需结合短语考查价值再细分,7a-word-list_01-07.png
NV0251,252,7A,Unit 6,get dressed,get dressed,,,穿衣服,p.60,多词表达,否,否,,A核心,保留在主词表,短语或固定表达,教材明确列出的短语或句型，应独立掌握,后续需结合短语考查价值再细分,7a-word-list_01-07.png
NV0252,253,7A,Unit 6,brush,brush,/brʌʃ/,v. n.,v. （用刷子）刷 n. 刷子；画笔,p.60,单词,否,是,3244,A核心,保留在主词表,普通词,与浙江中考考频表词头直接匹配,"",7a-word-list_01-07.png
NV0253,254,7A,Unit 6,tooth,tooth,/tuːθ/,n.,(pl. teeth /tiːθ/) 牙齿,p.60,单词,否,是,1864,A核心,保留在主词表,普通词,与浙江中考考频表词头直接匹配,"",7a-word-list_01-07.png
NV0254,255,7A,Unit 6,duty,duty,/ˈdjuːti/,n.,值班；职责,p.60,单词,否,是,1761,A核心,保留在主词表,普通词,与浙江中考考频表词头直接匹配,"",7a-word-list_01-07.png
NV0255,256,7A,Unit 6,on duty,on duty,,,值班,p.60,多词表达,否,否,,A核心,保留在主词表,短语或固定表达,教材明确列出的短语或句型，应独立掌握,后续需结合短语考查价值再细分,7a-word-list_01-07.png
NV0256,257,7A,Unit 6,usually,usually,/ˈjuːʒuəli/,adv.,通常地；一般地,p.60,单词,否,是,724,A核心,保留在主词表,普通词,与浙江中考考频表词头直接匹配,"",7a-word-list_01-07.png
NV0257,258,7A,Unit 6,get up,get up,,,起床；站起,p.60,多词表达,否,否,,A核心,保留在主词表,短语或固定表达,教材明确列出的短语或句型，应独立掌握,后续需结合短语考查价值再细分,7a-word-list_01-07.png
NV0258,259,7A,Unit 6,reporter,reporter,/rɪˈpɔːtə(r)/,n.,记者,p.61,单词,否,是,1290,A核心,保留在主词表,普通词,与浙江中考考频表词头直接匹配,"",7a-word-list_01-07.png
NV0259,260,7A,Unit 6,around,around,/əˈraʊnd/,adv. & prep.,大约；环绕；到处,p.61,单词,否,否,,B认读,保留在认读区,普通词,教材词汇，但未与浙江中考考频表词头直接匹配,需在样章阶段复核是否升级为核心,7a-word-list_01-07.png
NV0260,261,7A,Unit 6,homework,homework,/ˈhəʊmwɜːk/,n.,家庭作业,p.61,单词,否,是,4823,A核心,保留在主词表,普通词,与浙江中考考频表词头直接匹配,"",7a-word-list_01-07.png
NV0261,262,7A,Unit 6,go to bed,go to bed,,,上床睡觉,p.61,多词表达,否,否,,A核心,保留在主词表,短语或固定表达,教材明确列出的短语或句型，应独立掌握,后续需结合短语考查价值再细分,7a-word-list_01-07.png
NV0262,263,7A,Unit 6,saying,saying,/ˈseɪɪŋ/,n.,谚语；格言,p.61,单词,否,是,5963,A核心,保留在主词表,普通词,与浙江中考考频表词头直接匹配,"",7a-word-list_01-07.png
NV0263,264,7A,Unit 6,rise,rise,/raɪz/,v. n.,v. 起床；升起；增长 n. 增加；增强,p.61,单词,否,是,727,A核心,保留在主词表,普通词,与浙江中考考频表词头直接匹配,"",7a-word-list_01-07.png
NV0264,265,7A,Unit 6,stay,stay,/steɪ/,v.,停留；待,p.62,单词,否,是,409,A核心,保留在主词表,普通词,与浙江中考考频表词头直接匹配,"",7a-word-list_01-07.png
NV0265,266,7A,Unit 6,routine,routine,/ruːˈtiːn/,n.,常规,p.62,单词,否,否,,B认读,保留在认读区,普通词,教材词汇，但未与浙江中考考频表词头直接匹配,需在样章阶段复核是否升级为核心,7a-word-list_01-07.png
NV0266,267,7A,Unit 6,restaurant,restaurant,/ˈrestrɒnt/,n.,餐馆；餐厅,p.63,单词,否,是,1115,A核心,保留在主词表,普通词,与浙江中考考频表词头直接匹配,"",7a-word-list_01-07.png
NV0267,268,7A,Unit 6,housework,housework,/ˈhaʊswɜːk/,n.,家务劳动,p.63,单词,否,是,16452,A核心,保留在主词表,普通词,与浙江中考考频表词头直接匹配,"",7a-word-list_01-07.png
NV0268,269,7A,Unit 6,while,while,/waɪl/,n. conj.,n. 一段时间；一会儿 conj. 在……期间；当……的时候,p.63,单词,否,否,,B认读,保留在认读区,普通词,教材词汇，但未与浙江中考考频表词头直接匹配,需在样章阶段复核是否升级为核心,7a-word-list_01-07.png
NV0269,270,7A,Unit 6,weekend,weekend,/ˌwiːkˈend/,n.,周末,p.63,单词,否,是,1195,A核心,保留在主词表,普通词,与浙江中考考频表词头直接匹配,"",7a-word-list_01-07.png
NV0270,271,7A,Unit 6,at weekends,at weekends,,,在周末,p.63,多词表达,否,否,,A核心,保留在主词表,短语或固定表达,教材明确列出的短语或句型，应独立掌握,后续需结合短语考查价值再细分,7a-word-list_01-07.png
NV0271,272,7A,Unit 6,daily,daily,/ˈdeɪli/,adj.,每日的；日常的,p.64,单词,否,是,1488,A核心,保留在主词表,普通词,与浙江中考考频表词头直接匹配,"",7a-word-list_01-07.png
NV0272,273,7A,Unit 6,daily routine,daily routine,,,日常生活,p.64,多词表达,否,否,,A核心,保留在主词表,短语或固定表达,教材明确列出的短语或句型，应独立掌握,后续需结合短语考查价值再细分,7a-word-list_01-07.png
NV0273,274,7A,Unit 6,only,only,/ˈəʊnli/,adv.,只；仅,p.64,单词,否,否,,B认读,保留在认读区,普通词,教材词汇，但未与浙江中考考频表词头直接匹配,需在样章阶段复核是否升级为核心,7a-word-list_01-07.png
NV0274,275,7A,Unit 6,break,break,/breɪk/,n. v.,n. 休息；间断 v.（使）破碎；损坏,p.64,单词,否,是,494,A核心,保留在主词表,普通词,与浙江中考考频表词头直接匹配,"",7a-word-list_01-07.png
NV0275,276,7A,Unit 6,Finnish,finnish,/ˈfɪnɪʃ/,n. adj.,n. 芬兰语 adj. 芬兰的；芬兰人的；芬兰语的,p.64,单词,是,否,,B认读,保留在认读区,普通词,具有明确词性，但未与浙江中考考频表词头直接匹配,"",7a-word-list_01-07.png
NV0276,277,7A,Unit 6,finish,finish,/ˈfɪnɪʃ/,v.,结束；完成,p.64,单词,否,是,917,A核心,保留在主词表,普通词,与浙江中考考频表词头直接匹配,"",7a-word-list_01-07.png
NV0277,278,7A,Unit 6,hockey,hockey,/ˈhɒki/,n.,曲棍球,p.64,单词,否,否,,B认读,保留在认读区,普通词,教材词汇，但未与浙江中考考频表词头直接匹配,需在样章阶段复核是否升级为核心,7a-word-list_01-07.png
NV0278,279,7A,Unit 6,ice hockey,ice hockey,,,冰球运动；冰上曲棍球,p.64,多词表达,否,否,,A核心,保留在主词表,短语或固定表达,教材明确列出的短语或句型，应独立掌握,后续需结合短语考查价值再细分,7a-word-list_01-07.png
NV0279,280,7A,Unit 6,already,already,/ɔːlˈredi/,adv.,已经；早已,p.64,单词,否,是,334,A核心,保留在主词表,普通词,与浙江中考考频表词头直接匹配,"",7a-word-list_01-07.png
NV0280,281,7A,Unit 6,dark,dark,/dɑːk/,adj.,昏暗的；深色的,p.64,单词,否,是,858,A核心,保留在主词表,普通词,与浙江中考考频表词头直接匹配,"",7a-word-list_01-07.png
NV0281,282,7A,Unit 6,outside,outside,/ˌaʊtˈsaɪd/,adv. prep. adj.,adv. & prep. 在（……）外面 adj. 外面的,p.64,单词,否,是,810,A核心,保留在主词表,普通词,与浙江中考考频表词头直接匹配,"",7a-word-list_01-07.png
NV0282,283,7A,Unit 6,part,part,/pɑːt/,n.,部分,p.64,单词,否,是,178,A核心,保留在主词表,普通词,与浙江中考考频表词头直接匹配,"",7a-word-list_01-07.png
NV0283,284,7A,Unit 6,everyday,everyday,/ˈevrideɪ/,adj.,每天的；日常的,p.64,单词,否,是,3312,A核心,保留在主词表,普通词,与浙江中考考频表词头直接匹配,"",7a-word-list_01-07.png
NV0284,285,7A,Unit 6,prepare,prepare,/prɪˈpeə(r)/,v.,把……预备好；准备,p.64,单词,否,是,774,A核心,保留在主词表,普通词,与浙江中考考频表词头直接匹配,"",7a-word-list_01-07.png
NV0285,286,7A,Unit 6,prepare sth for,prepare sth for,,,为……把某物准备好,p.64,多词表达,否,否,,A核心,保留在主词表,短语或固定表达,教材明确列出的短语或句型，应独立掌握,后续需结合短语考查价值再细分,7a-word-list_01-07.png
NV0286,287,7A,Unit 6,Timo,timo,/ˈtiːməʊ/,,蒂莫,p.64,单词,是,否,,C剔除,从学生主词表剔除,人名,人物名、姓氏或虚构人物名,"",7a-word-list_01-07.png
NV0287,288,7A,Unit 6,Halla,halla,/ˈhɑlɑ/,,哈拉,p.64,单词,是,否,,C剔除,从学生主词表剔除,人名,人物名、姓氏或虚构人物名,"",7a-word-list_01-07.png
NV0288,289,7A,Unit 6,Helsinki,helsinki,/helˈsɪŋki/,,赫尔辛基（芬兰首都）,p.64,单词,是,否,,C剔除,从学生主词表剔除,具体地名,城市、景点、地理实体或历史地点专名,"",7a-word-list_01-07.png
NV0289,290,7A,Unit 6,Finland,finland,/ˈfɪnlənd/,,芬兰,p.64,单词,是,否,,D复核,等待人工确认,国家或大洲,属于地名，但常见国家和大洲名称可能具有认读价值,确认是剔除还是放入认读区,7a-word-list_01-07.png
NV0290,291,7A,Unit 6,home economics,home economics,/ˌiːkəˈnɒmɪks/,,家政学；家庭经济学,p.64,多词表达,否,否,,A核心,保留在主词表,短语或固定表达,教材明确列出的短语或句型，应独立掌握,后续需结合短语考查价值再细分,7a-word-list_01-07.png
NV0291,292,7A,Unit 7,celebrate,celebrate,/ˈselɪbreɪt/,v.,庆祝；庆贺,p.67,单词,否,是,2030,A核心,保留在主词表,普通词,与浙江中考考频表词头直接匹配,"",7a-word-list_01-07.png
NV0292,293,7A,Unit 7,surprise,surprise,/səˈpraɪz/,n. v.,n. 惊奇；惊讶 v. 使感到意外,p.69,单词,否,是,1629,A核心,保留在主词表,普通词,与浙江中考考频表词头直接匹配,"",7a-word-list_01-07.png
NV0293,294,7A,Unit 7,something,something,/ˈsʌmθɪŋ/,pron.,某事；某物,p.69,单词,否,是,142,A核心,保留在主词表,普通词,与浙江中考考频表词头直接匹配,"",7a-word-list_01-07.png
NV0294,295,7A,Unit 7,sale,sale,/seɪl/,n.,出售；销售,p.69,单词,否,是,2248,A核心,保留在主词表,普通词,与浙江中考考频表词头直接匹配,"",7a-word-list_01-07.png
NV0295,296,7A,Unit 7,kilo,kilo,/ˈkiːləʊ/,n.,"(= kilogram, kilogramme /ˈkɪləɡræm/) n. (pl. kilos) 千克；公斤",p.69,单词,否,否,,B认读,保留在认读区,普通词,教材词汇，但未与浙江中考考频表词头直接匹配,需在样章阶段复核是否升级为核心,7a-word-list_01-07.png
NV0296,297,7A,Unit 7,yogurt,yogurt,/ˈjɒɡət/,n.,(= yoghurt) n. 酸奶,p.69,单词,否,是,7592,A核心,保留在主词表,普通词,与浙江中考考频表词头直接匹配,"",7a-word-list_01-07.png
NV0297,298,7A,Unit 7,total,total,/ˈtəʊtl/,n. adj.,n. 总数；合计 adj. 总的；全体的,p.69,单词,否,是,1039,A核心,保留在主词表,普通词,与浙江中考考频表词头直接匹配,"",7a-word-list_01-07.png
NV0298,299,7A,Unit 7,price,price,/praɪs/,n.,价格,p.70,单词,否,否,,B认读,保留在认读区,普通词,教材词汇，但未与浙江中考考频表词头直接匹配,需在样章阶段复核是否升级为核心,7a-word-list_01-07.png
NV0299,300,7A,Unit 7,balloon,balloon,/bəˈluːn/,n.,气球,p.70,单词,否,是,4819,A核心,保留在主词表,普通词,与浙江中考考频表词头直接匹配,"",7a-word-list_01-07.png
NV0300,301,7A,Unit 7,chocolate,chocolate,/ˈtʃɒklət/,n.,巧克力,p.70,单词,否,是,2652,A核心,保留在主词表,普通词,与浙江中考考频表词头直接匹配,"",7a-word-list_01-07.png
NV0301,302,7A,Unit 7,pizza,pizza,/ˈpiːtsə/,n.,比萨饼,p.70,单词,否,是,3948,A核心,保留在主词表,普通词,与浙江中考考频表词头直接匹配,"",7a-word-list_01-07.png
NV0302,303,7A,Unit 7,list,list,/lɪst/,n. v.,n. 名单；清单 v. 列表；列清单,p.70,单词,否,是,761,A核心,保留在主词表,普通词,与浙江中考考频表词头直接匹配,"",7a-word-list_01-07.png
NV0303,304,7A,Unit 7,own,own,/əʊn/,adj. & pron.,自己的；本人的,p.71,单词,否,否,,B认读,保留在认读区,普通词,教材词汇，但未与浙江中考考频表词头直接匹配,需在样章阶段复核是否升级为核心,7a-word-list_01-07.png
NV0304,305,7A,Unit 7,example,example,/ɪɡˈzɑːmpl/,n.,例子；范例,p.71,单词,否,否,,B认读,保留在认读区,普通词,教材词汇，但未与浙江中考考频表词头直接匹配,需在样章阶段复核是否升级为核心,7a-word-list_01-07.png
NV0305,306,7A,Unit 7,for example,for example,,,例如,p.71,多词表达,否,否,,A核心,保留在主词表,短语或固定表达,教材明确列出的短语或句型，应独立掌握,后续需结合短语考查价值再细分,7a-word-list_01-07.png
NV0306,307,7A,Unit 7,language,language,/ˈlæŋɡwɪdʒ/,n.,语言,p.71,单词,否,是,722,A核心,保留在主词表,普通词,与浙江中考考频表词头直接匹配,"",7a-word-list_01-07.png
NV0307,308,7A,Unit 7,international,international,/ˌɪntəˈnæʃnəl/,adj.,国际的,p.71,单词,否,是,500,A核心,保留在主词表,普通词,与浙江中考考频表词头直接匹配,"",7a-word-list_01-07.png
NV0308,309,7A,Unit 7,mark,mark,/mɑːk/,v. n.,v. 做记号；纪念；打分 n. 记号,p.71,单词,否,是,2137,A核心,保留在主词表,普通词,与浙江中考考频表词头直接匹配,"",7a-word-list_01-07.png
NV0309,310,7A,Unit 7,national,national,/ˈnæʃnəl/,adj.,国家的；民族的,p.71,单词,否,是,231,A核心,保留在主词表,普通词,与浙江中考考频表词头直接匹配,"",7a-word-list_01-07.png
NV0310,311,7A,Unit 7,found,found,/faʊnd/,v.,创建；创立,p.71,单词,否,是,2680,A核心,保留在主词表,普通词,与浙江中考考频表词头直接匹配,"",7a-word-list_01-07.png
NV0311,312,7A,Unit 7,meaningful,meaningful,/ˈmiːnɪŋfl/,adj.,有意义的；重要的,p.72,单词,否,是,3798,A核心,保留在主词表,普通词,与浙江中考考频表词头直接匹配,"",7a-word-list_01-07.png
NV0312,313,7A,Unit 7,make a wish,make a wish,,,许愿,p.72,多词表达,否,否,,A核心,保留在主词表,短语或固定表达,教材明确列出的短语或句型，应独立掌握,后续需结合短语考查价值再细分,7a-word-list_01-07.png
NV0313,314,7A,Unit 7,celebration,celebration,/ˌselɪˈbreɪʃn/,n.,庆典；庆祝（活动）,p.72,单词,否,是,3015,A核心,保留在主词表,普通词,与浙江中考考频表词头直接匹配,"",7a-word-list_01-07.png
NV0314,315,7A,Unit 7,post,post,/pəʊst/,n. v.,n. 帖子；邮政 v. 邮寄；发布,p.72,单词,否,是,2161,A核心,保留在主词表,普通词,与浙江中考考频表词头直接匹配,"",7a-word-list_01-07.png
NV0315,316,7A,Unit 7,contact,contact,/ˈkɒntækt/,n. v.,n. 联系；接触 v. 联系；联络,p.72,单词,否,是,1485,A核心,保留在主词表,普通词,与浙江中考考频表词头直接匹配,"",7a-word-list_01-07.png
NV0316,317,7A,Unit 7,symbol,symbol,/ˈsɪmbl/,n.,象征；符号,p.72,单词,否,是,2355,A核心,保留在主词表,普通词,与浙江中考考频表词头直接匹配,"",7a-word-list_01-07.png
NV0317,318,7A,Unit 7,take a photo,take a photo,,,拍照,p.72,多词表达,否,否,,A核心,保留在主词表,短语或固定表达,教材明确列出的短语或句型，应独立掌握,后续需结合短语考查价值再细分,7a-word-list_01-07.png
NV0318,319,7A,Unit 7,village,village,/ˈvɪlɪdʒ/,n.,村庄；村镇,p.72,单词,否,否,,B认读,保留在认读区,普通词,教材词汇，但未与浙江中考考频表词头直接匹配,需在样章阶段复核是否升级为核心,7a-word-list_01-07.png
NV0319,320,7A,Unit 7,grow,grow,/ɡrəʊ/,v.,成长；长大；增长,p.72,单词,否,否,,B认读,保留在认读区,普通词,教材词汇，但未与浙江中考考频表词头直接匹配,需在样章阶段复核是否升级为核心,7a-word-list_01-07.png
NV0320,321,7A,Unit 7,blow,blow,/bləʊ/,v.,吹；刮,p.72,单词,否,是,1418,A核心,保留在主词表,普通词,与浙江中考考频表词头直接匹配,"",7a-word-list_01-07.png
NV0321,322,7A,Unit 7,blow out,blow out,,,吹灭,p.72,多词表达,否,否,,A核心,保留在主词表,短语或固定表达,教材明确列出的短语或句型，应独立掌握,后续需结合短语考查价值再细分,7a-word-list_01-07.png
NV0322,323,7A,Unit 7,enjoy,enjoy,/ɪnˈdʒɔɪ/,v.,享受……的乐趣；喜欢,p.72,单词,否,是,882,A核心,保留在主词表,普通词,与浙江中考考频表词头直接匹配,"",7a-word-list_01-07.png
NV0323,324,7A,Unit 7,height,height,/haɪt/,n.,身高；高度,p.72,单词,否,是,2051,A核心,保留在主词表,普通词,与浙江中考考频表词头直接匹配,"",7a-word-list_01-07.png
NV0324,325,7A,Unit 7,later,later,/ˈleɪtə(r)/,adv. & adj.,以后（的）；后来（的）,p.72,单词,否,否,,B认读,保留在认读区,普通词,教材词汇，但未与浙江中考考频表词头直接匹配,需在样章阶段复核是否升级为核心,7a-word-list_01-07.png
NV0325,326,7A,Unit 7,next time,next time,,,下次,p.72,多词表达,否,否,,A核心,保留在主词表,短语或固定表达,教材明确列出的短语或句型，应独立掌握,后续需结合短语考查价值再细分,7a-word-list_01-07.png
NV0326,327,7A,Unit 7,whom,whom,/huːm/,pron.,谁；什么人,p.73,单词,否,是,1019,A核心,保留在主词表,普通词,与浙江中考考频表词头直接匹配,"",7a-word-list_01-07.png
NV0327,328,7A,Unit 7,William Shakespeare,william shakespeare,/ˈwɪljəm ˈʃeɪkspɪə(r)/,,威廉·莎士比亚,p.71,多词表达,是,否,,C剔除,从学生主词表剔除,人名,人物名、姓氏或虚构人物名,"",7a-word-list_01-07.png
NV0328,329,7A,Unit 7,Florence Nightingale,florence nightingale,/ˈflɒrəns ˈnaɪtɪŋɡeɪl/,,弗洛伦斯·南丁格尔,p.71,多词表达,是,否,,C剔除,从学生主词表剔除,人名,人物名、姓氏或虚构人物名,"",7a-word-list_01-07.png
NV0329,330,7A,Unit 7,National Day,national day,,,国庆节,p.71,多词表达,是,否,,D复核,等待人工确认,常见节日,属于专名，但可能在中考语境中出现,确认是认读还是剔除,7a-word-list_01-07.png
NV0330,331,7A,Unit 7,CPC Founding Day,cpc founding day,,,中国共产党建党纪念日,p.71,多词表达,是,否,,C剔除,从学生主词表剔除,低考试价值文化词,文化背景专名或外语教育制度名称，预计不要求拼写,可保留在文化附录,7a-word-list_01-07.png
NV0331,332,7A,Unit 7,PLA Day,pla day,,,中国人民解放军建军节,p.71,多词表达,是,否,,C剔除,从学生主词表剔除,低考试价值文化词,文化背景专名或外语教育制度名称，预计不要求拼写,可保留在文化附录,7a-word-list_01-07.png
NV0332,333,7A,Unit 7,Judy,judy,/ˈdʒuːdi/,,朱迪,p.72,单词,是,否,,C剔除,从学生主词表剔除,人名,人物名、姓氏或虚构人物名,"",7a-word-list_01-07.png
NV0333,334,7A,Unit 7,Clark,clark,/klɑːk/,,克拉克,p.72,单词,是,否,,C剔除,从学生主词表剔除,人名,人物名、姓氏或虚构人物名,"",7a-word-list_01-07.png
NV0334,335,8A,Unit 1,ancient,ancient,/'enʃənt/,adj.,古代的；古老的,p.2,单词,否,是,1827,A核心,保留在主词表,普通词,与浙江中考考频表词头直接匹配,"",textbook_v2024_vocabulary_8_1.md
NV0335,336,8A,Unit 1,camp,camp,/kæmp/,n. v.,n. 度假营；营地 v. 露营；宿营,p.2,单词,否,是,1190,A核心,保留在主词表,普通词,与浙江中考考频表词头直接匹配,"",textbook_v2024_vocabulary_8_1.md
NV0336,337,8A,Unit 1,landscape,landscape,/'lændskeɪp/,n.,风景；景色,p.2,单词,否,否,,B认读,保留在认读区,普通词,教材词汇，但未与浙江中考考频表词头直接匹配,需在样章阶段复核是否升级为核心,textbook_v2024_vocabulary_8_1.md
NV0337,338,8A,Unit 1,strange,strange,/streɪndʒ/,adj.,奇怪的；陌生的,p.2,单词,否,是,1585,A核心,保留在主词表,普通词,与浙江中考考频表词头直接匹配,"",textbook_v2024_vocabulary_8_1.md
NV0338,339,8A,Unit 1,vacation,vacation,/və'keɪʃn/,n.,假期；度假,p.2,单词,否,是,2638,A核心,保留在主词表,普通词,与浙江中考考频表词头直接匹配,"",textbook_v2024_vocabulary_8_1.md
NV0339,340,8A,Unit 1,fantastic,fantastic,/fæn'tæstɪk/,adj.,极好的；吸引人的,p.3,单词,否,是,4792,A核心,保留在主词表,普通词,与浙江中考考频表词头直接匹配,"",textbook_v2024_vocabulary_8_1.md
NV0340,341,8A,Unit 1,town,town,/taʊn/,n.,镇；商业区,p.3,单词,否,否,,B认读,保留在认读区,普通词,教材词汇，但未与浙江中考考频表词头直接匹配,需在样章阶段复核是否升级为核心,textbook_v2024_vocabulary_8_1.md
NV0341,342,8A,Unit 1,breath,breath,/breθ/,n.,呼吸的空气；一口气,p.3,单词,否,是,1633,A核心,保留在主词表,普通词,与浙江中考考频表词头直接匹配,"",textbook_v2024_vocabulary_8_1.md
NV0342,343,8A,Unit 1,take sb's breath away,take sb's breath away,,,令人叹为观止,p.3,多词表达,否,否,,A核心,保留在主词表,短语或固定表达,教材明确列出的短语或句型，应独立掌握,后续需结合短语考查价值再细分,textbook_v2024_vocabulary_8_1.md
NV0343,344,8A,Unit 1,especially,especially,/ɪ'speʃəli/,adv.,尤其；特别,p.3,单词,否,是,515,A核心,保留在主词表,普通词,与浙江中考考频表词头直接匹配,"",textbook_v2024_vocabulary_8_1.md
NV0344,345,8A,Unit 1,steamed,steamed,/sti:md/,adj.,蒸的,p.3,单词,否,否,,B认读,保留在认读区,普通词,教材词汇，但未与浙江中考考频表词头直接匹配,需在样章阶段复核是否升级为核心,textbook_v2024_vocabulary_8_1.md
NV0345,346,8A,Unit 1,anywhere,anywhere,/'eniweə(r)/,adv. & pron.,在任何地方；随便哪个地方,p.3,单词,否,是,1889,A核心,保留在主词表,普通词,与浙江中考考频表词头直接匹配,"",textbook_v2024_vocabulary_8_1.md
NV0346,347,8A,Unit 1,nothing,nothing,/'nʌθɪŋ/,pron.,没有事；没有任何东西,p.3,单词,否,是,315,A核心,保留在主词表,普通词,与浙江中考考频表词头直接匹配,"",textbook_v2024_vocabulary_8_1.md
NV0347,348,8A,Unit 1,guide,guide,/gaɪd/,n. v.,n. 导游；指南；手册 v. 给某人领路；指导,p.5,单词,否,是,1789,A核心,保留在主词表,普通词,与浙江中考考频表词头直接匹配,"",textbook_v2024_vocabulary_8_1.md
NV0348,349,8A,Unit 1,scenery,scenery,/'si:nəri/,n.,风景；景色,p.5,单词,否,否,,B认读,保留在认读区,普通词,教材词汇，但未与浙江中考考频表词头直接匹配,需在样章阶段复核是否升级为核心,textbook_v2024_vocabulary_8_1.md
NV0349,350,8A,Unit 1,silk,silk,/sɪlk/,n.,（蚕）丝；丝绸,p.5,单词,否,是,4000,A核心,保留在主词表,普通词,与浙江中考考频表词头直接匹配,"",textbook_v2024_vocabulary_8_1.md
NV0350,351,8A,Unit 1,scarf,scarf,/skɑ:f/,n.,围巾；头巾,p.5,单词,否,是,6222,A核心,保留在主词表,普通词,与浙江中考考频表词头直接匹配,"",textbook_v2024_vocabulary_8_1.md
NV0351,352,8A,Unit 1,ready,ready,/'redi/,adj.,准备好的；现成的,p.5,单词,否,是,758,A核心,保留在主词表,普通词,与浙江中考考频表词头直接匹配,"",textbook_v2024_vocabulary_8_1.md
NV0352,353,8A,Unit 1,ready to do sth,ready to do sth,,,马上（做某事）；愿意做某事,p.5,多词表达,否,否,,A核心,保留在主词表,短语或固定表达,教材明确列出的短语或句型，应独立掌握,后续需结合短语考查价值再细分,textbook_v2024_vocabulary_8_1.md
NV0353,354,8A,Unit 1,somewhere,somewhere,/'sʌmweə(r)/,adv.,在某处；到某处,p.5,单词,否,是,1593,A核心,保留在主词表,普通词,与浙江中考考频表词头直接匹配,"",textbook_v2024_vocabulary_8_1.md
NV0354,355,8A,Unit 1,myself,myself,/maɪ'self/,pron.,我自己,p.5,单词,否,否,,B认读,保留在认读区,普通词,教材词汇，但未与浙江中考考频表词头直接匹配,需在样章阶段复核是否升级为核心,textbook_v2024_vocabulary_8_1.md
NV0355,356,8A,Unit 1,nothing but,nothing but,,,只有；只是,p.5,多词表达,否,否,,A核心,保留在主词表,短语或固定表达,教材明确列出的短语或句型，应独立掌握,后续需结合短语考查价值再细分,textbook_v2024_vocabulary_8_1.md
NV0356,357,8A,Unit 1,hotel,hotel,/həʊ'tel/,n.,旅馆；旅社,p.5,单词,否,否,,B认读,保留在认读区,普通词,教材词汇，但未与浙江中考考频表词头直接匹配,需在样章阶段复核是否升级为核心,textbook_v2024_vocabulary_8_1.md
NV0357,358,8A,Unit 1,comfortable,comfortable,/'kʌmftəbl/,adj.,使人舒服的；舒适的,p.5,单词,否,是,1709,A核心,保留在主词表,普通词,与浙江中考考频表词头直接匹配,"",textbook_v2024_vocabulary_8_1.md
NV0358,359,8A,Unit 1,bored,bored,/bɔ:d/,adj.,厌倦的；烦闷的,p.5,单词,否,是,5948,A核心,保留在主词表,普通词,与浙江中考考频表词头直接匹配,"",textbook_v2024_vocabulary_8_1.md
NV0359,360,8A,Unit 1,sky,sky,/skaɪ/,n.,天；天空,p.5,单词,否,否,,B认读,保留在认读区,普通词,教材词汇，但未与浙江中考考频表词头直接匹配,需在样章阶段复核是否升级为核心,textbook_v2024_vocabulary_8_1.md
NV0360,361,8A,Unit 1,towards,towards,/tə'wɔ:dz; tɔ:rdz/,prep.,向；朝,p.5,单词,否,是,2014,A核心,保留在主词表,普通词,与浙江中考考频表词头直接匹配,"",textbook_v2024_vocabulary_8_1.md
NV0361,362,8A,Unit 1,rainbow,rainbow,/'reɪnbəʊ/,n.,虹；彩虹,p.5,单词,否,否,,B认读,保留在认读区,普通词,教材词汇，但未与浙江中考考频表词头直接匹配,需在样章阶段复核是否升级为核心,textbook_v2024_vocabulary_8_1.md
NV0362,363,8A,Unit 1,square,square,/skweə(r)/,n. adj.,n. 广场；正方形 adj. 正方形的；平方的,p.6,单词,否,是,3365,A核心,保留在主词表,普通词,与浙江中考考频表词头直接匹配,"",textbook_v2024_vocabulary_8_1.md
NV0363,364,8A,Unit 1,during,during,/ˈdjʊərɪŋ/,prep.,在……期间,p.6,单词,否,否,,B认读,保留在认读区,普通词,教材词汇，但未与浙江中考考频表词头直接匹配,需在样章阶段复核是否升级为核心,textbook_v2024_vocabulary_8_1.md
NV0364,365,8A,Unit 1,victory,victory,/'vɪktəri/,n.,胜利；成功,p.6,单词,否,是,1467,A核心,保留在主词表,普通词,与浙江中考考频表词头直接匹配,"",textbook_v2024_vocabulary_8_1.md
NV0365,366,8A,Unit 1,Russian,russian,/'rʌʃn/,adj. n.,adj. 俄罗斯的；俄罗斯人的 n. 俄罗斯人；俄语,p.6,单词,是,是,,A核心,保留在主词表,普通词,具有明确词性，并与浙江中考考频表词头匹配,"",textbook_v2024_vocabulary_8_1.md
NV0366,367,8A,Unit 1,fight,fight,/faɪt/,n. v.,n. 战斗；斗争 v.（fought /fɔ:t/）打仗；打架,p.6,单词,否,是,676,A核心,保留在主词表,普通词,与浙江中考考频表词头直接匹配,"",textbook_v2024_vocabulary_8_1.md
NV0367,368,8A,Unit 1,against,against,/ə'genst/,prep.,反对；与……相反；紧靠,p.6,单词,否,是,180,A核心,保留在主词表,普通词,与浙江中考考频表词头直接匹配,"",textbook_v2024_vocabulary_8_1.md
NV0368,369,8A,Unit 1,fight against sb / sth,fight against sb / sth,,,与……作战；与……作斗争,p.6,多词表达,否,否,,A核心,保留在主词表,短语或固定表达,教材明确列出的短语或句型，应独立掌握,后续需结合短语考查价值再细分,textbook_v2024_vocabulary_8_1.md
NV0369,370,8A,Unit 1,artwork,artwork,/'ɑ:twɜ:k/,n.,艺术作品；插图,p.6,单词,否,是,6302,A核心,保留在主词表,普通词,与浙江中考考频表词头直接匹配,"",textbook_v2024_vocabulary_8_1.md
NV0370,371,8A,Unit 1,thousands of,thousands of,,,数以千计的；成千上万的,p.6,多词表达,否,否,,A核心,保留在主词表,短语或固定表达,教材明确列出的短语或句型，应独立掌握,后续需结合短语考查价值再细分,textbook_v2024_vocabulary_8_1.md
NV0371,372,8A,Unit 1,tear,tear,/tɪə(r)/,n.,眼泪；泪水,p.6,单词,否,是,1915,A核心,保留在主词表,普通词,与浙江中考考频表词头直接匹配,"",textbook_v2024_vocabulary_8_1.md
NV0372,373,8A,Unit 1,remind,remind,/rɪ'maɪnd/,v.,提醒；使想起,p.6,单词,否,是,1462,A核心,保留在主词表,普通词,与浙江中考考频表词头直接匹配,"",textbook_v2024_vocabulary_8_1.md
NV0373,374,8A,Unit 1,peace,peace,/pi:s/,n.,和平；太平,p.6,单词,否,是,934,A核心,保留在主词表,普通词,与浙江中考考频表词头直接匹配,"",textbook_v2024_vocabulary_8_1.md
NV0374,375,8A,Unit 1,easily,easily,/'i:zəli/,adv.,容易地；轻易地,p.6,单词,否,是,1213,A核心,保留在主词表,普通词,与浙江中考考频表词头直接匹配,"",textbook_v2024_vocabulary_8_1.md
NV0375,376,8A,Unit 1,forget,forget,/fə'get/,v. (forgot /fə'gɒt/),忘记；遗忘,p.6,单词,否,是,873,A核心,保留在主词表,普通词,与浙江中考考频表词头直接匹配,"",textbook_v2024_vocabulary_8_1.md
NV0376,377,8A,Unit 1,noon,noon,/nu:n/,n.,正午；中午,p.6,单词,否,是,3850,A核心,保留在主词表,普通词,与浙江中考考频表词头直接匹配,"",textbook_v2024_vocabulary_8_1.md
NV0377,378,8A,Unit 1,sick,sick,/sɪk/,adj.,恶心的；生病的,p.6,单词,否,是,1755,A核心,保留在主词表,普通词,与浙江中考考频表词头直接匹配,"",textbook_v2024_vocabulary_8_1.md
NV0378,379,8A,Unit 1,metro,metro,/'metrəʊ/,n.,地下铁道系统,p.7,单词,否,否,,B认读,保留在认读区,普通词,教材词汇，但未与浙江中考考频表词头直接匹配,需在样章阶段复核是否升级为核心,textbook_v2024_vocabulary_8_1.md
NV0379,380,8A,Unit 1,station,station,/'steɪʃn/,n.,车站；所；局,p.7,单词,否,是,842,A核心,保留在主词表,普通词,与浙江中考考频表词头直接匹配,"",textbook_v2024_vocabulary_8_1.md
NV0380,381,8A,Unit 1,palace,palace,/'pæləs/,n.,王宫；宫殿,p.7,单词,否,是,4722,A核心,保留在主词表,普通词,与浙江中考考频表词头直接匹配,"",textbook_v2024_vocabulary_8_1.md
NV0381,382,8A,Unit 1,accordion,accordion,/ə'kɔ:diən/,n.,手风琴,p.7,单词,否,否,,B认读,保留在认读区,普通词,教材词汇，但未与浙江中考考频表词头直接匹配,需在样章阶段复核是否升级为核心,textbook_v2024_vocabulary_8_1.md
NV0382,383,8A,Unit 1,get together,get together,,,聚会；相聚,p.8,多词表达,否,否,,A核心,保留在主词表,短语或固定表达,教材明确列出的短语或句型，应独立掌握,后续需结合短语考查价值再细分,textbook_v2024_vocabulary_8_1.md
NV0383,384,8A,Unit 1,in the sun,in the sun,,,在阳光下,p.8,多词表达,否,否,,A核心,保留在主词表,短语或固定表达,教材明确列出的短语或句型，应独立掌握,后续需结合短语考查价值再细分,textbook_v2024_vocabulary_8_1.md
NV0384,385,8A,Unit 1,tower,tower,/'taʊə(r)/,n.,塔；塔楼,p.8,单词,否,是,2428,A核心,保留在主词表,普通词,与浙江中考考频表词头直接匹配,"",textbook_v2024_vocabulary_8_1.md
NV0385,386,8A,Unit 1,might,might,/maɪt/,modal v.,可能；可以,p.8,单词,否,否,,B认读,保留在认读区,普通词,教材词汇，但未与浙江中考考频表词头直接匹配,需在样章阶段复核是否升级为核心,textbook_v2024_vocabulary_8_1.md
NV0386,387,8A,Unit 1,budget,budget,/'bʌdʒɪt/,n. v.,n. 预算 v. 把……编入预算；精打细算,p.8,单词,否,是,1055,A核心,保留在主词表,普通词,与浙江中考考频表词头直接匹配,"",textbook_v2024_vocabulary_8_1.md
NV0387,388,8A,Unit 1,passport,passport,/'pɑ:spɔ:t/,n.,护照,p.8,单词,否,是,6322,A核心,保留在主词表,普通词,与浙江中考考频表词头直接匹配,"",textbook_v2024_vocabulary_8_1.md
NV0388,389,8A,Unit 1,forgetful,forgetful,/fə'getfl/,adj.,健忘的；好忘事的,p.8,单词,否,否,,B认读,保留在认读区,普通词,教材词汇，但未与浙江中考考频表词头直接匹配,需在样章阶段复核是否升级为核心,textbook_v2024_vocabulary_8_1.md
NV0389,390,8A,Unit 1,faraway,faraway,/'fɑ:rəweɪ/,adj.,远方的；遥远的,p.8,单词,否,否,,B认读,保留在认读区,普通词,教材词汇，但未与浙江中考考频表词头直接匹配,需在样章阶段复核是否升级为核心,textbook_v2024_vocabulary_8_1.md
NV0390,391,8A,Unit 1,regular,regular,/'regjələ(r)/,adj.,平常的；有规律的,p.8,单词,否,是,1374,A核心,保留在主词表,普通词,与浙江中考考频表词头直接匹配,"",textbook_v2024_vocabulary_8_1.md
NV0391,392,8A,Unit 1,countryside,countryside,/'kʌntrisaɪd/,n.,乡村；农村,p.8,单词,否,是,5380,A核心,保留在主词表,普通词,与浙江中考考频表词头直接匹配,"",textbook_v2024_vocabulary_8_1.md
NV0392,393,8A,Unit 1,turn around,turn around,,,转身；翻转,p.9,多词表达,否,否,,A核心,保留在主词表,短语或固定表达,教材明确列出的短语或句型，应独立掌握,后续需结合短语考查价值再细分,textbook_v2024_vocabulary_8_1.md
NV0393,394,8A,Unit 1,surprised,surprised,/sə'praɪzd/,adj.,惊奇的；惊讶的,p.9,单词,否,是,1930,A核心,保留在主词表,普通词,与浙江中考考频表词头直接匹配,"",textbook_v2024_vocabulary_8_1.md
NV0394,395,8A,Unit 1,deer,deer,/dɪə(r)/,n. (pl. deer),鹿,p.9,单词,否,否,,B认读,保留在认读区,普通词,教材词汇，但未与浙江中考考频表词头直接匹配,需在样章阶段复核是否升级为核心,textbook_v2024_vocabulary_8_1.md
NV0395,396,8A,Unit 1,probably,probably,/'prɒbəbli/,adv.,很可能；大概,p.9,单词,否,是,398,A核心,保留在主词表,普通词,与浙江中考考频表词头直接匹配,"",textbook_v2024_vocabulary_8_1.md
NV0396,397,8A,Unit 1,look for,look for,,,寻找,p.9,多词表达,否,否,,A核心,保留在主词表,短语或固定表达,教材明确列出的短语或句型，应独立掌握,后续需结合短语考查价值再细分,textbook_v2024_vocabulary_8_1.md
NV0397,398,8A,Unit 1,Guest-Greeting / Pine,guest-greeting / pine,"/gest, gri:tɪŋ/ /paɪn/",,迎客松,p.2,多词表达,是,否,,C剔除,从学生主词表剔除,低考试价值文化词,文化背景专名或外语教育制度名称，预计不要求拼写,可保留在文化附录,textbook_v2024_vocabulary_8_1.md
NV0398,399,8A,Unit 1,Sea of Clouds,sea of clouds,,,云海,p.2,多词表达,是,否,,C剔除,从学生主词表剔除,具体地名,城市、景点、地理实体或历史地点专名,"",textbook_v2024_vocabulary_8_1.md
NV0399,400,8A,Unit 1,Seattle,seattle,/si'ætl/,,西雅图 (美国城市),p.2,单词,是,否,,C剔除,从学生主词表剔除,具体地名,城市、景点、地理实体或历史地点专名,"",textbook_v2024_vocabulary_8_1.md
NV0400,401,8A,Unit 1,Red Square,red square,,,红场,p.6,多词表达,是,否,,C剔除,从学生主词表剔除,具体地名,城市、景点、地理实体或历史地点专名,"",textbook_v2024_vocabulary_8_1.md
NV0401,402,8A,Unit 1,Alexander Garden,alexander garden,/ælɪg'zɑ:ndə(r)/ /ˈgɑ:dən/,,亚历山大花园,p.6,多词表达,是,否,,C剔除,从学生主词表剔除,具体地名,城市、景点、地理实体或历史地点专名,"",textbook_v2024_vocabulary_8_1.md
NV0402,403,8A,Unit 1,Vincent,vincent,/ˈvɪnsənt/,,文森特,p.6,单词,是,否,,C剔除,从学生主词表剔除,人名,人物名、姓氏或虚构人物名,"",textbook_v2024_vocabulary_8_1.md
NV0403,404,8A,Unit 1,Moscow,moscow,/'mɒskəʊ/,,莫斯科 (俄罗斯首都),p.6,单词,是,否,,C剔除,从学生主词表剔除,具体地名,城市、景点、地理实体或历史地点专名,"",textbook_v2024_vocabulary_8_1.md
NV0404,405,8A,Unit 1,Russia,russia,/'rʌʃə/,,俄罗斯,p.6,单词,是,否,,D复核,等待人工确认,国家或大洲,属于地名，但常见国家和大洲名称可能具有认读价值,确认是剔除还是放入认读区,textbook_v2024_vocabulary_8_1.md
NV0405,406,8A,Unit 1,the Victory Museum,the victory museum,,,胜利博物馆,p.6,多词表达,是,否,,C剔除,从学生主词表剔除,具体地名,城市、景点、地理实体或历史地点专名,"",textbook_v2024_vocabulary_8_1.md
NV0406,407,8A,Unit 1,Nazi,nazi,/'nɑ:tsi/,n.,纳粹党人；纳粹分子,p.6,单词,是,否,,B认读,保留在认读区,普通词,具有明确词性，但未与浙江中考考频表词头直接匹配,"",textbook_v2024_vocabulary_8_1.md
NV0407,408,8A,Unit 1,World War II,world war ii,,,第二次世界大战,p.6,多词表达,是,否,,B认读,保留在认读区,缩写或背景概念,有课文理解价值，但不建议作为重点默写词,"",textbook_v2024_vocabulary_8_1.md
NV0408,409,8A,Unit 1,Moscow Metro,moscow metro,,,莫斯科地铁,p.7,多词表达,是,否,,C剔除,从学生主词表剔除,具体地名,城市、景点、地理实体或历史地点专名,"",textbook_v2024_vocabulary_8_1.md
NV0409,410,8A,Unit 1,Scotland,scotland,/'skɒtlənd/,,苏格兰,p.7,单词,是,否,,D复核,等待人工确认,国家或大洲,属于地名，但常见国家和大洲名称可能具有认读价值,确认是剔除还是放入认读区,textbook_v2024_vocabulary_8_1.md
NV0410,411,8A,Unit 2,pack,pack,/pæk/,v.,打包；收拾,p.12,单词,否,是,2287,A核心,保留在主词表,普通词,与浙江中考考频表词头直接匹配,"",textbook_v2024_vocabulary_8_1.md
NV0411,412,8A,Unit 2,pack up,pack up,,,打包,p.12,多词表达,否,否,,A核心,保留在主词表,短语或固定表达,教材明确列出的短语或句型，应独立掌握,后续需结合短语考查价值再细分,textbook_v2024_vocabulary_8_1.md
NV0412,413,8A,Unit 2,bathroom,bathroom,/'bɑ:θru:m/,n.,浴室；洗手间,p.12,单词,否,是,2420,A核心,保留在主词表,普通词,与浙江中考考频表词头直接匹配,"",textbook_v2024_vocabulary_8_1.md
NV0413,414,8A,Unit 2,sort,sort,/sɔ:t/,v. n.,v. 把……分类；整理 n. 种类,p.12,单词,否,是,836,A核心,保留在主词表,普通词,与浙江中考考频表词头直接匹配,"",textbook_v2024_vocabulary_8_1.md
NV0414,415,8A,Unit 2,bedroom,bedroom,/'bedru:m/,n.,卧室,p.12,单词,否,是,1879,A核心,保留在主词表,普通词,与浙江中考考频表词头直接匹配,"",textbook_v2024_vocabulary_8_1.md
NV0415,416,8A,Unit 2,balcony,balcony,/'bælkəni/,n.,阳台,p.12,单词,否,否,,B认读,保留在认读区,普通词,教材词汇，但未与浙江中考考频表词头直接匹配,需在样章阶段复核是否升级为核心,textbook_v2024_vocabulary_8_1.md
NV0416,417,8A,Unit 2,hang up,hang up,,,挂起；挂断电话,p.12,多词表达,否,否,,A核心,保留在主词表,短语或固定表达,教材明确列出的短语或句型，应独立掌握,后续需结合短语考查价值再细分,textbook_v2024_vocabulary_8_1.md
NV0417,418,8A,Unit 2,invite,invite,/ɪn'vaɪt/,v.,邀请,p.12,单词,否,是,1606,A核心,保留在主词表,普通词,与浙江中考考频表词头直接匹配,"",textbook_v2024_vocabulary_8_1.md
NV0418,419,8A,Unit 2,living room,living room,,,客厅,p.12,多词表达,否,否,,A核心,保留在主词表,短语或固定表达,教材明确列出的短语或句型，应独立掌握,后续需结合短语考查价值再细分,textbook_v2024_vocabulary_8_1.md
NV0419,420,8A,Unit 2,arrival,arrival,/ə'raɪvl/,n.,到达,p.13,单词,否,是,3215,A核心,保留在主词表,普通词,与浙江中考考频表词头直接匹配,"",textbook_v2024_vocabulary_8_1.md
NV0420,421,8A,Unit 2,yet,yet,/jet/,adv. conj.,adv. (用于否定句和疑问句) 还 conj. 但是,p.13,单词,否,否,,B认读,保留在认读区,普通词,教材词汇，但未与浙江中考考频表词头直接匹配,需在样章阶段复核是否升级为核心,textbook_v2024_vocabulary_8_1.md
NV0421,422,8A,Unit 2,add,add,/æd/,v.,添加；加,p.14,单词,否,是,340,A核心,保留在主词表,普通词,与浙江中考考频表词头直接匹配,"",textbook_v2024_vocabulary_8_1.md
NV0422,423,8A,Unit 2,add sth to sth,add sth to sth,,,把……加入……,p.14,多词表达,否,否,,A核心,保留在主词表,短语或固定表达,教材明确列出的短语或句型，应独立掌握,后续需结合短语考查价值再细分,textbook_v2024_vocabulary_8_1.md
NV0423,424,8A,Unit 2,go shopping,go shopping,,,去购物,p.14,多词表达,否,否,,A核心,保留在主词表,短语或固定表达,教材明确列出的短语或句型，应独立掌握,后续需结合短语考查价值再细分,textbook_v2024_vocabulary_8_1.md
NV0424,425,8A,Unit 2,biscuit,biscuit,/'bɪskɪt/,n.,饼干,p.14,单词,否,是,8214,A核心,保留在主词表,普通词,与浙江中考考频表词头直接匹配,"",textbook_v2024_vocabulary_8_1.md
NV0425,426,8A,Unit 2,borrow,borrow,/'bɒrəʊ/,v.,借,p.14,单词,否,是,3235,A核心,保留在主词表,普通词,与浙江中考考频表词头直接匹配,"",textbook_v2024_vocabulary_8_1.md
NV0426,427,8A,Unit 2,plan,plan,/plæn/,v. n.,v. 策划；打算 n. 计划；方案,p.14,单词,否,否,,B认读,保留在认读区,普通词,教材词汇，但未与浙江中考考频表词头直接匹配,需在样章阶段复核是否升级为核心,textbook_v2024_vocabulary_8_1.md
NV0427,428,8A,Unit 2,treasure,treasure,/'treʒə(r)/,n. v.,n. 宝物；财富 v. 珍视,p.14,单词,否,是,4106,A核心,保留在主词表,普通词,与浙江中考考频表词头直接匹配,"",textbook_v2024_vocabulary_8_1.md
NV0428,429,8A,Unit 2,hunt,hunt,/hʌnt/,n. v.,n. 搜寻；狩猎 v. 搜寻；打猎,p.14,单词,否,是,5019,A核心,保留在主词表,普通词,与浙江中考考频表词头直接匹配,"",textbook_v2024_vocabulary_8_1.md
NV0429,430,8A,Unit 2,treasure hunt,treasure hunt,,,寻宝游戏,p.14,多词表达,否,否,,A核心,保留在主词表,短语或固定表达,教材明确列出的短语或句型，应独立掌握,后续需结合短语考查价值再细分,textbook_v2024_vocabulary_8_1.md
NV0430,431,8A,Unit 2,lift,lift,/lɪft/,n. v.,n. 搭便车；电梯 v. 举起；抬起,p.14,单词,否,是,1347,A核心,保留在主词表,普通词,与浙江中考考频表词头直接匹配,"",textbook_v2024_vocabulary_8_1.md
NV0431,432,8A,Unit 2,give sb a lift,give sb a lift,,,开车顺便送某人,p.14,多词表达,否,否,,A核心,保留在主词表,短语或固定表达,教材明确列出的短语或句型，应独立掌握,后续需结合短语考查价值再细分,textbook_v2024_vocabulary_8_1.md
NV0432,433,8A,Unit 2,until,until,/ən'tɪl/,prep. conj.,到……时；直到……为止,p.15,单词,否,否,,B认读,保留在认读区,普通词,教材词汇，但未与浙江中考考频表词头直接匹配,需在样章阶段复核是否升级为核心,textbook_v2024_vocabulary_8_1.md
NV0433,434,8A,Unit 2,be careful with,be careful with,,,注意；当心,p.15,多词表达,否,否,,A核心,保留在主词表,短语或固定表达,教材明确列出的短语或句型，应独立掌握,后续需结合短语考查价值再细分,textbook_v2024_vocabulary_8_1.md
NV0434,435,8A,Unit 2,movie,movie,/'mu:vi/,n.,电影,p.15,单词,否,否,,B认读,保留在认读区,普通词,教材词汇，但未与浙江中考考频表词头直接匹配,需在样章阶段复核是否升级为核心,textbook_v2024_vocabulary_8_1.md
NV0435,436,8A,Unit 2,the movies,the movies,,,电影院；电影产业,p.15,多词表达,否,否,,A核心,保留在主词表,短语或固定表达,教材明确列出的短语或句型，应独立掌握,后续需结合短语考查价值再细分,textbook_v2024_vocabulary_8_1.md
NV0436,437,8A,Unit 2,dead,dead,/ded/,adj.,不运行的；死的,p.15,单词,否,否,,B认读,保留在认读区,普通词,教材词汇，但未与浙江中考考频表词头直接匹配,需在样章阶段复核是否升级为核心,textbook_v2024_vocabulary_8_1.md
NV0437,438,8A,Unit 2,note,note,/nəʊt/,n. v.,n. 笔记；记录；便条 v. 注意；指出,p.15,单词,否,是,703,A核心,保留在主词表,普通词,与浙江中考考频表词头直接匹配,"",textbook_v2024_vocabulary_8_1.md
NV0438,439,8A,Unit 2,take notes,take notes,,,做笔记,p.15,多词表达,否,否,,A核心,保留在主词表,短语或固定表达,教材明确列出的短语或句型，应独立掌握,后续需结合短语考查价值再细分,textbook_v2024_vocabulary_8_1.md
NV0439,440,8A,Unit 2,clean up,clean up,,,清扫,p.15,多词表达,否,否,,A核心,保留在主词表,短语或固定表达,教材明确列出的短语或句型，应独立掌握,后续需结合短语考查价值再细分,textbook_v2024_vocabulary_8_1.md
NV0440,441,8A,Unit 2,community,community,/kə'mju:nəti/,n.,社区；社团,p.15,单词,否,是,2865,A核心,保留在主词表,普通词,与浙江中考考频表词头直接匹配,"",textbook_v2024_vocabulary_8_1.md
NV0441,442,8A,Unit 2,rubbish,rubbish,/'rʌbɪʃ/,n.,垃圾,p.15,单词,否,是,15524,A核心,保留在主词表,普通词,与浙江中考考频表词头直接匹配,"",textbook_v2024_vocabulary_8_1.md
NV0442,443,8A,Unit 2,almost,almost,/'ɔ:lməʊst/,adv.,差不多；几乎,p.16,单词,否,否,,B认读,保留在认读区,普通词,教材词汇，但未与浙江中考考频表词头直接匹配,需在样章阶段复核是否升级为核心,textbook_v2024_vocabulary_8_1.md
NV0443,444,8A,Unit 2,journey,journey,/'dʒɜ:ni/,n. v.,n. 旅行；历程 v. 旅行,p.16,单词,否,是,2425,A核心,保留在主词表,普通词,与浙江中考考频表词头直接匹配,"",textbook_v2024_vocabulary_8_1.md
NV0444,445,8A,Unit 2,pull,pull,/pʊl/,v. & n.,拉；拖；拽,p.16,单词,否,否,,B认读,保留在认读区,普通词,教材词汇，但未与浙江中考考频表词头直接匹配,需在样章阶段复核是否升级为核心,textbook_v2024_vocabulary_8_1.md
NV0445,446,8A,Unit 2,luggage,luggage,/'lʌgɪdʒ/,n.,行李,p.16,单词,否,否,,B认读,保留在认读区,普通词,教材词汇，但未与浙江中考考频表词头直接匹配,需在样章阶段复核是否升级为核心,textbook_v2024_vocabulary_8_1.md
NV0446,447,8A,Unit 2,ah,ah,/ɑ:/,interj.,啊（表示高兴、惊奇等）,p.16,单词,否,否,,B认读,保留在认读区,普通词,教材词汇，但未与浙江中考考频表词头直接匹配,需在样章阶段复核是否升级为核心,textbook_v2024_vocabulary_8_1.md
NV0447,448,8A,Unit 2,share sth with sb,share sth with sb,,,把……与……分享,p.16,多词表达,否,否,,A核心,保留在主词表,短语或固定表达,教材明确列出的短语或句型，应独立掌握,后续需结合短语考查价值再细分,textbook_v2024_vocabulary_8_1.md
NV0448,449,8A,Unit 2,mm,mm,/m/,interj.,嗯（表示喜欢、同意等）,p.16,单词,否,否,,B认读,保留在认读区,普通词,教材词汇，但未与浙江中考考频表词头直接匹配,需在样章阶段复核是否升级为核心,textbook_v2024_vocabulary_8_1.md
NV0449,450,8A,Unit 2,familiar,familiar,/fə'mɪliə(r)/,adj.,熟悉的,p.16,单词,否,是,1497,A核心,保留在主词表,普通词,与浙江中考考频表词头直接匹配,"",textbook_v2024_vocabulary_8_1.md
NV0450,451,8A,Unit 2,joke,joke,/dʒəʊk/,n. v.,笑话；开玩笑,p.16,单词,否,是,2260,A核心,保留在主词表,普通词,与浙江中考考频表词头直接匹配,"",textbook_v2024_vocabulary_8_1.md
NV0451,452,8A,Unit 2,several,several,/'sevrəl/,pron.,几个；一些,p.16,单词,否,是,310,A核心,保留在主词表,普通词,与浙江中考考频表词头直接匹配,"",textbook_v2024_vocabulary_8_1.md
NV0452,453,8A,Unit 2,nod,nod,/nɒd/,v. & n.,点头,p.16,单词,否,是,1562,A核心,保留在主词表,普通词,与浙江中考考频表词头直接匹配,"",textbook_v2024_vocabulary_8_1.md
NV0453,454,8A,Unit 2,writer,writer,/'raɪtə(r)/,n.,作者,p.17,单词,否,否,,B认读,保留在认读区,普通词,教材词汇，但未与浙江中考考频表词头直接匹配,需在样章阶段复核是否升级为核心,textbook_v2024_vocabulary_8_1.md
NV0454,455,8A,Unit 2,text,text,/tekst/,n. v.,n. 正文；文本 v. (用手机给某人) 发短信,p.17,单词,否,是,1293,A核心,保留在主词表,普通词,与浙江中考考频表词头直接匹配,"",textbook_v2024_vocabulary_8_1.md
NV0455,456,8A,Unit 2,describe,describe,/dɪ'skraɪb/,v.,描述；形容,p.17,单词,否,是,568,A核心,保留在主词表,普通词,与浙江中考考频表词头直接匹配,"",textbook_v2024_vocabulary_8_1.md
NV0456,457,8A,Unit 2,wherever,wherever,/weər'evə(r)/,adv. & conj.,无论在哪里；在任何地方,p.17,单词,否,是,3738,A核心,保留在主词表,普通词,与浙江中考考频表词头直接匹配,"",textbook_v2024_vocabulary_8_1.md
NV0457,458,8A,Unit 2,matter,matter,/'mætə(r)/,v. n.,v. 要紧 n. 问题,p.17,单词,否,是,528,A核心,保留在主词表,普通词,与浙江中考考频表词头直接匹配,"",textbook_v2024_vocabulary_8_1.md
NV0458,459,8A,Unit 2,no matter,no matter,,,不论；不要紧,p.17,多词表达,否,否,,A核心,保留在主词表,短语或固定表达,教材明确列出的短语或句型，应独立掌握,后续需结合短语考查价值再细分,textbook_v2024_vocabulary_8_1.md
NV0459,460,8A,Unit 2,perhaps,perhaps,/pə'hæps/,adv.,也许；可能,p.17,单词,否,是,435,A核心,保留在主词表,普通词,与浙江中考考频表词头直接匹配,"",textbook_v2024_vocabulary_8_1.md
NV0460,461,8A,Unit 2,plate,plate,/pleɪt/,n.,盘子；碟子,p.17,单词,否,是,1530,A核心,保留在主词表,普通词,与浙江中考考频表词头直接匹配,"",textbook_v2024_vocabulary_8_1.md
NV0461,462,8A,Unit 2,freshly,freshly,/'freʃli/,adv.,刚刚,p.17,单词,否,否,,B认读,保留在认读区,普通词,教材词汇，但未与浙江中考考频表词头直接匹配,需在样章阶段复核是否升级为核心,textbook_v2024_vocabulary_8_1.md
NV0462,463,8A,Unit 2,smell,smell,/smel/,v. n.,v. 发臭；闻到 n. 气味；臭味,p.18,单词,否,是,2406,A核心,保留在主词表,普通词,与浙江中考考频表词头直接匹配,"",textbook_v2024_vocabulary_8_1.md
NV0463,464,8A,Unit 2,joy,joy,/dʒɔɪ/,n.,喜悦；乐趣,p.18,单词,否,是,2833,A核心,保留在主词表,普通词,与浙江中考考频表词头直接匹配,"",textbook_v2024_vocabulary_8_1.md
NV0464,465,8A,Unit 2,apartment,apartment,/ə'pɑ:tmənt/,n.,房间；公寓套房,p.18,单词,否,是,1277,A核心,保留在主词表,普通词,与浙江中考考频表词头直接匹配,"",textbook_v2024_vocabulary_8_1.md
NV0465,466,8A,Unit 2,block,block,/blɒk/,n. v.,n. 大楼；街区；大块 v. 阻挡；堵塞,p.18,单词,否,是,1318,A核心,保留在主词表,普通词,与浙江中考考频表词头直接匹配,"",textbook_v2024_vocabulary_8_1.md
NV0466,467,8A,Unit 2,decorate,decorate,/'dekəreɪt/,v.,装饰；装潢,p.19,单词,否,否,,B认读,保留在认读区,普通词,教材词汇，但未与浙江中考考频表词头直接匹配,需在样章阶段复核是否升级为核心,textbook_v2024_vocabulary_8_1.md
NV0467,468,8A,Unit 2,cover,cover,/'kʌvə(r)/,v. n.,v. 遮盖；包括 n. 遮盖物；封皮,p.19,单词,否,是,560,A核心,保留在主词表,普通词,与浙江中考考频表词头直接匹配,"",textbook_v2024_vocabulary_8_1.md
NV0468,469,8A,Unit 2,poster,poster,/'pəʊstə(r)/,n.,海报,p.19,单词,否,是,3864,A核心,保留在主词表,普通词,与浙江中考考频表词头直接匹配,"",textbook_v2024_vocabulary_8_1.md
NV0469,470,8A,Unit 2,scissors,scissors,/'sɪzəz/,n. (pl.),剪刀,p.19,单词,否,否,,B认读,保留在认读区,普通词,教材词汇，但未与浙江中考考频表词头直接匹配,需在样章阶段复核是否升级为核心,textbook_v2024_vocabulary_8_1.md
NV0470,471,8A,Unit 2,glue,glue,/glu:/,n. v.,n. 胶水 v. 粘贴,p.19,单词,否,是,7387,A核心,保留在主词表,普通词,与浙江中考考频表词头直接匹配,"",textbook_v2024_vocabulary_8_1.md
NV0471,472,8A,Unit 2,paper-cut,paper-cut,/'peɪpə(r) kʌt/,n.,剪纸,p.19,单词,否,否,,B认读,保留在认读区,普通词,教材词汇，但未与浙江中考考频表词头直接匹配,需在样章阶段复核是否升级为核心,textbook_v2024_vocabulary_8_1.md
NV0472,473,8A,Unit 3,compare,compare,/kəm'peə(r)/,v.,比较；对比,p.21,单词,否,是,832,A核心,保留在主词表,普通词,与浙江中考考频表词头直接匹配,"",textbook_v2024_vocabulary_8_1.md
NV0473,474,8A,Unit 3,shy,shy,/ʃaɪ/,adj.,害羞的,p.22,单词,否,是,4447,A核心,保留在主词表,普通词,与浙江中考考频表词头直接匹配,"",textbook_v2024_vocabulary_8_1.md
NV0474,475,8A,Unit 3,lazy,lazy,/'leɪzi/,adj.,懒惰的；懒洋洋的,p.22,单词,否,是,6321,A核心,保留在主词表,普通词,与浙江中考考频表词头直接匹配,"",textbook_v2024_vocabulary_8_1.md
NV0475,476,8A,Unit 3,loud,loud,/laʊd/,adv. adj.,响亮地；大声的,p.22,单词,否,是,3113,A核心,保留在主词表,普通词,与浙江中考考频表词头直接匹配,"",textbook_v2024_vocabulary_8_1.md
NV0476,477,8A,Unit 3,outgoing,outgoing,/aʊt'gəʊɪŋ/,adj.,外向的,p.22,单词,否,是,9208,A核心,保留在主词表,普通词,与浙江中考考频表词头直接匹配,"",textbook_v2024_vocabulary_8_1.md
NV0477,478,8A,Unit 3,hard-working,hard-working,/hɑ:d 'wɜ:kɪŋ/,adj.,勤奋的,p.22,单词,否,否,,B认读,保留在认读区,普通词,教材词汇，但未与浙江中考考频表词头直接匹配,需在样章阶段复核是否升级为核心,textbook_v2024_vocabulary_8_1.md
NV0478,479,8A,Unit 3,perform,perform,/pə'fɔ:m/,v.,表演；执行,p.22,单词,否,是,954,A核心,保留在主词表,普通词,与浙江中考考频表词头直接匹配,"",textbook_v2024_vocabulary_8_1.md
NV0479,480,8A,Unit 3,alone,alone,/ə'ləʊn/,adv. & adj.,独自；单独,p.22,单词,否,是,1098,A核心,保留在主词表,普通词,与浙江中考考频表词头直接匹配,"",textbook_v2024_vocabulary_8_1.md
NV0480,481,8A,Unit 3,solve,solve,/sɒlv/,v.,解决；解答,p.22,单词,否,是,1835,A核心,保留在主词表,普通词,与浙江中考考频表词头直接匹配,"",textbook_v2024_vocabulary_8_1.md
NV0481,482,8A,Unit 3,flute,flute,/flu:t/,n.,长笛,p.22,单词,否,否,,B认读,保留在认读区,普通词,教材词汇，但未与浙江中考考频表词头直接匹配,需在样章阶段复核是否升级为核心,textbook_v2024_vocabulary_8_1.md
NV0482,483,8A,Unit 3,congratulation,congratulation,"/kən,grætʃə'leɪʃn/",n.,祝贺；恭喜,p.23,单词,否,否,,B认读,保留在认读区,普通词,教材词汇，但未与浙江中考考频表词头直接匹配,需在样章阶段复核是否升级为核心,textbook_v2024_vocabulary_8_1.md
NV0483,484,8A,Unit 3,Congratulations (on ...)!,congratulations (on ...)!,,,（对……表示）祝贺！,p.23,多词表达,是,否,,A核心,保留在主词表,核心表达,教材明确列出的常用交际表达或固定搭配,"",textbook_v2024_vocabulary_8_1.md
NV0484,485,8A,Unit 3,prize,prize,/praɪz/,n.,奖；奖品,p.23,单词,否,是,3714,A核心,保留在主词表,普通词,与浙江中考考频表词头直接匹配,"",textbook_v2024_vocabulary_8_1.md
NV0485,486,8A,Unit 3,attend,attend,/ə'tend/,v.,参加；出席,p.23,单词,否,是,1169,A核心,保留在主词表,普通词,与浙江中考考频表词头直接匹配,"",textbook_v2024_vocabulary_8_1.md
NV0486,487,8A,Unit 3,as ... as ...,as ... as ...,,,像……一样……,p.23,多词表达,否,否,,A核心,保留在主词表,短语或固定表达,教材明确列出的短语或句型，应独立掌握,后续需结合短语考查价值再细分,textbook_v2024_vocabulary_8_1.md
NV0487,488,8A,Unit 3,besides,besides,/bɪ'saɪdz/,prep. adv.,除……之外（还）；而且,p.23,单词,否,是,3031,A核心,保留在主词表,普通词,与浙江中考考频表词头直接匹配,"",textbook_v2024_vocabulary_8_1.md
NV0488,489,8A,Unit 3,spare,spare,/speə(r)/,adj. v.,adj. 空闲的；备用的 v. 抽出；拨出,p.23,单词,否,是,4629,A核心,保留在主词表,普通词,与浙江中考考频表词头直接匹配,"",textbook_v2024_vocabulary_8_1.md
NV0489,490,8A,Unit 3,spare time,spare time,,,空闲时间,p.23,多词表达,否,否,,A核心,保留在主词表,短语或固定表达,教材明确列出的短语或句型，应独立掌握,后续需结合短语考查价值再细分,textbook_v2024_vocabulary_8_1.md
NV0490,491,8A,Unit 3,pleasure,pleasure,/'pleʒə(r)/,n.,乐事；愉快；荣幸,p.23,单词,否,是,1892,A核心,保留在主词表,普通词,与浙江中考考频表词头直接匹配,"",textbook_v2024_vocabulary_8_1.md
NV0491,492,8A,Unit 3,have sth in common,have sth in common,,,有共同之处,p.24,多词表达,否,否,,A核心,保留在主词表,短语或固定表达,教材明确列出的短语或句型，应独立掌握,后续需结合短语考查价值再细分,textbook_v2024_vocabulary_8_1.md
NV0492,493,8A,Unit 3,appearance,appearance,/ə'pɪərəns/,n.,外表；露面,p.24,单词,否,是,1691,A核心,保留在主词表,普通词,与浙江中考考频表词头直接匹配,"",textbook_v2024_vocabulary_8_1.md
NV0493,494,8A,Unit 3,personality,personality,"/,pɜ:sə'næləti/",n.,性格；品质,p.24,单词,否,是,2087,A核心,保留在主词表,普通词,与浙江中考考频表词头直接匹配,"",textbook_v2024_vocabulary_8_1.md
NV0494,495,8A,Unit 3,serious,serious,/'sɪəriəs/,adj.,严肃的；严重的,p.24,单词,否,是,755,A核心,保留在主词表,普通词,与浙江中考考频表词头直接匹配,"",textbook_v2024_vocabulary_8_1.md
NV0495,496,8A,Unit 3,strength,strength,/streŋθ/,n.,优势；力量,p.24,单词,否,是,1279,A核心,保留在主词表,普通词,与浙江中考考频表词头直接匹配,"",textbook_v2024_vocabulary_8_1.md
NV0496,497,8A,Unit 3,slim,slim,/slɪm/,adj.,苗条的；薄的,p.24,单词,否,否,,B认读,保留在认读区,普通词,教材词汇，但未与浙江中考考频表词头直接匹配,需在样章阶段复核是否升级为核心,textbook_v2024_vocabulary_8_1.md
NV0497,498,8A,Unit 3,fact,fact,/fækt/,n.,事实；现实,p.24,单词,否,否,,B认读,保留在认读区,普通词,教材词汇，但未与浙江中考考频表词头直接匹配,需在样章阶段复核是否升级为核心,textbook_v2024_vocabulary_8_1.md
NV0498,499,8A,Unit 3,population,population,"/,pɒpju'leɪʃn/",n.,人口,p.25,单词,否,是,642,A核心,保留在主词表,普通词,与浙江中考考频表词头直接匹配,"",textbook_v2024_vocabulary_8_1.md
NV0499,500,8A,Unit 3,km (= kilometre),km (= kilometre),/'kɪləmi:tə(r)/,,千米；公里,p.25,多词表达,否,否,,A核心,保留在主词表,短语或固定表达,教材明确列出的短语或句型，应独立掌握,后续需结合短语考查价值再细分,textbook_v2024_vocabulary_8_1.md
NV0500,501,8A,Unit 3,average,average,/'ævərɪdʒ/,adj. n.,adj. 平均的；平常的 n. 平均数；平均水准,p.25,单词,否,是,1303,A核心,保留在主词表,普通词,与浙江中考考频表词头直接匹配,"",textbook_v2024_vocabulary_8_1.md
NV0501,502,8A,Unit 3,rainfall,rainfall,/'reɪnfɔ:l/,n.,降雨量,p.25,单词,否,否,,B认读,保留在认读区,普通词,教材词汇，但未与浙江中考考频表词头直接匹配,需在样章阶段复核是否升级为核心,textbook_v2024_vocabulary_8_1.md
NV0502,503,8A,Unit 3,per,per,/pə(r); pɜ:(r)/,prep.,每,p.25,单词,否,是,669,A核心,保留在主词表,普通词,与浙江中考考频表词头直接匹配,"",textbook_v2024_vocabulary_8_1.md
NV0503,504,8A,Unit 3,mm (= millimetre),mm (= millimetre),/'mɪlimi:tə(r)/,,毫米,p.25,多词表达,否,否,,A核心,保留在主词表,短语或固定表达,教材明确列出的短语或句型，应独立掌握,后续需结合短语考查价值再细分,textbook_v2024_vocabulary_8_1.md
NV0504,505,8A,Unit 3,pleasant,pleasant,/'pleznt/,adj.,令人愉快的；友好的,p.25,单词,否,是,3801,A核心,保留在主词表,普通词,与浙江中考考频表词头直接匹配,"",textbook_v2024_vocabulary_8_1.md
NV0505,506,8A,Unit 3,difference,difference,/'dɪfrəns/,n.,差异,p.26,单词,否,是,496,A核心,保留在主词表,普通词,与浙江中考考频表词头直接匹配,"",textbook_v2024_vocabulary_8_1.md
NV0506,507,8A,Unit 3,alike,alike,/ə'laɪk/,adj. adv.,相像的；相似地,p.26,单词,否,是,4428,A核心,保留在主词表,普通词,与浙江中考考频表词头直接匹配,"",textbook_v2024_vocabulary_8_1.md
NV0507,508,8A,Unit 3,mirror,mirror,/'mɪrə(r)/,n.,镜子,p.26,单词,否,是,1863,A核心,保留在主词表,普通词,与浙江中考考频表词头直接匹配,"",textbook_v2024_vocabulary_8_1.md
NV0508,509,8A,Unit 3,interest,interest,/'ɪntrəst/,n. v.,n. 业余爱好；兴趣 v. 使感兴趣,p.26,单词,否,是,416,A核心,保留在主词表,普通词,与浙江中考考频表词头直接匹配,"",textbook_v2024_vocabulary_8_1.md
NV0509,510,8A,Unit 3,novel,novel,/'nɒvl/,n.,小说,p.26,单词,否,是,1653,A核心,保留在主词表,普通词,与浙江中考考频表词头直接匹配,"",textbook_v2024_vocabulary_8_1.md
NV0510,511,8A,Unit 3,sense,sense,/sens/,n. v.,n. 理解能力；感觉 v. 意识到；感觉到,p.26,单词,否,是,407,A核心,保留在主词表,普通词,与浙江中考考频表词头直接匹配,"",textbook_v2024_vocabulary_8_1.md
NV0511,512,8A,Unit 3,humour,humour,/'hju:mə(r)/ (= humor),n.,幽默；幽默感,p.27,单词,否,否,,B认读,保留在认读区,普通词,教材词汇，但未与浙江中考考频表词头直接匹配,需在样章阶段复核是否升级为核心,textbook_v2024_vocabulary_8_1.md
NV0512,513,8A,Unit 3,thanks to,thanks to,,,归功于；由于,p.27,多词表达,否,否,,A核心,保留在主词表,短语或固定表达,教材明确列出的短语或句型，应独立掌握,后续需结合短语考查价值再细分,textbook_v2024_vocabulary_8_1.md
NV0513,514,8A,Unit 3,opinion,opinion,/ə'pɪnjən/,n.,看法；意见,p.27,单词,否,是,1125,A核心,保留在主词表,普通词,与浙江中考考频表词头直接匹配,"",textbook_v2024_vocabulary_8_1.md
NV0514,515,8A,Unit 3,make a mistake,make a mistake,,,犯错误,p.27,多词表达,否,否,,A核心,保留在主词表,短语或固定表达,教材明确列出的短语或句型，应独立掌握,后续需结合短语考查价值再细分,textbook_v2024_vocabulary_8_1.md
NV0515,516,8A,Unit 3,less,less,/les/,adv. adj. pron.,adv. 较少地；更少地 adj. 较少的；更少的 pron. 较少；更少,p.27,单词,否,否,,B认读,保留在认读区,普通词,教材词汇，但未与浙江中考考频表词头直接匹配,需在样章阶段复核是否升级为核心,textbook_v2024_vocabulary_8_1.md
NV0516,517,8A,Unit 3,straightforward,straightforward,"/,streɪt'fɔ:wəd/",adj.,坦率的；简单的,p.27,单词,否,否,,B认读,保留在认读区,普通词,教材词汇，但未与浙江中考考频表词头直接匹配,需在样章阶段复核是否升级为核心,textbook_v2024_vocabulary_8_1.md
NV0517,518,8A,Unit 3,honest,honest,/'ɒnɪst/,adj.,坦诚的；诚实的,p.27,单词,否,是,2546,A核心,保留在主词表,普通词,与浙江中考考频表词头直接匹配,"",textbook_v2024_vocabulary_8_1.md
NV0518,519,8A,Unit 3,direct,direct,/də'rekt; daɪ'rekt/,adj.,率直的；直接的,p.27,单词,否,是,1483,A核心,保留在主词表,普通词,与浙江中考考频表词头直接匹配,"",textbook_v2024_vocabulary_8_1.md
NV0519,520,8A,Unit 3,similarity,similarity,"/,sɪmə'lærəti/",n.,相像之处,p.27,单词,否,否,,B认读,保留在认读区,普通词,教材词汇，但未与浙江中考考频表词头直接匹配,需在样章阶段复核是否升级为核心,textbook_v2024_vocabulary_8_1.md
NV0520,521,8A,Unit 3,friendship,friendship,/'frendʃɪp/,n.,友谊；友情,p.27,单词,否,是,3055,A核心,保留在主词表,普通词,与浙江中考考频表词头直接匹配,"",textbook_v2024_vocabulary_8_1.md
NV0521,522,8A,Unit 3,metre,metre,/'mi:tə(r)/ (= meter),n.,米,p.28,单词,否,否,,B认读,保留在认读区,普通词,教材词汇，但未与浙江中考考频表词头直接匹配,需在样章阶段复核是否升级为核心,textbook_v2024_vocabulary_8_1.md
NV0522,523,8A,Unit 3,prince,prince,/prɪns/,n.,王子,p.28,单词,否,是,5522,A核心,保留在主词表,普通词,与浙江中考考频表词头直接匹配,"",textbook_v2024_vocabulary_8_1.md
NV0523,524,8A,Unit 3,character,character,/'kærəktə(r)/,n.,人物；个性,p.28,单词,否,是,786,A核心,保留在主词表,普通词,与浙江中考考频表词头直接匹配,"",textbook_v2024_vocabulary_8_1.md
NV0524,525,8A,Unit 3,pauper,pauper,/'pɔ:pə(r)/,n.,贫民；乞丐,p.28,单词,否,否,,B认读,保留在认读区,普通词,教材词汇，但未与浙江中考考频表词头直接匹配,需在样章阶段复核是否升级为核心,textbook_v2024_vocabulary_8_1.md
NV0525,526,8A,Unit 3,exchange,exchange,/ɪks'tʃeɪndʒ/,v. & n.,交换,p.28,单词,否,是,1518,A核心,保留在主词表,普通词,与浙江中考考频表词头直接匹配,"",textbook_v2024_vocabulary_8_1.md
NV0526,527,8A,Unit 3,accident,accident,/ˈæksɪdənt/,n.,意外；（交通）事故,p.28,单词,否,是,1715,A核心,保留在主词表,普通词,与浙江中考考频表词头直接匹配,"",textbook_v2024_vocabulary_8_1.md
NV0527,528,8A,Unit 3,by accident,by accident,,,偶然；意外地,p.28,多词表达,否,否,,A核心,保留在主词表,短语或固定表达,教材明确列出的短语或句型，应独立掌握,后续需结合短语考查价值再细分,textbook_v2024_vocabulary_8_1.md
NV0528,529,8A,Unit 3,expect,expect,/ɪkˈspekt/,v.,预料；期待,p.28,单词,否,是,405,A核心,保留在主词表,普通词,与浙江中考考频表词头直接匹配,"",textbook_v2024_vocabulary_8_1.md
NV0529,530,8A,Unit 3,silver,silver,/ˈsɪlvə(r)/,adj. n.,adj. 银色的 n. 银,p.29,单词,否,是,2455,A核心,保留在主词表,普通词,与浙江中考考频表词头直接匹配,"",textbook_v2024_vocabulary_8_1.md
NV0530,531,8A,Unit 3,lining,lining,/ˈlaɪnɪŋ/,n.,内衬,p.29,单词,否,否,,B认读,保留在认读区,普通词,教材词汇，但未与浙江中考考频表词头直接匹配,需在样章阶段复核是否升级为核心,textbook_v2024_vocabulary_8_1.md
NV0531,532,8A,Unit 3,silver lining,silver lining,,,一线光明,p.29,多词表达,否,否,,A核心,保留在主词表,短语或固定表达,教材明确列出的短语或句型，应独立掌握,后续需结合短语考查价值再细分,textbook_v2024_vocabulary_8_1.md
NV0532,533,8A,Unit 3,situation,situation,/ˌsɪtʃuˈeɪʃn/,n.,情况；状况,p.29,单词,否,是,548,A核心,保留在主词表,普通词,与浙江中考考频表词头直接匹配,"",textbook_v2024_vocabulary_8_1.md
NV0533,534,8A,Unit 3,care about,care about,,,关心；担心,p.29,多词表达,否,否,,A核心,保留在主词表,短语或固定表达,教材明确列出的短语或句型，应独立掌握,后续需结合短语考查价值再细分,textbook_v2024_vocabulary_8_1.md
NV0534,535,8A,Unit 3,reach,reach,/riːtʃ/,v.,伸手；到达,p.29,单词,否,否,,B认读,保留在认读区,普通词,教材词汇，但未与浙江中考考频表词头直接匹配,需在样章阶段复核是否升级为核心,textbook_v2024_vocabulary_8_1.md
NV0535,536,8A,Unit 3,reach for,reach for,,,伸手触碰,p.29,多词表达,否,否,,A核心,保留在主词表,短语或固定表达,教材明确列出的短语或句型，应独立掌握,后续需结合短语考查价值再细分,textbook_v2024_vocabulary_8_1.md
NV0536,537,8A,Unit 3,touch,touch,/tʌtʃ/,v.,触动；触碰,p.29,单词,否,否,,B认读,保留在认读区,普通词,教材词汇，但未与浙江中考考频表词头直接匹配,需在样章阶段复核是否升级为核心,textbook_v2024_vocabulary_8_1.md
NV0537,538,8A,Unit 3,lend (sb) a hand,lend (sb) a hand,,,帮助（某人）,p.29,多词表达,否,否,,A核心,保留在主词表,短语或固定表达,教材明确列出的短语或句型，应独立掌握,后续需结合短语考查价值再细分,textbook_v2024_vocabulary_8_1.md
NV0538,539,8A,Unit 3,Julie,julie,/'dʒu:li/,,朱莉,p.25,单词,是,否,,C剔除,从学生主词表剔除,人名,人物名、姓氏或虚构人物名,"",textbook_v2024_vocabulary_8_1.md
NV0539,540,8A,Unit 3,Vancouver,vancouver,/væn'ku:və(r)/,,温哥华（加拿大城市）,p.25,单词,是,否,,C剔除,从学生主词表剔除,具体地名,城市、景点、地理实体或历史地点专名,"",textbook_v2024_vocabulary_8_1.md
NV0540,541,8A,Unit 3,Matt,matt,/mæt/,,马特,p.26,单词,是,否,,C剔除,从学生主词表剔除,人名,人物名、姓氏或虚构人物名,"",textbook_v2024_vocabulary_8_1.md
NV0541,542,8A,Unit 3,Stephen,stephen,/'sti:vn/,,斯蒂芬,p.26,单词,是,否,,C剔除,从学生主词表剔除,人名,人物名、姓氏或虚构人物名,"",textbook_v2024_vocabulary_8_1.md
NV0542,543,8A,Unit 3,Diana,diana,/daɪ'ænə/,,戴安娜,p.27,单词,是,否,,C剔除,从学生主词表剔除,人名,人物名、姓氏或虚构人物名,"",textbook_v2024_vocabulary_8_1.md
NV0543,544,8A,Unit 3,Edward,edward,/'edwəd/,,爱德华,p.28,单词,是,否,,C剔除,从学生主词表剔除,人名,人物名、姓氏或虚构人物名,"",textbook_v2024_vocabulary_8_1.md
NV0544,545,8A,Unit 3,Mark Twain,mark twain,/mɑ:k tweɪn/,,马克·吐温,p.28,多词表达,是,否,,C剔除,从学生主词表剔除,人名,人物名、姓氏或虚构人物名,"",textbook_v2024_vocabulary_8_1.md
NV0545,546,8A,Unit 3,Rose,rose,/rəʊz/,,罗丝,p.28,单词,是,否,,C剔除,从学生主词表剔除,人名,人物名、姓氏或虚构人物名,"",textbook_v2024_vocabulary_8_1.md
NV0546,547,8A,Unit 4,moss,moss,/mɒs/,n.,苔藓,p.32,单词,否,否,,B认读,保留在认读区,普通词,教材词汇，但未与浙江中考考频表词头直接匹配,需在样章阶段复核是否升级为核心,textbook_v2024_vocabulary_8_1.md
NV0547,548,8A,Unit 4,redwood,redwood,/'redwʊd/,n.,红杉；红木,p.32,单词,否,否,,B认读,保留在认读区,普通词,教材词汇，但未与浙江中考考频表词头直接匹配,需在样章阶段复核是否升级为核心,textbook_v2024_vocabulary_8_1.md
NV0548,549,8A,Unit 4,cheetah,cheetah,/'tʃi:tə/,n.,猎豹,p.32,单词,否,是,19661,A核心,保留在主词表,普通词,与浙江中考考频表词头直接匹配,"",textbook_v2024_vocabulary_8_1.md
NV0549,550,8A,Unit 4,folding,folding,/'fəʊldɪŋ/,adj. n.,adj. 可折叠的 n. 折叠；可折叠的,p.33,单词,否,否,,B认读,保留在认读区,普通词,教材词汇，但未与浙江中考考频表词头直接匹配,需在样章阶段复核是否升级为核心,textbook_v2024_vocabulary_8_1.md
NV0550,551,8A,Unit 4,folding fan,folding fan,,,折扇,p.33,多词表达,否,否,,A核心,保留在主词表,短语或固定表达,教材明确列出的短语或句型，应独立掌握,后续需结合短语考查价值再细分,textbook_v2024_vocabulary_8_1.md
NV0551,552,8A,Unit 4,bamboo,bamboo,"/,bæm'bu:/",n.,竹；竹子,p.33,单词,否,是,8400,A核心,保留在主词表,普通词,与浙江中考考频表词头直接匹配,"",textbook_v2024_vocabulary_8_1.md
NV0552,553,8A,Unit 4,yeah,yeah,/jeə/,interj.,是的；对,p.33,单词,否,否,,B认读,保留在认读区,普通词,教材词汇，但未与浙江中考考频表词头直接匹配,需在样章阶段复核是否升级为核心,textbook_v2024_vocabulary_8_1.md
NV0553,554,8A,Unit 4,popular,popular,/'pɒpjələ(r)/,adj.,广受欢迎的；流行的,p.33,单词,否,是,925,A核心,保留在主词表,普通词,与浙江中考考频表词头直接匹配,"",textbook_v2024_vocabulary_8_1.md
NV0554,555,8A,Unit 4,goodness,goodness,/'gʊdnəs/,n.,美德；营养,p.33,单词,否,否,,B认读,保留在认读区,普通词,教材词汇，但未与浙江中考考频表词头直接匹配,需在样章阶段复核是否升级为核心,textbook_v2024_vocabulary_8_1.md
NV0555,556,8A,Unit 4,tool,tool,/tu:l/,n.,工具；手段,p.33,单词,否,是,1295,A核心,保留在主词表,普通词,与浙江中考考频表词头直接匹配,"",textbook_v2024_vocabulary_8_1.md
NV0556,557,8A,Unit 4,actually,actually,/'æktʃuəli/,adv.,实际上；居然,p.33,单词,否,是,396,A核心,保留在主词表,普通词,与浙江中考考频表词头直接匹配,"",textbook_v2024_vocabulary_8_1.md
NV0557,558,8A,Unit 4,shoot,shoot,/ʃu:t/,n. v.,n. 幼苗；嫩芽 v. (shot /ʃɒt/) 开（枪）；射击,p.33,单词,否,是,732,A核心,保留在主词表,普通词,与浙江中考考频表词头直接匹配,"",textbook_v2024_vocabulary_8_1.md
NV0558,559,8A,Unit 4,appear,appear,/ə'pɪə(r)/,v.,出现；看来好像,p.34,单词,否,是,395,A核心,保留在主词表,普通词,与浙江中考考频表词头直接匹配,"",textbook_v2024_vocabulary_8_1.md
NV0559,560,8A,Unit 4,feel free (to do sth),feel free (to do sth),,,可以随便做某事,p.34,多词表达,否,否,,A核心,保留在主词表,短语或固定表达,教材明确列出的短语或句型，应独立掌握,后续需结合短语考查价值再细分,textbook_v2024_vocabulary_8_1.md
NV0560,561,8A,Unit 4,land,land,/lænd/,n. v.,n. 陆地；土地 v. 降落；着陆,p.34,单词,否,否,,B认读,保留在认读区,普通词,教材词汇，但未与浙江中考考频表词头直接匹配,需在样章阶段复核是否升级为核心,textbook_v2024_vocabulary_8_1.md
NV0561,562,8A,Unit 4,African,african,/'æfrɪkən/,adj. n.,adj. 非洲的；非洲人的 n. 非洲人,p.35,单词,是,是,,A核心,保留在主词表,普通词,具有明确词性，并与浙江中考考频表词头匹配,"",textbook_v2024_vocabulary_8_1.md
NV0562,563,8A,Unit 4,rose,rose,/rəʊz/,n.,玫瑰；蔷薇,p.35,单词,否,否,,B认读,保留在认读区,普通词,教材词汇，但未与浙江中考考频表词头直接匹配,需在样章阶段复核是否升级为核心,textbook_v2024_vocabulary_8_1.md
NV0563,564,8A,Unit 4,peony,peony,/'pi:əni/,n.,牡丹；芍药,p.35,单词,否,否,,B认读,保留在认读区,普通词,教材词汇，但未与浙江中考考频表词头直接匹配,需在样章阶段复核是否升级为核心,textbook_v2024_vocabulary_8_1.md
NV0564,565,8A,Unit 4,lotus,lotus,/'ləʊtəs/,n.,莲花,p.35,单词,否,否,,B认读,保留在认读区,普通词,教材词汇，但未与浙江中考考频表词头直接匹配,需在样章阶段复核是否升级为核心,textbook_v2024_vocabulary_8_1.md
NV0565,566,8A,Unit 4,butterfly,butterfly,/'bʌtəflaɪ/,n.,蝴蝶,p.35,单词,否,是,4971,A核心,保留在主词表,普通词,与浙江中考考频表词头直接匹配,"",textbook_v2024_vocabulary_8_1.md
NV0566,567,8A,Unit 4,wing,wing,/wɪŋ/,n.,翅膀；翼,p.35,单词,否,是,1899,A核心,保留在主词表,普通词,与浙江中考考频表词头直接匹配,"",textbook_v2024_vocabulary_8_1.md
NV0567,568,8A,Unit 4,frog,frog,/frɒg/,n.,蛙；青蛙,p.35,单词,否,否,,B认读,保留在认读区,普通词,教材词汇，但未与浙江中考考频表词头直接匹配,需在样章阶段复核是否升级为核心,textbook_v2024_vocabulary_8_1.md
NV0568,569,8A,Unit 4,up to,up to,,,接近；直到,p.35,多词表达,否,否,,A核心,保留在主词表,短语或固定表达,教材明确列出的短语或句型，应独立掌握,后续需结合短语考查价值再细分,textbook_v2024_vocabulary_8_1.md
NV0569,570,8A,Unit 4,weigh,weigh,/weɪ/,v.,有……重；称重量,p.35,单词,否,是,2520,A核心,保留在主词表,普通词,与浙江中考考频表词头直接匹配,"",textbook_v2024_vocabulary_8_1.md
NV0570,571,8A,Unit 4,kg (= kilogram),kg (= kilogram),/'kɪləgræm/,,千克；公斤,p.35,多词表达,否,否,,A核心,保留在主词表,短语或固定表达,教材明确列出的短语或句型，应独立掌握,后续需结合短语考查价值再细分,textbook_v2024_vocabulary_8_1.md
NV0571,572,8A,Unit 4,ginkgo,ginkgo,/'gɪŋkəʊ/,n.,银杏,p.35,单词,否,否,,B认读,保留在认读区,普通词,教材词汇，但未与浙江中考考频表词头直接匹配,需在样章阶段复核是否升级为核心,textbook_v2024_vocabulary_8_1.md
NV0572,573,8A,Unit 4,believe,believe,/bɪ'li:v/,v.,相信；认为有可能,p.35,单词,否,是,212,A核心,保留在主词表,普通词,与浙江中考考频表词头直接匹配,"",textbook_v2024_vocabulary_8_1.md
NV0573,574,8A,Unit 4,province,province,/'prɒvɪns/,n.,省份,p.35,单词,否,是,3249,A核心,保留在主词表,普通词,与浙江中考考频表词头直接匹配,"",textbook_v2024_vocabulary_8_1.md
NV0574,575,8A,Unit 4,take a walk,take a walk,,,散步,p.35,多词表达,否,否,,A核心,保留在主词表,短语或固定表达,教材明确列出的短语或句型，应独立掌握,后续需结合短语考查价值再细分,textbook_v2024_vocabulary_8_1.md
NV0575,576,8A,Unit 4,connect,connect,/kə'nekt/,v.,关联；连接,p.36,单词,否,是,1641,A核心,保留在主词表,普通词,与浙江中考考频表词头直接匹配,"",textbook_v2024_vocabulary_8_1.md
NV0576,577,8A,Unit 4,connected,connected,/kə'nektɪd/,adj.,连接的；相关的,p.36,单词,否,否,,B认读,保留在认读区,普通词,教材词汇，但未与浙江中考考频表词头直接匹配,需在样章阶段复核是否升级为核心,textbook_v2024_vocabulary_8_1.md
NV0577,578,8A,Unit 4,be connected with / to,be connected with / to,,,与……有联系；与……相连,p.36,多词表达,否,否,,A核心,保留在主词表,短语或固定表达,教材明确列出的短语或句型，应独立掌握,后续需结合短语考查价值再细分,textbook_v2024_vocabulary_8_1.md
NV0578,579,8A,Unit 4,without,without,/wɪ'ðaʊt/,prep.,没有；缺乏,p.36,单词,否,是,218,A核心,保留在主词表,普通词,与浙江中考考频表词头直接匹配,"",textbook_v2024_vocabulary_8_1.md
NV0579,580,8A,Unit 4,imagine,imagine,/ɪ'mædʒɪn/,v.,想象；猜想,p.36,单词,否,是,910,A核心,保留在主词表,普通词,与浙江中考考频表词头直接匹配,"",textbook_v2024_vocabulary_8_1.md
NV0580,581,8A,Unit 4,honey,honey,/'hʌni/,n.,蜂蜜；（爱称）亲爱的,p.36,单词,否,是,2949,A核心,保留在主词表,普通词,与浙江中考考频表词头直接匹配,"",textbook_v2024_vocabulary_8_1.md
NV0581,582,8A,Unit 4,disappointed,disappointed,"/,dɪsə'pɔɪntɪd/",adj.,失望的；沮丧的,p.36,单词,否,是,4018,A核心,保留在主词表,普通词,与浙江中考考频表词头直接匹配,"",textbook_v2024_vocabulary_8_1.md
NV0582,583,8A,Unit 4,connection,connection,/kə'nekʃn/,n.,联系；连接,p.36,单词,否,是,1425,A核心,保留在主词表,普通词,与浙江中考考频表词头直接匹配,"",textbook_v2024_vocabulary_8_1.md
NV0583,584,8A,Unit 4,pollination,pollination,"/,pɒlə'neɪʃn/",n.,授粉,p.36,单词,否,否,,B认读,保留在认读区,普通词,教材词汇，但未与浙江中考考频表词头直接匹配,需在样章阶段复核是否升级为核心,textbook_v2024_vocabulary_8_1.md
NV0584,585,8A,Unit 4,pollen,pollen,/'pɒlən/,n.,花粉,p.36,单词,否,否,,B认读,保留在认读区,普通词,教材词汇，但未与浙江中考考频表词头直接匹配,需在样章阶段复核是否升级为核心,textbook_v2024_vocabulary_8_1.md
NV0585,586,8A,Unit 4,action,action,/'ækʃn/,n.,行动；行为,p.36,单词,否,否,,B认读,保留在认读区,普通词,教材词汇，但未与浙江中考考频表词头直接匹配,需在样章阶段复核是否升级为核心,textbook_v2024_vocabulary_8_1.md
NV0586,587,8A,Unit 4,in fact,in fact,,,确切地说；实际上,p.36,多词表达,否,否,,A核心,保留在主词表,短语或固定表达,教材明确列出的短语或句型，应独立掌握,后续需结合短语考查价值再细分,textbook_v2024_vocabulary_8_1.md
NV0587,588,8A,Unit 4,per cent / percent,per cent / percent,/pə 'sent/,n. adj. & adv.,n. 百分之…… adj. & adv. 每一百中,p.36,多词表达,否,否,,A核心,保留在主词表,短语或固定表达,教材明确列出的短语或句型，应独立掌握,后续需结合短语考查价值再细分,textbook_v2024_vocabulary_8_1.md
NV0588,589,8A,Unit 4,for this reason,for this reason,,,出于这个原因,p.36,多词表达,否,否,,A核心,保留在主词表,短语或固定表达,教材明确列出的短语或句型，应独立掌握,后续需结合短语考查价值再细分,textbook_v2024_vocabulary_8_1.md
NV0589,590,8A,Unit 4,planet,planet,/'plænɪt/,n.,行星,p.36,单词,否,是,1597,A核心,保留在主词表,普通词,与浙江中考考频表词头直接匹配,"",textbook_v2024_vocabulary_8_1.md
NV0590,591,8A,Unit 4,in order to,in order to,,,为了；以便,p.36,多词表达,否,否,,A核心,保留在主词表,短语或固定表达,教材明确列出的短语或句型，应独立掌握,后续需结合短语考查价值再细分,textbook_v2024_vocabulary_8_1.md
NV0591,592,8A,Unit 4,store,store,/stɔ:(r)/,v. n.,v. 贮存；存储 n. 百货商店；商店,p.36,单词,否,是,700,A核心,保留在主词表,普通词,与浙江中考考频表词头直接匹配,"",textbook_v2024_vocabulary_8_1.md
NV0592,593,8A,Unit 4,honeycomb,honeycomb,/'hʌnikəʊm/,n.,蜂巢,p.36,单词,否,否,,B认读,保留在认读区,普通词,教材词汇，但未与浙江中考考频表词头直接匹配,需在样章阶段复核是否升级为核心,textbook_v2024_vocabulary_8_1.md
NV0593,594,8A,Unit 4,communicate,communicate,/kə'mju:nɪkeɪt/,v.,交流；沟通,p.36,单词,否,是,2688,A核心,保留在主词表,普通词,与浙江中考考频表词头直接匹配,"",textbook_v2024_vocabulary_8_1.md
NV0594,595,8A,Unit 4,play a part (in sth),play a part (in sth),,,参与某事,p.36,多词表达,否,否,,A核心,保留在主词表,短语或固定表达,教材明确列出的短语或句型，应独立掌握,后续需结合短语考查价值再细分,textbook_v2024_vocabulary_8_1.md
NV0595,596,8A,Unit 4,ecosystem,ecosystem,/'i:kəʊsɪstəm/,n.,生态系统,p.36,单词,否,是,4569,A核心,保留在主词表,普通词,与浙江中考考频表词头直接匹配,"",textbook_v2024_vocabulary_8_1.md
NV0596,597,8A,Unit 4,protect,protect,/prə'tekt/,v.,保护；防护,p.37,单词,否,是,749,A核心,保留在主词表,普通词,与浙江中考考频表词头直接匹配,"",textbook_v2024_vocabulary_8_1.md
NV0597,598,8A,Unit 4,importance,importance,/ɪm'pɔ:tns/,n.,重要性,p.37,单词,否,是,1578,A核心,保留在主词表,普通词,与浙江中考考频表词头直接匹配,"",textbook_v2024_vocabulary_8_1.md
NV0598,599,8A,Unit 4,title,title,/'taɪtl/,n.,标题；题目；名称,p.37,单词,否,是,1327,A核心,保留在主词表,普通词,与浙江中考考频表词头直接匹配,"",textbook_v2024_vocabulary_8_1.md
NV0599,600,8A,Unit 4,human,human,/'hju:mən/,n. adj.,n. 人 adj. 人的；人类的,p.37,单词,否,是,399,A核心,保留在主词表,普通词,与浙江中考考频表词头直接匹配,"",textbook_v2024_vocabulary_8_1.md
NV0600,601,8A,Unit 4,ant,ant,/ænt/,n.,蚂蚁,p.37,单词,否,是,5884,A核心,保留在主词表,普通词,与浙江中考考频表词头直接匹配,"",textbook_v2024_vocabulary_8_1.md
NV0601,602,8A,Unit 4,be home to sb / sth,be home to sb / sth,,,是……的家乡,p.37,多词表达,否,否,,A核心,保留在主词表,短语或固定表达,教材明确列出的短语或句型，应独立掌握,后续需结合短语考查价值再细分,textbook_v2024_vocabulary_8_1.md
NV0602,603,8A,Unit 4,happiness,happiness,/'hæpinəs/,n.,幸福；快乐,p.38,单词,否,是,3900,A核心,保留在主词表,普通词,与浙江中考考频表词头直接匹配,"",textbook_v2024_vocabulary_8_1.md
NV0603,604,8A,Unit 4,disappoint,disappoint,"/,dɪsə'pɔɪnt/",v.,使失望；使破灭,p.38,单词,否,是,8356,A核心,保留在主词表,普通词,与浙江中考考频表词头直接匹配,"",textbook_v2024_vocabulary_8_1.md
NV0604,605,8A,Unit 4,mushroom,mushroom,/'mʌʃrʊm/,n.,蘑菇；伞菌,p.38,单词,否,是,4292,A核心,保留在主词表,普通词,与浙江中考考频表词头直接匹配,"",textbook_v2024_vocabulary_8_1.md
NV0605,606,8A,Unit 4,ton,ton,/tʌn/,n.,吨,p.38,单词,否,否,,B认读,保留在认读区,普通词,教材词汇，但未与浙江中考考频表词头直接匹配,需在样章阶段复核是否升级为核心,textbook_v2024_vocabulary_8_1.md
NV0606,607,8A,Unit 4,role,role,/rəʊl/,n.,作用；职能；角色,p.38,单词,否,是,451,A核心,保留在主词表,普通词,与浙江中考考频表词头直接匹配,"",textbook_v2024_vocabulary_8_1.md
NV0607,608,8A,Unit 4,play a role (in),play a role (in),,,在……中发挥作用；扮演角色,p.38,多词表达,否,否,,A核心,保留在主词表,短语或固定表达,教材明确列出的短语或句型，应独立掌握,后续需结合短语考查价值再细分,textbook_v2024_vocabulary_8_1.md
NV0608,609,8A,Unit 4,pea,pea,/pi:/,n.,豌豆,p.38,单词,否,是,5284,A核心,保留在主词表,普通词,与浙江中考考频表词头直接匹配,"",textbook_v2024_vocabulary_8_1.md
NV0609,610,8A,Unit 4,climate,climate,/'klaɪmət/,n.,气候,p.38,单词,否,是,2115,A核心,保留在主词表,普通词,与浙江中考考频表词头直接匹配,"",textbook_v2024_vocabulary_8_1.md
NV0610,611,8A,Unit 4,ocean,ocean,/'əʊʃn/,n.,大海；海洋,p.39,单词,否,是,1852,A核心,保留在主词表,普通词,与浙江中考考频表词头直接匹配,"",textbook_v2024_vocabulary_8_1.md
NV0611,612,8A,Unit 4,except,except,/ɪk'sept/,prep.,除……之外；除了,p.39,单词,否,是,1846,A核心,保留在主词表,普通词,与浙江中考考频表词头直接匹配,"",textbook_v2024_vocabulary_8_1.md
NV0612,613,8A,Unit 4,tiny,tiny,/'taɪni/,adj.,极小的；微小的,p.39,单词,否,是,1317,A核心,保留在主词表,普通词,与浙江中考考频表词头直接匹配,"",textbook_v2024_vocabulary_8_1.md
NV0613,614,8A,Unit 4,lively,lively,/'laɪvli/,adj.,精力充沛的；生机勃勃的,p.39,单词,否,是,5847,A核心,保留在主词表,普通词,与浙江中考考频表词头直接匹配,"",textbook_v2024_vocabulary_8_1.md
NV0614,615,8A,Unit 4,The Arctic Ocean,the arctic ocean,/ði ɑ:ktɪk 'əʊʃn/,,北冰洋,p.39,多词表达,是,否,,C剔除,从学生主词表剔除,具体地名,城市、景点、地理实体或历史地点专名,"",textbook_v2024_vocabulary_8_1.md
NV0615,616,8A,Unit 4,Billy,billy,/'bɪli/,,比利,p.39,单词,是,否,,C剔除,从学生主词表剔除,人名,人物名、姓氏或虚构人物名,"",textbook_v2024_vocabulary_8_1.md
NV0616,617,8A,Unit 5,pepper,pepper,/'pepə(r)/,n.,胡椒粉；菜椒,p.42,单词,否,是,1933,A核心,保留在主词表,普通词,与浙江中考考频表词头直接匹配,"",textbook_v2024_vocabulary_8_1.md
NV0617,618,8A,Unit 5,cut up,cut up,,,切碎；剁碎,p.42,多词表达,否,否,,A核心,保留在主词表,短语或固定表达,教材明确列出的短语或句型，应独立掌握,后续需结合短语考查价值再细分,textbook_v2024_vocabulary_8_1.md
NV0618,619,8A,Unit 5,mix,mix,/mɪks/,v. n.,v. （使）混合；融合 n. 混合；混合物,p.42,单词,否,是,1769,A核心,保留在主词表,普通词,与浙江中考考频表词头直接匹配,"",textbook_v2024_vocabulary_8_1.md
NV0619,620,8A,Unit 5,bake,bake,/beɪk/,v.,烘烤,p.42,单词,否,是,2827,A核心,保留在主词表,普通词,与浙江中考考频表词头直接匹配,"",textbook_v2024_vocabulary_8_1.md
NV0620,621,8A,Unit 5,oven,oven,/'ʌvn/,n.,烤箱；烤炉,p.42,单词,否,是,2937,A核心,保留在主词表,普通词,与浙江中考考频表词头直接匹配,"",textbook_v2024_vocabulary_8_1.md
NV0621,622,8A,Unit 5,pour sth into sth,pour sth into sth,,,将……倒入……,p.42,多词表达,否,否,,A核心,保留在主词表,短语或固定表达,教材明确列出的短语或句型，应独立掌握,后续需结合短语考查价值再细分,textbook_v2024_vocabulary_8_1.md
NV0622,623,8A,Unit 5,flour,flour,/'flaʊə(r)/,n.,面粉,p.42,单词,否,否,,B认读,保留在认读区,普通词,教材词汇，但未与浙江中考考频表词头直接匹配,需在样章阶段复核是否升级为核心,textbook_v2024_vocabulary_8_1.md
NV0623,624,8A,Unit 5,boil,boil,/bɔɪl/,v. n.,v. 沸腾；烧开 n. 沸腾；沸点,p.42,单词,否,是,4295,A核心,保留在主词表,普通词,与浙江中考考频表词头直接匹配,"",textbook_v2024_vocabulary_8_1.md
NV0624,625,8A,Unit 5,butter,butter,/'bʌtə(r)/,n.,黄油,p.42,单词,否,是,2418,A核心,保留在主词表,普通词,与浙江中考考频表词头直接匹配,"",textbook_v2024_vocabulary_8_1.md
NV0625,626,8A,Unit 5,cheese,cheese,/tʃi:z/,n.,奶酪；干酪,p.42,单词,否,是,2116,A核心,保留在主词表,普通词,与浙江中考考频表词头直接匹配,"",textbook_v2024_vocabulary_8_1.md
NV0626,627,8A,Unit 5,cut sth in / into sth,cut sth in / into sth,,,将……切成……,p.42,多词表达,否,否,,A核心,保留在主词表,短语或固定表达,教材明确列出的短语或句型，应独立掌握,后续需结合短语考查价值再细分,textbook_v2024_vocabulary_8_1.md
NV0627,628,8A,Unit 5,tablespoon,tablespoon,/'teɪblspu:n/,n.,一汤匙（的量）；餐匙；汤匙,p.42,单词,否,否,,B认读,保留在认读区,普通词,教材词汇，但未与浙江中考考频表词头直接匹配,需在样章阶段复核是否升级为核心,textbook_v2024_vocabulary_8_1.md
NV0628,629,8A,Unit 5,mash,mash,/mæʃ/,v.,捣烂；捣碎,p.42,单词,否,否,,B认读,保留在认读区,普通词,教材词汇，但未与浙江中考考频表词头直接匹配,需在样章阶段复核是否升级为核心,textbook_v2024_vocabulary_8_1.md
NV0629,630,8A,Unit 5,mashed /mæʃt/ potatoes,mashed /mæʃt/ potatoes,,,土豆泥,p.42,多词表达,否,否,,A核心,保留在主词表,短语或固定表达,教材明确列出的短语或句型，应独立掌握,后续需结合短语考查价值再细分,textbook_v2024_vocabulary_8_1.md
NV0630,631,8A,Unit 5,stir-fry,stir-fry,/stɜ:fraɪ/,v.,翻炒；炒,p.43,单词,否,否,,B认读,保留在认读区,普通词,教材词汇，但未与浙江中考考频表词头直接匹配,需在样章阶段复核是否升级为核心,textbook_v2024_vocabulary_8_1.md
NV0631,632,8A,Unit 5,do with,do with,,,处理,p.43,多词表达,否,否,,A核心,保留在主词表,短语或固定表达,教材明确列出的短语或句型，应独立掌握,后续需结合短语考查价值再细分,textbook_v2024_vocabulary_8_1.md
NV0632,633,8A,Unit 5,bowl,bowl,/bəʊl/,n.,碗；钵；盆,p.43,单词,否,是,1839,A核心,保留在主词表,普通词,与浙江中考考频表词头直接匹配,"",textbook_v2024_vocabulary_8_1.md
NV0633,634,8A,Unit 5,heat,heat,/hi:t/,v. n.,v. 加热；变热 n. 热；温度；炎热天气,p.43,单词,否,是,1010,A核心,保留在主词表,普通词,与浙江中考考频表词头直接匹配,"",textbook_v2024_vocabulary_8_1.md
NV0634,635,8A,Unit 5,oil,oil,/ɔɪl/,n. v.,n. 食用油；石油；燃油 v. 给……加油,p.43,单词,否,否,,B认读,保留在认读区,普通词,教材词汇，但未与浙江中考考频表词头直接匹配,需在样章阶段复核是否升级为核心,textbook_v2024_vocabulary_8_1.md
NV0635,636,8A,Unit 5,pan,pan,/pæn/,n.,平底锅；烤盘,p.43,单词,否,否,,B认读,保留在认读区,普通词,教材词汇，但未与浙江中考考频表词头直接匹配,需在样章阶段复核是否升级为核心,textbook_v2024_vocabulary_8_1.md
NV0636,637,8A,Unit 5,put sth back,put sth back,,,将……放回,p.43,多词表达,否,否,,A核心,保留在主词表,短语或固定表达,教材明确列出的短语或句型，应独立掌握,后续需结合短语考查价值再细分,textbook_v2024_vocabulary_8_1.md
NV0637,638,8A,Unit 5,mix ... with ...,mix ... with ...,,,（使）……和……混合,p.43,多词表达,否,否,,A核心,保留在主词表,短语或固定表达,教材明确列出的短语或句型，应独立掌握,后续需结合短语考查价值再细分,textbook_v2024_vocabulary_8_1.md
NV0638,639,8A,Unit 5,simple,simple,/'sɪmpl/,adj.,简单的；朴素的,p.43,单词,否,是,763,A核心,保留在主词表,普通词,与浙江中考考频表词头直接匹配,"",textbook_v2024_vocabulary_8_1.md
NV0639,640,8A,Unit 5,ingredient,ingredient,/ɪn'gri:diənt/,n.,食材；成分,p.44,单词,否,是,2606,A核心,保留在主词表,普通词,与浙江中考考频表词头直接匹配,"",textbook_v2024_vocabulary_8_1.md
NV0640,641,8A,Unit 5,instruction,instruction,/ɪn'strʌkʃn/,n. (pl.),用法说明；操作指南,p.44,单词,否,是,1568,A核心,保留在主词表,普通词,与浙江中考考频表词头直接匹配,"",textbook_v2024_vocabulary_8_1.md
NV0641,642,8A,Unit 5,steamed fish,steamed fish,,,清蒸鱼,p.44,多词表达,否,否,,A核心,保留在主词表,短语或固定表达,教材明确列出的短语或句型，应独立掌握,后续需结合短语考查价值再细分,textbook_v2024_vocabulary_8_1.md
NV0642,643,8A,Unit 5,sour,sour,/'saʊə(r)/,adj.,酸的；有酸味的,p.44,单词,否,是,5339,A核心,保留在主词表,普通词,与浙江中考考频表词头直接匹配,"",textbook_v2024_vocabulary_8_1.md
NV0643,644,8A,Unit 5,hot and sour soup,hot and sour soup,,,酸辣汤,p.44,多词表达,否,否,,A核心,保留在主词表,短语或固定表达,教材明确列出的短语或句型，应独立掌握,后续需结合短语考查价值再细分,textbook_v2024_vocabulary_8_1.md
NV0644,645,8A,Unit 5,mess,mess,/mes/,n.,脏乱；凌乱,p.45,单词,否,是,3404,A核心,保留在主词表,普通词,与浙江中考考频表词头直接匹配,"",textbook_v2024_vocabulary_8_1.md
NV0645,646,8A,Unit 5,pretty,pretty,/'prɪti/,adj. adv.,adj. 漂亮的；美丽的 adv. 相当；十分；非常,p.45,单词,否,是,797,A核心,保留在主词表,普通词,与浙江中考考频表词头直接匹配,"",textbook_v2024_vocabulary_8_1.md
NV0646,647,8A,Unit 5,Christmas,christmas,/'krɪsməs/,n.,圣诞节,p.45,单词,是,是,,A核心,保留在主词表,普通词,具有明确词性，并与浙江中考考频表词头匹配,"",textbook_v2024_vocabulary_8_1.md
NV0647,648,8A,Unit 5,pancake,pancake,/'pænkeɪk/,n.,烙饼；薄饼,p.45,单词,否,是,7451,A核心,保留在主词表,普通词,与浙江中考考频表词头直接匹配,"",textbook_v2024_vocabulary_8_1.md
NV0648,649,8A,Unit 5,dream,dream,/dri:m/,n. v.,n. 梦想；梦 v. (dreamt /dremt/ or dreamed) 做梦；梦见；梦想,p.45,单词,否,否,,B认读,保留在认读区,普通词,教材词汇，但未与浙江中考考频表词头直接匹配,需在样章阶段复核是否升级为核心,textbook_v2024_vocabulary_8_1.md
NV0649,650,8A,Unit 5,university,university,"/,ju:nɪ'vɜ:səti/",n.,（综合性）大学；高等学府,p.45,单词,否,是,1227,A核心,保留在主词表,普通词,与浙江中考考频表词头直接匹配,"",textbook_v2024_vocabulary_8_1.md
NV0650,651,8A,Unit 5,go boating,go boating,,,去划船,p.45,多词表达,否,否,,A核心,保留在主词表,短语或固定表达,教材明确列出的短语或句型，应独立掌握,后续需结合短语考查价值再细分,textbook_v2024_vocabulary_8_1.md
NV0651,652,8A,Unit 5,memory,memory,/'meməri/,n.,回忆；记忆,p.46,单词,否,是,892,A核心,保留在主词表,普通词,与浙江中考考频表词头直接匹配,"",textbook_v2024_vocabulary_8_1.md
NV0652,653,8A,Unit 5,visible,visible,/'vɪzəbl/,adj.,看得见的；可见的,p.46,单词,否,是,2318,A核心,保留在主词表,普通词,与浙江中考考频表词头直接匹配,"",textbook_v2024_vocabulary_8_1.md
NV0653,654,8A,Unit 5,along with sb/sth,along with sb/sth,,,除……以外（还）；与……同样地,p.46,多词表达,否,否,,A核心,保留在主词表,短语或固定表达,教材明确列出的短语或句型，应独立掌握,后续需结合短语考查价值再细分,textbook_v2024_vocabulary_8_1.md
NV0654,655,8A,Unit 5,pumpkin,pumpkin,/'pʌmpkɪn/,n.,南瓜,p.46,单词,否,否,,B认读,保留在认读区,普通词,教材词汇，但未与浙江中考考频表词头直接匹配,需在样章阶段复核是否升级为核心,textbook_v2024_vocabulary_8_1.md
NV0655,656,8A,Unit 5,pie,pie,/paɪ/,n.,果馅饼；肉馅饼,p.46,单词,否,是,3345,A核心,保留在主词表,普通词,与浙江中考考频表词头直接匹配,"",textbook_v2024_vocabulary_8_1.md
NV0656,657,8A,Unit 5,warm up,warm up,,,（使）活跃起来；热身；预热,p.46,多词表达,否,否,,A核心,保留在主词表,短语或固定表达,教材明确列出的短语或句型，应独立掌握,后续需结合短语考查价值再细分,textbook_v2024_vocabulary_8_1.md
NV0657,658,8A,Unit 5,cinnamon,cinnamon,/'sɪnəmən/,n.,肉桂皮；桂皮香料,p.46,单词,否,否,,B认读,保留在认读区,普通词,教材词汇，但未与浙江中考考频表词头直接匹配,需在样章阶段复核是否升级为核心,textbook_v2024_vocabulary_8_1.md
NV0658,659,8A,Unit 5,fill ... with ...,fill ... with ...,,,（使）充满；（使）填满,p.46,多词表达,否,否,,A核心,保留在主词表,短语或固定表达,教材明确列出的短语或句型，应独立掌握,后续需结合短语考查价值再细分,textbook_v2024_vocabulary_8_1.md
NV0659,660,8A,Unit 5,sweetness,sweetness,/'swi:tnəs/,n.,甜；芬芳；愉悦,p.46,单词,否,否,,B认读,保留在认读区,普通词,教材词汇，但未与浙江中考考频表词头直接匹配,需在样章阶段复核是否升级为核心,textbook_v2024_vocabulary_8_1.md
NV0660,661,8A,Unit 5,college,college,/'kɒlɪdʒ/,n.,学院；大学,p.46,单词,否,是,415,A核心,保留在主词表,普通词,与浙江中考考频表词头直接匹配,"",textbook_v2024_vocabulary_8_1.md
NV0661,662,8A,Unit 5,host,host,/həʊst/,n. v.,n. 主人；东道主 v. 主办；主持（活动）,p.46,单词,否,是,1850,A核心,保留在主词表,普通词,与浙江中考考频表词头直接匹配,"",textbook_v2024_vocabulary_8_1.md
NV0662,663,8A,Unit 5,hostess,hostess,/'həʊstəs/,n.,女主人；女房东,p.46,单词,否,是,10572,A核心,保留在主词表,普通词,与浙江中考考频表词头直接匹配,"",textbook_v2024_vocabulary_8_1.md
NV0663,664,8A,Unit 5,recipe,recipe,/'resəpi/,n.,食谱；烹饪法,p.46,单词,否,是,2525,A核心,保留在主词表,普通词,与浙江中考考频表词头直接匹配,"",textbook_v2024_vocabulary_8_1.md
NV0664,665,8A,Unit 5,cream,cream,/kri:m/,n.,奶油；护肤霜,p.46,单词,否,是,2018,A核心,保留在主词表,普通词,与浙江中考考频表词头直接匹配,"",textbook_v2024_vocabulary_8_1.md
NV0665,666,8A,Unit 5,crust,crust,/krʌst/,n.,糕饼酥皮；面包皮,p.46,单词,否,否,,B认读,保留在认读区,普通词,教材词汇，但未与浙江中考考频表词头直接匹配,需在样章阶段复核是否升级为核心,textbook_v2024_vocabulary_8_1.md
NV0666,667,8A,Unit 5,mixture,mixture,/'mɪkstʃə(r)/,n.,混合物；结合体,p.46,单词,否,是,2429,A核心,保留在主词表,普通词,与浙江中考考频表词头直接匹配,"",textbook_v2024_vocabulary_8_1.md
NV0667,668,8A,Unit 5,least,least,/li:st/,adv. & pron.,最小；最少,p.46,单词,否,是,302,A核心,保留在主词表,普通词,与浙江中考考频表词头直接匹配,"",textbook_v2024_vocabulary_8_1.md
NV0668,669,8A,Unit 5,at least,at least,,,至少,p.46,多词表达,否,否,,A核心,保留在主词表,短语或固定表达,教材明确列出的短语或句型，应独立掌握,后续需结合短语考查价值再细分,textbook_v2024_vocabulary_8_1.md
NV0669,670,8A,Unit 5,secret,secret,/'si:krət/,n. adj.,n. 诀窍；秘密 adj. 秘密的；隐秘的,p.47,单词,否,是,1878,A核心,保留在主词表,普通词,与浙江中考考频表词头直接匹配,"",textbook_v2024_vocabulary_8_1.md
NV0670,671,8A,Unit 5,according to,according to,/ə'kɔ:dɪŋ tə/,,根据；依照,p.47,多词表达,否,否,,A核心,保留在主词表,短语或固定表达,教材明确列出的短语或句型，应独立掌握,后续需结合短语考查价值再细分,textbook_v2024_vocabulary_8_1.md
NV0671,672,8A,Unit 5,whenever,whenever,/wen'evə(r)/,adv. & conj.,在任何……的时候；无论何时,p.47,单词,否,是,2328,A核心,保留在主词表,普通词,与浙江中考考频表词头直接匹配,"",textbook_v2024_vocabulary_8_1.md
NV0672,673,8A,Unit 5,item,item,/'aɪtəm/,n.,项目；条,p.48,单词,否,否,,B认读,保留在认读区,普通词,教材词汇，但未与浙江中考考频表词头直接匹配,需在样章阶段复核是否升级为核心,textbook_v2024_vocabulary_8_1.md
NV0673,674,8A,Unit 5,spaghetti,spaghetti,/spə'geti/,n.,意大利细面条,p.48,单词,否,是,9386,A核心,保留在主词表,普通词,与浙江中考考频表词头直接匹配,"",textbook_v2024_vocabulary_8_1.md
NV0674,675,8A,Unit 5,spoon,spoon,/spu:n/,n.,匙,p.48,单词,否,是,4377,A核心,保留在主词表,普通词,与浙江中考考频表词头直接匹配,"",textbook_v2024_vocabulary_8_1.md
NV0675,676,8A,Unit 5,spoonful,spoonful,/'spu:nfʊl/,n.,一匙的量；勺,p.48,单词,否,是,15403,A核心,保留在主词表,普通词,与浙江中考考频表词头直接匹配,"",textbook_v2024_vocabulary_8_1.md
NV0676,677,8A,Unit 5,slice,slice,/slaɪs/,n. v.,n. 薄片；片 v. 把……切成薄片；切；割,p.48,单词,否,否,,B认读,保留在认读区,普通词,教材词汇，但未与浙江中考考频表词头直接匹配,需在样章阶段复核是否升级为核心,textbook_v2024_vocabulary_8_1.md
NV0677,678,8A,Unit 5,couple,couple,/'kʌpl/,n.,夫妻；情侣；两人,p.49,单词,否,是,531,A核心,保留在主词表,普通词,与浙江中考考频表词头直接匹配,"",textbook_v2024_vocabulary_8_1.md
NV0678,679,8A,Unit 5,island,island,/'aɪlənd/,n.,岛,p.49,单词,否,是,1517,A核心,保留在主词表,普通词,与浙江中考考频表词头直接匹配,"",textbook_v2024_vocabulary_8_1.md
NV0679,680,8A,Unit 5,wife,wife,/waɪf/,n. (pl. wives /waɪvz/),妻子,p.49,单词,否,否,,B认读,保留在认读区,普通词,教材词汇，但未与浙江中考考频表词头直接匹配,需在样章阶段复核是否升级为核心,textbook_v2024_vocabulary_8_1.md
NV0680,681,8A,Unit 5,separate,separate,/'seprət/,adj. v.,adj. 单独的；分开的 v. /'sepəreɪt/（使）分开；（使）分离,p.49,单词,否,是,1902,A核心,保留在主词表,普通词,与浙江中考考频表词头直接匹配,"",textbook_v2024_vocabulary_8_1.md
NV0681,682,8A,Unit 5,born,born,/bɔ:n/,v.,出生；出世,p.49,单词,否,是,1089,A核心,保留在主词表,普通词,与浙江中考考频表词头直接匹配,"",textbook_v2024_vocabulary_8_1.md
NV0682,683,8A,Unit 5,one by one,one by one,,,逐个地；逐一地,p.49,多词表达,否,否,,A核心,保留在主词表,短语或固定表达,教材明确列出的短语或句型，应独立掌握,后续需结合短语考查价值再细分,textbook_v2024_vocabulary_8_1.md
NV0683,684,8A,Unit 5,Thanksgiving,thanksgiving,"/,θæŋks'gɪvɪŋ/",n.,感恩节,p.46,单词,是,是,,A核心,保留在主词表,普通词,具有明确词性，并与浙江中考考频表词头匹配,"",textbook_v2024_vocabulary_8_1.md
NV0684,685,8A,Unit 5,Guoqiao Rice Noodles,guoqiao rice noodles,,,过桥米线,p.49,多词表达,是,否,,C剔除,从学生主词表剔除,低考试价值文化词,文化背景专名或外语教育制度名称，预计不要求拼写,可保留在文化附录,textbook_v2024_vocabulary_8_1.md
NV0685,686,8A,Unit 6,yourself,yourself,/jɔ:'self/,pron.,你自己,p.51,单词,否,否,,B认读,保留在认读区,普通词,教材词汇，但未与浙江中考考频表词头直接匹配,需在样章阶段复核是否升级为核心,textbook_v2024_vocabulary_8_1.md
NV0686,687,8A,Unit 6,yourselves,yourselves,/jɔ:'selvz/,pron. (pl. yourself),您自己,p.51,单词,否,否,,B认读,保留在认读区,普通词,教材词汇，但未与浙江中考考频表词头直接匹配,需在样章阶段复核是否升级为核心,textbook_v2024_vocabulary_8_1.md
NV0687,688,8A,Unit 6,engineer,engineer,"/,endʒɪ'nɪə(r)/",n.,工程师；技师,p.52,单词,否,是,2007,A核心,保留在主词表,普通词,与浙江中考考频表词头直接匹配,"",textbook_v2024_vocabulary_8_1.md
NV0688,689,8A,Unit 6,fashion,fashion,/'fæʃn/,n.,时装业；时尚,p.52,单词,否,是,1932,A核心,保留在主词表,普通词,与浙江中考考频表词头直接匹配,"",textbook_v2024_vocabulary_8_1.md
NV0689,690,8A,Unit 6,designer,designer,/dɪ'zaɪnə(r)/,n.,设计师,p.52,单词,否,是,2442,A核心,保留在主词表,普通词,与浙江中考考频表词头直接匹配,"",textbook_v2024_vocabulary_8_1.md
NV0690,691,8A,Unit 6,director,director,/də'rektə(r); daɪ'rektə(r)/,n.,导演；主任；董事,p.52,单词,否,是,510,A核心,保留在主词表,普通词,与浙江中考考频表词头直接匹配,"",textbook_v2024_vocabulary_8_1.md
NV0691,692,8A,Unit 6,musician,musician,/mju:'zɪʃn/,n.,音乐家；乐师,p.52,单词,否,是,2953,A核心,保留在主词表,普通词,与浙江中考考频表词头直接匹配,"",textbook_v2024_vocabulary_8_1.md
NV0692,693,8A,Unit 6,fireman,fireman,/'faɪəmən/,n. (pl. firemen),消防队员,p.52,单词,否,是,9261,A核心,保留在主词表,普通词,与浙江中考考频表词头直接匹配,"",textbook_v2024_vocabulary_8_1.md
NV0693,694,8A,Unit 6,AI,ai,"/,eɪ 'aɪ/ (= artificial intelligence)",n.,人工智能,p.52,单词,是,否,,B认读,保留在认读区,缩写或背景概念,有课文理解价值，但不建议作为重点默写词,"",textbook_v2024_vocabulary_8_1.md
NV0694,695,8A,Unit 6,essay,essay,/'eseɪ/,n.,小品文；文章,p.53,单词,否,否,,B认读,保留在认读区,普通词,教材词汇，但未与浙江中考考频表词头直接匹配,需在样章阶段复核是否升级为核心,textbook_v2024_vocabulary_8_1.md
NV0695,696,8A,Unit 6,classic,classic,/'klæsɪk/,n. adj.,n. 经典作品；名著 adj. 最优秀的；古典的,p.53,单词,否,是,2632,A核心,保留在主词表,普通词,与浙江中考考频表词头直接匹配,"",textbook_v2024_vocabulary_8_1.md
NV0696,697,8A,Unit 6,keep on doing sth,keep on doing sth,,,继续做；反复做,p.53,多词表达,否,否,,A核心,保留在主词表,短语或固定表达,教材明确列出的短语或句型，应独立掌握,后续需结合短语考查价值再细分,textbook_v2024_vocabulary_8_1.md
NV0697,698,8A,Unit 6,make sure,make sure,,,确保；保证,p.53,多词表达,否,否,,A核心,保留在主词表,短语或固定表达,教材明确列出的短语或句型，应独立掌握,后续需结合短语考查价值再细分,textbook_v2024_vocabulary_8_1.md
NV0698,699,8A,Unit 6,try one's best,try one's best,,,尽最大努力,p.53,多词表达,否,否,,A核心,保留在主词表,短语或固定表达,教材明确列出的短语或句型，应独立掌握,后续需结合短语考查价值再细分,textbook_v2024_vocabulary_8_1.md
NV0699,700,8A,Unit 6,literature,literature,/'lɪtrətʃə(r)/,n.,文学；文献,p.54,单词,否,是,1554,A核心,保留在主词表,普通词,与浙江中考考频表词头直接匹配,"",textbook_v2024_vocabulary_8_1.md
NV0700,701,8A,Unit 6,athlete,athlete,/'æθli:t/,n.,运动员,p.54,单词,否,是,1605,A核心,保留在主词表,普通词,与浙江中考考频表词头直接匹配,"",textbook_v2024_vocabulary_8_1.md
NV0701,702,8A,Unit 6,photographer,photographer,/fə'tɒgrəfə(r)/,n.,摄影师；拍照者,p.54,单词,否,是,3117,A核心,保留在主词表,普通词,与浙江中考考频表词头直接匹配,"",textbook_v2024_vocabulary_8_1.md
NV0702,703,8A,Unit 6,painter,painter,/'peɪntə(r)/,n.,画家；油漆匠,p.54,单词,否,是,3344,A核心,保留在主词表,普通词,与浙江中考考频表词头直接匹配,"",textbook_v2024_vocabulary_8_1.md
NV0703,704,8A,Unit 6,businessman,businessman,/'bɪznəsmən/,n.,商界人士；企业家,p.54,单词,否,是,3870,A核心,保留在主词表,普通词,与浙江中考考频表词头直接匹配,"",textbook_v2024_vocabulary_8_1.md
NV0704,705,8A,Unit 6,actress,actress,/'æktrəs/,n.,女演员,p.54,单词,否,是,3257,A核心,保留在主词表,普通词,与浙江中考考频表词头直接匹配,"",textbook_v2024_vocabulary_8_1.md
NV0705,706,8A,Unit 6,lawyer,lawyer,/'lɔ:jə(r)/,n.,律师,p.54,单词,否,是,817,A核心,保留在主词表,普通词,与浙江中考考频表词头直接匹配,"",textbook_v2024_vocabulary_8_1.md
NV0706,707,8A,Unit 6,law,law,/lɔ:/,n.,法律；法规,p.54,单词,否,否,,B认读,保留在认读区,普通词,教材词汇，但未与浙江中考考频表词头直接匹配,需在样章阶段复核是否升级为核心,textbook_v2024_vocabulary_8_1.md
NV0707,708,8A,Unit 6,bath,bath,/bɑ:θ/,n.,洗澡；浴缸,p.55,单词,否,是,3920,A核心,保留在主词表,普通词,与浙江中考考频表词头直接匹配,"",textbook_v2024_vocabulary_8_1.md
NV0708,709,8A,Unit 6,miss,miss,/mɪs/,v.,想念；错过,p.55,单词,否,否,,B认读,保留在认读区,普通词,教材词汇，但未与浙江中考考频表词头直接匹配,需在样章阶段复核是否升级为核心,textbook_v2024_vocabulary_8_1.md
NV0709,710,8A,Unit 6,be tired of,be tired of,,,对……感到厌倦,p.55,多词表达,否,否,,A核心,保留在主词表,短语或固定表达,教材明确列出的短语或句型，应独立掌握,后续需结合短语考查价值再细分,textbook_v2024_vocabulary_8_1.md
NV0710,711,8A,Unit 6,able,able,/'eɪbl/,adj.,能够；有才能的,p.56,单词,否,是,385,A核心,保留在主词表,普通词,与浙江中考考频表词头直接匹配,"",textbook_v2024_vocabulary_8_1.md
NV0711,712,8A,Unit 6,stick,stick,/stɪk/,v. n.,v. (stuck /stʌk/) 粘贴；将……刺入 n. 枝条；棍,p.56,单词,否,是,1211,A核心,保留在主词表,普通词,与浙江中考考频表词头直接匹配,"",textbook_v2024_vocabulary_8_1.md
NV0712,713,8A,Unit 6,stick to sth,stick to sth,,,坚持；维持,p.56,多词表达,否,否,,A核心,保留在主词表,短语或固定表达,教材明确列出的短语或句型，应独立掌握,后续需结合短语考查价值再细分,textbook_v2024_vocabulary_8_1.md
NV0713,714,8A,Unit 6,resolution,resolution,"/,rezə'lu:ʃn/",n.,决定；决议,p.56,单词,否,是,1978,A核心,保留在主词表,普通词,与浙江中考考频表词头直接匹配,"",textbook_v2024_vocabulary_8_1.md
NV0714,715,8A,Unit 6,have ( ... ) to do with sb / sth,have ( ... ) to do with sb / sth,,,与……有关系,p.56,多词表达,否,否,,A核心,保留在主词表,短语或固定表达,教材明确列出的短语或句型，应独立掌握,后续需结合短语考查价值再细分,textbook_v2024_vocabulary_8_1.md
NV0715,716,8A,Unit 6,mini-goal,mini-goal,"/'mɪni,gəʊl/",n.,小目标,p.56,单词,否,否,,B认读,保留在认读区,普通词,教材词汇，但未与浙江中考考频表词头直接匹配,需在样章阶段复核是否升级为核心,textbook_v2024_vocabulary_8_1.md
NV0716,717,8A,Unit 6,achieve,achieve,/ə'tʃi:v/,v.,（经过努力）达到；完成,p.56,单词,否,是,1153,A核心,保留在主词表,普通词,与浙江中考考频表词头直接匹配,"",textbook_v2024_vocabulary_8_1.md
NV0717,718,8A,Unit 6,physical,physical,/'fɪzɪkl/,adj.,身体的；物质的,p.56,单词,否,是,802,A核心,保留在主词表,普通词,与浙江中考考频表词头直接匹配,"",textbook_v2024_vocabulary_8_1.md
NV0718,719,8A,Unit 6,health,health,/helθ/,n.,健康,p.56,单词,否,是,344,A核心,保留在主词表,普通词,与浙江中考考频表词头直接匹配,"",textbook_v2024_vocabulary_8_1.md
NV0719,720,8A,Unit 6,healthily,healthily,/'helθɪli/,adv.,健康地,p.56,单词,否,是,44147,A核心,保留在主词表,普通词,与浙江中考考频表词头直接匹配,"",textbook_v2024_vocabulary_8_1.md
NV0720,721,8A,Unit 6,take up,take up,,,开始学；开始从事,p.56,多词表达,否,否,,A核心,保留在主词表,短语或固定表达,教材明确列出的短语或句型，应独立掌握,后续需结合短语考查价值再细分,textbook_v2024_vocabulary_8_1.md
NV0721,722,8A,Unit 6,photography,photography,/fə'tɒgrəfi/,n.,照相术；摄影,p.56,单词,否,是,4017,A核心,保留在主词表,普通词,与浙江中考考频表词头直接匹配,"",textbook_v2024_vocabulary_8_1.md
NV0722,723,8A,Unit 6,self-improvement,self-improvement,"/,selfɪm'pru:vmənt/",n.,自我改进；自我提高,p.56,单词,否,否,,B认读,保留在认读区,普通词,教材词汇，但未与浙江中考考频表词头直接匹配,需在样章阶段复核是否升级为核心,textbook_v2024_vocabulary_8_1.md
NV0723,724,8A,Unit 6,confident,confident,/'kɒnfɪdənt/,adj.,自信的；肯定的,p.56,单词,否,是,2883,A核心,保留在主词表,普通词,与浙江中考考频表词头直接匹配,"",textbook_v2024_vocabulary_8_1.md
NV0724,725,8A,Unit 6,organized,organized,/'ɔ:gənaɪzd/ (= organised),adj.,有条理的；有组织的,p.56,单词,否,否,,B认读,保留在认读区,普通词,教材词汇，但未与浙江中考考频表词头直接匹配,需在样章阶段复核是否升级为核心,textbook_v2024_vocabulary_8_1.md
NV0725,726,8A,Unit 6,wisely,wisely,/'waɪzli/,adv.,聪明地；明智地,p.56,单词,否,是,9300,A核心,保留在主词表,普通词,与浙江中考考频表词头直接匹配,"",textbook_v2024_vocabulary_8_1.md
NV0726,727,8A,Unit 6,possible,possible,/'pɒsəbl/,adj.,可能的；合理的,p.56,单词,否,是,459,A核心,保留在主词表,普通词,与浙江中考考频表词头直接匹配,"",textbook_v2024_vocabulary_8_1.md
NV0727,728,8A,Unit 6,paragraph,paragraph,/'pærəgrɑ:f/,n.,段落,p.57,单词,否,是,5973,A核心,保留在主词表,普通词,与浙江中考考频表词头直接匹配,"",textbook_v2024_vocabulary_8_1.md
NV0728,729,8A,Unit 6,introduce,introduce,"/,ɪntrə'dju:s/",v.,介绍；引进,p.57,单词,否,是,1228,A核心,保留在主词表,普通词,与浙江中考考频表词头直接匹配,"",textbook_v2024_vocabulary_8_1.md
NV0729,730,8A,Unit 6,meaning,meaning,/'mi:nɪŋ/,n.,意义；含义,p.57,单词,否,是,1613,A核心,保留在主词表,普通词,与浙江中考考频表词头直接匹配,"",textbook_v2024_vocabulary_8_1.md
NV0730,731,8A,Unit 6,fail,fail,/feɪl/,v.,未能（做到）；失败,p.57,单词,否,是,808,A核心,保留在主词表,普通词,与浙江中考考频表词头直接匹配,"",textbook_v2024_vocabulary_8_1.md
NV0731,732,8A,Unit 6,ahead,ahead,/ə'hed/,adv.,提前；在前面,p.57,单词,否,是,1026,A核心,保留在主词表,普通词,与浙江中考考频表词头直接匹配,"",textbook_v2024_vocabulary_8_1.md
NV0732,733,8A,Unit 6,put out,put out,,,扑灭；把……撰好,p.58,多词表达,否,否,,A核心,保留在主词表,短语或固定表达,教材明确列出的短语或句型，应独立掌握,后续需结合短语考查价值再细分,textbook_v2024_vocabulary_8_1.md
NV0733,734,8A,Unit 6,design,design,/dɪ'zaɪn/,v. n.,v. 设计；计划 n. 设计；花纹,p.58,单词,否,是,835,A核心,保留在主词表,普通词,与浙江中考考频表词头直接匹配,"",textbook_v2024_vocabulary_8_1.md
NV0734,735,8A,Unit 6,bridge,bridge,/brɪdʒ/,n.,桥,p.58,单词,否,是,1694,A核心,保留在主词表,普通词,与浙江中考考频表词头直接匹配,"",textbook_v2024_vocabulary_8_1.md
NV0735,736,8A,Unit 6,final,final,/'faɪnl/,adj. n.,adj. 最后的；最终的 n. 决赛,p.58,单词,否,是,888,A核心,保留在主词表,普通词,与浙江中考考频表词头直接匹配,"",textbook_v2024_vocabulary_8_1.md
NV0736,737,8A,Unit 6,confidence,confidence,/'kɒnfɪdəns/,n.,信心；信任,p.58,单词,否,是,1880,A核心,保留在主词表,普通词,与浙江中考考频表词头直接匹配,"",textbook_v2024_vocabulary_8_1.md
NV0737,738,8A,Unit 6,draw to a close,draw to a close,,,即将结束；即将完成,p.59,多词表达,否,否,,A核心,保留在主词表,短语或固定表达,教材明确列出的短语或句型，应独立掌握,后续需结合短语考查价值再细分,textbook_v2024_vocabulary_8_1.md
NV0738,739,8A,Unit 6,form,form,/fɔ:m/,v. n.,v. （使）形成；组成 n. 类型；形式；表格,p.59,单词,否,是,523,A核心,保留在主词表,普通词,与浙江中考考频表词头直接匹配,"",textbook_v2024_vocabulary_8_1.md
NV0739,740,8A,Unit 6,relationship,relationship,/rɪ'leɪʃnʃɪp/,n.,关系；联系,p.59,单词,否,是,486,A核心,保留在主词表,普通词,与浙江中考考频表词头直接匹配,"",textbook_v2024_vocabulary_8_1.md
NV0740,741,8A,Unit 6,push-up,push-up,/'pʊʃʌp/,n.,俯卧撑,p.59,单词,否,否,,B认读,保留在认读区,普通词,教材词汇，但未与浙江中考考频表词头直接匹配,需在样章阶段复核是否升级为核心,textbook_v2024_vocabulary_8_1.md
NV0741,742,8A,Unit 6,energetic,energetic,"/,enə'dʒetɪk/",adj.,精力充沛的；充满活力的,p.59,单词,否,是,7243,A核心,保留在主词表,普通词,与浙江中考考频表词头直接匹配,"",textbook_v2024_vocabulary_8_1.md
NV0742,743,8A,Unit 6,last but not least,last but not least,,,最后但同等重要的,p.59,多词表达,否,否,,A核心,保留在主词表,短语或固定表达,教材明确列出的短语或句型，应独立掌握,后续需结合短语考查价值再细分,textbook_v2024_vocabulary_8_1.md
NV0743,744,8A,Unit 6,Jason,jason,/'dʒeɪsən/,,贾森,p.52,单词,是,否,,C剔除,从学生主词表剔除,人名,人物名、姓氏或虚构人物名,"",textbook_v2024_vocabulary_8_1.md
NV0744,745,8A,Unit 6,Tina,tina,/'ti:nə/,,蒂娜,p.52,单词,是,否,,C剔除,从学生主词表剔除,人名,人物名、姓氏或虚构人物名,"",textbook_v2024_vocabulary_8_1.md
NV0745,746,8A,Unit 7,prediction,prediction,/prɪ'dɪkʃn/,n.,预测；预言,p.62,单词,否,是,3634,A核心,保留在主词表,普通词,与浙江中考考频表词头直接匹配,"",textbook_v2024_vocabulary_8_1.md
NV0746,747,8A,Unit 7,outer,outer,/'aʊtə(r)/,adj.,外围的；外表的,p.62,单词,否,是,3726,A核心,保留在主词表,普通词,与浙江中考考频表词头直接匹配,"",textbook_v2024_vocabulary_8_1.md
NV0747,748,8A,Unit 7,outer space,outer space,,,太空；外层空间,p.62,多词表达,否,否,,A核心,保留在主词表,短语或固定表达,教材明确列出的短语或句型，应独立掌握,后续需结合短语考查价值再细分,textbook_v2024_vocabulary_8_1.md
NV0748,749,8A,Unit 7,worse,worse,/wɜ:s/,adj. adv.,adj. (bad 的比较级) 更差的；更糟的；更坏的 adv. (badly 的比较级) 更差；更糟；更坏,p.62,单词,否,是,28222,A核心,保留在主词表,普通词,与浙江中考考频表词头直接匹配,"",textbook_v2024_vocabulary_8_1.md
NV0749,750,8A,Unit 7,take over,take over,,,接管；接收,p.62,多词表达,否,否,,A核心,保留在主词表,短语或固定表达,教材明确列出的短语或句型，应独立掌握,后续需结合短语考查价值再细分,textbook_v2024_vocabulary_8_1.md
NV0750,751,8A,Unit 7,sci-fi,sci-fi,/'saɪ faɪ/ (= science fiction),n.,科幻小说（或影片等）,p.62,单词,否,否,,B认读,保留在认读区,普通词,教材词汇，但未与浙江中考考频表词头直接匹配,需在样章阶段复核是否升级为核心,textbook_v2024_vocabulary_8_1.md
NV0751,752,8A,Unit 7,ticket,ticket,/'tɪkɪt/,n.,票；券,p.62,单词,否,是,1581,A核心,保留在主词表,普通词,与浙江中考考频表词头直接匹配,"",textbook_v2024_vocabulary_8_1.md
NV0752,753,8A,Unit 7,positive,positive,/'pɒzətɪv/,adj.,乐观的；积极的；良好的,p.62,单词,否,是,1050,A核心,保留在主词表,普通词,与浙江中考考频表词头直接匹配,"",textbook_v2024_vocabulary_8_1.md
NV0753,754,8A,Unit 7,traffic,traffic,/'træfɪk/,n.,交通；运输,p.63,单词,否,是,1720,A核心,保留在主词表,普通词,与浙江中考考频表词头直接匹配,"",textbook_v2024_vocabulary_8_1.md
NV0754,755,8A,Unit 7,technology,technology,/tek'nɒlədʒi/,n.,科技；工艺,p.63,单词,否,是,585,A核心,保留在主词表,普通词,与浙江中考考频表词头直接匹配,"",textbook_v2024_vocabulary_8_1.md
NV0755,756,8A,Unit 7,video,video,/'vɪdiəʊ/,n.,视频；录像系统,p.63,单词,否,是,1110,A核心,保留在主词表,普通词,与浙江中考考频表词头直接匹配,"",textbook_v2024_vocabulary_8_1.md
NV0756,757,8A,Unit 7,transport,transport,/'trænspɔ:t/,n. v.,n. 交通运输系统；旅行方式 v. /træn'spɔ:t/ 运输；运送,p.63,单词,否,是,4874,A核心,保留在主词表,普通词,与浙江中考考频表词头直接匹配,"",textbook_v2024_vocabulary_8_1.md
NV0757,758,8A,Unit 7,system,system,/'sɪstəm/,n.,系统,p.63,单词,否,是,191,A核心,保留在主词表,普通词,与浙江中考考频表词头直接匹配,"",textbook_v2024_vocabulary_8_1.md
NV0758,759,8A,Unit 7,efficient,efficient,/ɪ'fɪʃnt/,adj.,效率高的；有功效的,p.63,单词,否,否,,B认读,保留在认读区,普通词,教材词汇，但未与浙江中考考频表词头直接匹配,需在样章阶段复核是否升级为核心,textbook_v2024_vocabulary_8_1.md
NV0759,760,8A,Unit 7,education,education,"/,edʒu'keɪʃn/",n.,教育,p.64,单词,否,是,376,A核心,保留在主词表,普通词,与浙江中考考频表词头直接匹配,"",textbook_v2024_vocabulary_8_1.md
NV0760,761,8A,Unit 7,length,length,/leŋθ/,n.,时长；长度,p.64,单词,否,是,1865,A核心,保留在主词表,普通词,与浙江中考考频表词头直接匹配,"",textbook_v2024_vocabulary_8_1.md
NV0761,762,8A,Unit 7,topic,topic,/'tɒpɪk/,n.,话题；题目；标题,p.64,单词,否,是,1870,A核心,保留在主词表,普通词,与浙江中考考频表词头直接匹配,"",textbook_v2024_vocabulary_8_1.md
NV0762,763,8A,Unit 7,partner,partner,/'pɑ:tnə(r)/,n.,搭档；同伴,p.64,单词,否,是,1049,A核心,保留在主词表,普通词,与浙江中考考频表词头直接匹配,"",textbook_v2024_vocabulary_8_1.md
NV0763,764,8A,Unit 7,shall,shall,/ʃəl; ʃæl/,modal v.,(should /ʃʊd/) 将要；将会,p.65,单词,否,是,2211,A核心,保留在主词表,普通词,与浙江中考考频表词头直接匹配,"",textbook_v2024_vocabulary_8_1.md
NV0764,765,8A,Unit 7,pass,pass,/pɑ:s/,v. n.,v. 及格；通过 n. 及格；通行证,p.65,单词,否,是,441,A核心,保留在主词表,普通词,与浙江中考考频表词头直接匹配,"",textbook_v2024_vocabulary_8_1.md
NV0765,766,8A,Unit 7,winner,winner,/'wɪnə(r)/,n.,优胜者；成功者,p.65,单词,否,否,,B认读,保留在认读区,普通词,教材词汇，但未与浙江中考考频表词头直接匹配,需在样章阶段复核是否升级为核心,textbook_v2024_vocabulary_8_1.md
NV0766,767,8A,Unit 7,cure,cure,/kjʊə(r)/,v. n.,v. 治愈；治好 n. 药物；疗法,p.65,单词,否,是,4623,A核心,保留在主词表,普通词,与浙江中考考频表词头直接匹配,"",textbook_v2024_vocabulary_8_1.md
NV0767,768,8A,Unit 7,cancer,cancer,/'kænsə(r)/,n.,癌症,p.65,单词,否,是,1030,A核心,保留在主词表,普通词,与浙江中考考频表词头直接匹配,"",textbook_v2024_vocabulary_8_1.md
NV0768,769,8A,Unit 7,concert,concert,/'kɒnsət/,n.,音乐会；演奏会,p.65,单词,否,是,2531,A核心,保留在主词表,普通词,与浙江中考考频表词头直接匹配,"",textbook_v2024_vocabulary_8_1.md
NV0769,770,8A,Unit 7,cash,cash,/kæʃ/,n.,现金；金钱,p.65,单词,否,是,1731,A核心,保留在主词表,普通词,与浙江中考考频表词头直接匹配,"",textbook_v2024_vocabulary_8_1.md
NV0770,771,8A,Unit 7,wallet,wallet,/'wɒlɪt/,n.,钱包；皮夹,p.65,单词,否,是,5652,A核心,保留在主词表,普通词,与浙江中考考频表词头直接匹配,"",textbook_v2024_vocabulary_8_1.md
NV0771,772,8A,Unit 7,guest,guest,/gest/,n.,客人；宾客,p.66,单词,否,是,1314,A核心,保留在主词表,普通词,与浙江中考考频表词头直接匹配,"",textbook_v2024_vocabulary_8_1.md
NV0772,773,8A,Unit 7,chief,chief,/tʃi:f/,adj. n.,adj. 首要的；最重要的 n. 首领；酋长,p.66,单词,否,是,1450,A核心,保留在主词表,普通词,与浙江中考考频表词头直接匹配,"",textbook_v2024_vocabulary_8_1.md
NV0773,774,8A,Unit 7,researcher,researcher,/rɪ'sɜ:tʃə(r)/,n.,研究者；探索者,p.66,单词,否,是,1178,A核心,保留在主词表,普通词,与浙江中考考频表词头直接匹配,"",textbook_v2024_vocabulary_8_1.md
NV0774,775,8A,Unit 7,research,research,/rɪ'sɜ:tʃ/,n. & v.,研究；调查,p.66,单词,否,是,362,A核心,保留在主词表,普通词,与浙江中考考频表词头直接匹配,"",textbook_v2024_vocabulary_8_1.md
NV0775,776,8A,Unit 7,futurist,futurist,/'fju:tʃərɪst/,n.,未来学家,p.66,单词,否,否,,B认读,保留在认读区,普通词,教材词汇，但未与浙江中考考频表词头直接匹配,需在样章阶段复核是否升级为核心,textbook_v2024_vocabulary_8_1.md
NV0776,777,8A,Unit 7,everywhere,everywhere,/'evriweə(r)/,"adv., pron. & conj.",到处；所有地方,p.66,单词,否,是,1948,A核心,保留在主词表,普通词,与浙江中考考频表词头直接匹配,"",textbook_v2024_vocabulary_8_1.md
NV0777,778,8A,Unit 7,robotics,robotics,/rəʊ'bɒtɪks/,n.,机器人学,p.66,单词,否,否,,B认读,保留在认读区,普通词,教材词汇，但未与浙江中考考频表词头直接匹配,需在样章阶段复核是否升级为核心,textbook_v2024_vocabulary_8_1.md
NV0778,779,8A,Unit 7,industry,industry,/'ɪndəstri/,n.,行业；工业,p.66,单词,否,是,551,A核心,保留在主词表,普通词,与浙江中考考频表词头直接匹配,"",textbook_v2024_vocabulary_8_1.md
NV0779,780,8A,Unit 7,service,service,/'sɜ:vɪs/,n.,服务；公共服务,p.66,单词,否,是,263,A核心,保留在主词表,普通词,与浙江中考考频表词头直接匹配,"",textbook_v2024_vocabulary_8_1.md
NV0780,781,8A,Unit 7,disaster,disaster,/dɪ'zɑ:stə(r)/,n.,灾难；不幸,p.66,单词,否,是,2335,A核心,保留在主词表,普通词,与浙江中考考频表词头直接匹配,"",textbook_v2024_vocabulary_8_1.md
NV0781,782,8A,Unit 7,emergency,emergency,/ɪ'mɜ:dʒənsi/,n.,突发事件；紧急情况,p.66,单词,否,否,,B认读,保留在认读区,普通词,教材词汇，但未与浙江中考考频表词头直接匹配,需在样章阶段复核是否升级为核心,textbook_v2024_vocabulary_8_1.md
NV0782,783,8A,Unit 7,disappear,disappear,"/,dɪsə'pɪə(r)/",v.,消失；不见,p.66,单词,否,是,1583,A核心,保留在主词表,普通词,与浙江中考考频表词头直接匹配,"",textbook_v2024_vocabulary_8_1.md
NV0783,784,8A,Unit 7,challenging,challenging,/'tʃælɪndʒɪŋ/,adj.,挑战性的,p.66,单词,否,否,,B认读,保留在认读区,普通词,教材词汇，但未与浙江中考考频表词头直接匹配,需在样章阶段复核是否升级为核心,textbook_v2024_vocabulary_8_1.md
NV0784,785,8A,Unit 7,pilot,pilot,/'paɪlət/,n.,飞行员；领航员,p.66,单词,否,是,1782,A核心,保留在主词表,普通词,与浙江中考考频表词头直接匹配,"",textbook_v2024_vocabulary_8_1.md
NV0785,786,8A,Unit 7,expert,expert,/'ekspɜ:t/,n. adj.,n. 专家；行家 adj. 熟练的；内行的,p.66,单词,否,是,900,A核心,保留在主词表,普通词,与浙江中考考频表词头直接匹配,"",textbook_v2024_vocabulary_8_1.md
NV0786,787,8A,Unit 7,replace,replace,/rɪ'pleɪs/,v.,代替；取代,p.66,单词,否,是,1183,A核心,保留在主词表,普通词,与浙江中考考频表词头直接匹配,"",textbook_v2024_vocabulary_8_1.md
NV0787,788,8A,Unit 7,creativity,creativity,"/,kri:eɪ'tɪvəti/",n.,创造力,p.66,单词,否,是,4305,A核心,保留在主词表,普通词,与浙江中考考频表词头直接匹配,"",textbook_v2024_vocabulary_8_1.md
NV0788,789,8A,Unit 7,emotional,emotional,/ɪ'məʊʃənl/,adj.,情感的；情绪的,p.66,单词,否,是,1622,A核心,保留在主词表,普通词,与浙江中考考频表词头直接匹配,"",textbook_v2024_vocabulary_8_1.md
NV0789,790,8A,Unit 7,intelligence,intelligence,/ɪn'telɪdʒəns/,n.,智力；智慧,p.66,单词,否,是,1421,A核心,保留在主词表,普通词,与浙江中考考频表词头直接匹配,"",textbook_v2024_vocabulary_8_1.md
NV0790,791,8A,Unit 7,emotional intelligence,emotional intelligence,,,情绪智力,p.66,多词表达,否,否,,A核心,保留在主词表,短语或固定表达,教材明确列出的短语或句型，应独立掌握,后续需结合短语考查价值再细分,textbook_v2024_vocabulary_8_1.md
NV0791,792,8A,Unit 7,mention,mention,/'menʃn/,v.,提到；写到,p.66,单词,否,是,972,A核心,保留在主词表,普通词,与浙江中考考频表词头直接匹配,"",textbook_v2024_vocabulary_8_1.md
NV0792,793,8A,Unit 7,refrigerator,refrigerator,/rɪ'frɪdʒəreɪtə(r)/,n. (= fridge /frɪdʒ/),冰箱,p.66,单词,否,否,,B认读,保留在认读区,普通词,教材词汇，但未与浙江中考考频表词头直接匹配,需在样章阶段复核是否升级为核心,textbook_v2024_vocabulary_8_1.md
NV0793,794,8A,Unit 7,low,low,/ləʊ/,adj. adv. n.,adj. 低的；矮的 adv. 向……底部；低 n. 低水平；低谷,p.66,单词,否,否,,B认读,保留在认读区,普通词,教材词汇，但未与浙江中考考频表词头直接匹配,需在样章阶段复核是否升级为核心,textbook_v2024_vocabulary_8_1.md
NV0794,795,8A,Unit 7,run low (on sth),run low (on sth),,,即将用尽；快用完,p.66,多词表达,否,否,,A核心,保留在主词表,短语或固定表达,教材明确列出的短语或句型，应独立掌握,后续需结合短语考查价值再细分,textbook_v2024_vocabulary_8_1.md
NV0795,796,8A,Unit 7,accept,accept,/ək'sept/,v.,接受；相信,p.66,单词,否,是,766,A核心,保留在主词表,普通词,与浙江中考考频表词头直接匹配,"",textbook_v2024_vocabulary_8_1.md
NV0796,797,8A,Unit 7,influence,influence,/'ɪnfluəns/,n. v.,n. 影响；作用 v. 影响；对……起作用,p.66,单词,否,是,1396,A核心,保留在主词表,普通词,与浙江中考考频表词头直接匹配,"",textbook_v2024_vocabulary_8_1.md
NV0797,798,8A,Unit 7,creative,creative,/kri'eɪtɪv/,adj.,创造性的；创作的,p.67,单词,否,是,2061,A核心,保留在主词表,普通词,与浙江中考考频表词头直接匹配,"",textbook_v2024_vocabulary_8_1.md
NV0798,799,8A,Unit 7,impossible,impossible,/ɪm'pɒsəbl/,adj.,不可能的,p.67,单词,否,是,1611,A核心,保留在主词表,普通词,与浙江中考考频表词头直接匹配,"",textbook_v2024_vocabulary_8_1.md
NV0799,800,8A,Unit 7,quality,quality,/'kwɒləti/,n.,素质；素质；质量；品质,p.67,单词,否,是,764,A核心,保留在主词表,普通词,与浙江中考考频表词头直接匹配,"",textbook_v2024_vocabulary_8_1.md
NV0800,801,8A,Unit 7,develop,develop,/dɪ'veləp/,v.,增强；发展；开发,p.67,单词,否,是,484,A核心,保留在主词表,普通词,与浙江中考考频表词头直接匹配,"",textbook_v2024_vocabulary_8_1.md
NV0801,802,8A,Unit 7,German,german,/'dʒɜ:mən/,n. adj.,n. 德语；德国人 adj. 德国的,p.67,单词,是,是,,A核心,保留在主词表,普通词,具有明确词性，并与浙江中考考频表词头匹配,"",textbook_v2024_vocabulary_8_1.md
NV0802,803,8A,Unit 7,valuable,valuable,/'væljuəbl/,adj.,很有用的；宝贵的,p.68,单词,否,是,2621,A核心,保留在主词表,普通词,与浙江中考考频表词头直接匹配,"",textbook_v2024_vocabulary_8_1.md
NV0803,804,8A,Unit 7,public,public,/'pʌblɪk/,adj. n.,adj. 公共的；公众的 n. 公众,p.68,单词,否,是,333,A核心,保留在主词表,普通词,与浙江中考考频表词头直接匹配,"",textbook_v2024_vocabulary_8_1.md
NV0804,805,8A,Unit 7,medical,medical,/'medɪkl/,adj.,医学的；医疗的,p.68,单词,否,是,646,A核心,保留在主词表,普通词,与浙江中考考频表词头直接匹配,"",textbook_v2024_vocabulary_8_1.md
NV0805,806,8A,Unit 7,challenge,challenge,/'tʃælɪndʒ/,v. n.,v. 向（某人）挑战；对……怀疑 n. 挑战；质疑,p.68,单词,否,是,985,A核心,保留在主词表,普通词,与浙江中考考频表词头直接匹配,"",textbook_v2024_vocabulary_8_1.md
NV0806,807,8A,Unit 7,task,task,/tɑ:sk/,n.,任务；工作,p.68,单词,否,是,1048,A核心,保留在主词表,普通词,与浙江中考考频表词头直接匹配,"",textbook_v2024_vocabulary_8_1.md
NV0807,808,8A,Unit 7,depend,depend,/dɪ'pend/,v.,取决于；依靠,p.68,单词,否,是,1479,A核心,保留在主词表,普通词,与浙江中考考频表词头直接匹配,"",textbook_v2024_vocabulary_8_1.md
NV0808,809,8A,Unit 7,depend on / upon,depend on / upon,,,取决于；依靠,p.68,多词表达,否,否,,A核心,保留在主词表,短语或固定表达,教材明确列出的短语或句型，应独立掌握,后续需结合短语考查价值再细分,textbook_v2024_vocabulary_8_1.md
NV0809,810,8A,Unit 7,come over,come over,,,来访；拜访,p.69,多词表达,否,否,,A核心,保留在主词表,短语或固定表达,教材明确列出的短语或句型，应独立掌握,后续需结合短语考查价值再细分,textbook_v2024_vocabulary_8_1.md
NV0810,811,8A,Unit 7,as long as,as long as,,,只要,p.69,多词表达,否,否,,A核心,保留在主词表,短语或固定表达,教材明确列出的短语或句型，应独立掌握,后续需结合短语考查价值再细分,textbook_v2024_vocabulary_8_1.md
NV0811,812,8A,Unit 7,Jennifer,jennifer,/'dʒenɪfə/,,珍妮弗,p.63,单词,是,否,,C剔除,从学生主词表剔除,人名,人物名、姓氏或虚构人物名,"",textbook_v2024_vocabulary_8_1.md
NV0812,813,8A,Unit 7,Harry,harry,/'hæri/,,哈里；哈丽,p.65,单词,是,是,21265,C剔除,从学生主词表剔除,人名,人物名、姓氏或虚构人物名,与考频表普通词同形，按本条中文释义判定为人名,textbook_v2024_vocabulary_8_1.md
NV0813,814,8A,Unit 7,Asimov,asimov,/'æzɪmɒf/,,阿西莫夫,p.68,单词,是,否,,C剔除,从学生主词表剔除,人名,人物名、姓氏或虚构人物名,"",textbook_v2024_vocabulary_8_1.md
NV0814,815,8A,Unit 7,France,france,/frɑ:ns/,,法国,p.69,单词,是,否,,D复核,等待人工确认,国家或大洲,属于地名，但常见国家和大洲名称可能具有认读价值,确认是剔除还是放入认读区,textbook_v2024_vocabulary_8_1.md
NV0815,816,8A,Unit 7,Mandy,mandy,/'mændi/,,曼迪,p.69,单词,是,否,,C剔除,从学生主词表剔除,人名,人物名、姓氏或虚构人物名,"",textbook_v2024_vocabulary_8_1.md
NV0816,817,8A,Unit 8,communication,communication,"/kə,mju:nɪ'keɪʃn/",n.,表达；交流,p.71,单词,否,是,1254,A核心,保留在主词表,普通词,与浙江中考考频表词头直接匹配,"",textbook_v2024_vocabulary_8_1.md
NV0817,818,8A,Unit 8,face to face,face to face,,,面对面,p.72,多词表达,否,否,,A核心,保留在主词表,短语或固定表达,教材明确列出的短语或句型，应独立掌握,后续需结合短语考查价值再细分,textbook_v2024_vocabulary_8_1.md
NV0818,819,8A,Unit 8,text message,text message,,,（手机）短信；短信息,p.72,多词表达,否,否,,A核心,保留在主词表,短语或固定表达,教材明确列出的短语或句型，应独立掌握,后续需结合短语考查价值再细分,textbook_v2024_vocabulary_8_1.md
NV0819,820,8A,Unit 8,sign,sign,/saɪn/,n. v.,n. 手势；迹象；标志 v. 签（名）；签字,p.72,单词,否,是,759,A核心,保留在主词表,普通词,与浙江中考考频表词头直接匹配,"",textbook_v2024_vocabulary_8_1.md
NV0820,821,8A,Unit 8,speaker,speaker,/'spi:kə(r)/,n.,说话者；发言者,p.72,单词,否,是,2551,A核心,保留在主词表,普通词,与浙江中考考频表词头直接匹配,"",textbook_v2024_vocabulary_8_1.md
NV0821,822,8A,Unit 8,rehearsal,rehearsal,/rɪ'hɜ:sl/,n.,排练；排演,p.72,单词,否,否,,B认读,保留在认读区,普通词,教材词汇，但未与浙江中考考频表词头直接匹配,需在样章阶段复核是否升级为核心,textbook_v2024_vocabulary_8_1.md
NV0822,823,8A,Unit 8,show sb around,show sb around,,,领某人参观,p.72,多词表达,否,否,,A核心,保留在主词表,短语或固定表达,教材明确列出的短语或句型，应独立掌握,后续需结合短语考查价值再细分,textbook_v2024_vocabulary_8_1.md
NV0823,824,8A,Unit 8,local,local,/'ləʊkl/,adj. n.,adj. 当地的；地方的 n. 当地人；本地人,p.72,单词,否,是,423,A核心,保留在主词表,普通词,与浙江中考考频表词头直接匹配,"",textbook_v2024_vocabulary_8_1.md
NV0824,825,8A,Unit 8,face-to-face,face-to-face,,adj.,面对面的,p.73,单词,否,否,,B认读,保留在认读区,普通词,教材词汇，但未与浙江中考考频表词头直接匹配,需在样章阶段复核是否升级为核心,textbook_v2024_vocabulary_8_1.md
NV0825,826,8A,Unit 8,professor,professor,/prə'fesə(r)/,n.,教授,p.73,单词,否,是,826,A核心,保留在主词表,普通词,与浙江中考考频表词头直接匹配,"",textbook_v2024_vocabulary_8_1.md
NV0826,827,8A,Unit 8,speech,speech,/spi:tʃ/,n.,演说；发言,p.73,单词,否,是,1101,A核心,保留在主词表,普通词,与浙江中考考频表词头直接匹配,"",textbook_v2024_vocabulary_8_1.md
NV0827,828,8A,Unit 8,argue,argue,/'ɑ:gju:/,v.,争论；争吵,p.73,单词,否,是,778,A核心,保留在主词表,普通词,与浙江中考考频表词头直接匹配,"",textbook_v2024_vocabulary_8_1.md
NV0828,829,8A,Unit 8,make up (with sb),make up (with sb),,,（与……）言归于好,p.73,多词表达,否,否,,A核心,保留在主词表,短语或固定表达,教材明确列出的短语或句型，应独立掌握,后续需结合短语考查价值再细分,textbook_v2024_vocabulary_8_1.md
NV0829,830,8A,Unit 8,in person,in person,,,亲自；亲身,p.73,多词表达,否,否,,A核心,保留在主词表,短语或固定表达,教材明确列出的短语或句型，应独立掌握,后续需结合短语考查价值再细分,textbook_v2024_vocabulary_8_1.md
NV0830,831,8A,Unit 8,prefer,prefer,/prɪ'fɜ:(r)/,v.,较喜欢,p.73,单词,否,是,1724,A核心,保留在主词表,普通词,与浙江中考考频表词头直接匹配,"",textbook_v2024_vocabulary_8_1.md
NV0831,832,8A,Unit 8,calm,calm,/kɑ:m/,adj. v.,adj. 镇静的；沉着的 v. 使平静；使镇静,p.73,单词,否,是,4222,A核心,保留在主词表,普通词,与浙江中考考频表词头直接匹配,"",textbook_v2024_vocabulary_8_1.md
NV0832,833,8A,Unit 8,worry about,worry about,,,为……担心,p.74,多词表达,否,否,,A核心,保留在主词表,短语或固定表达,教材明确列出的短语或句型，应独立掌握,后续需结合短语考查价值再细分,textbook_v2024_vocabulary_8_1.md
NV0833,834,8A,Unit 8,expression,expression,/ɪk'spreʃn/,n.,表达方式；表达,p.74,单词,否,是,1538,A核心,保留在主词表,普通词,与浙江中考考频表词头直接匹配,"",textbook_v2024_vocabulary_8_1.md
NV0834,835,8A,Unit 8,chance,chance,/tʃɑ:ns/,n. adj.,n. 机会；可能性 adj. 意外的；偶然的,p.74,单词,否,是,613,A核心,保留在主词表,普通词,与浙江中考考频表词头直接匹配,"",textbook_v2024_vocabulary_8_1.md
NV0835,836,8A,Unit 8,meeting,meeting,/'mi:tɪŋ/,n.,会面；会议,p.75,单词,否,否,,B认读,保留在认读区,普通词,教材词汇，但未与浙江中考考频表词头直接匹配,需在样章阶段复核是否升级为核心,textbook_v2024_vocabulary_8_1.md
NV0836,837,8A,Unit 8,difficulty,difficulty,/'dɪfɪkəlti/,n.,困难；难题,p.75,单词,否,是,1693,A核心,保留在主词表,普通词,与浙江中考考频表词头直接匹配,"",textbook_v2024_vocabulary_8_1.md
NV0837,838,8A,Unit 8,right away,right away,,,马上,p.75,多词表达,否,否,,A核心,保留在主词表,短语或固定表达,教材明确列出的短语或句型，应独立掌握,后续需结合短语考查价值再细分,textbook_v2024_vocabulary_8_1.md
NV0838,839,8A,Unit 8,line,line,/laɪn/,n.,字行；便条；线,p.75,单词,否,否,,B认读,保留在认读区,普通词,教材词汇，但未与浙江中考考频表词头直接匹配,需在样章阶段复核是否升级为核心,textbook_v2024_vocabulary_8_1.md
NV0839,840,8A,Unit 8,drop sb a line,drop sb a line,,,给……写信,p.75,多词表达,否,否,,A核心,保留在主词表,短语或固定表达,教材明确列出的短语或句型，应独立掌握,后续需结合短语考查价值再细分,textbook_v2024_vocabulary_8_1.md
NV0840,841,8A,Unit 8,detail,detail,/'di:teɪl/,n.,细节；详情,p.75,单词,否,是,998,A核心,保留在主词表,普通词,与浙江中考考频表词头直接匹配,"",textbook_v2024_vocabulary_8_1.md
NV0841,842,8A,Unit 8,reunion,reunion,"/,ri:'ju:niən/",n.,团聚；重逢；聚会,p.75,单词,否,否,,B认读,保留在认读区,普通词,教材词汇，但未与浙江中考考频表词头直接匹配,需在样章阶段复核是否升级为核心,textbook_v2024_vocabulary_8_1.md
NV0842,843,8A,Unit 8,seriously,seriously,/'sɪəriəsli/,adv.,严肃地；认真地,p.75,单词,否,是,1918,A核心,保留在主词表,普通词,与浙江中考考频表词头直接匹配,"",textbook_v2024_vocabulary_8_1.md
NV0843,844,8A,Unit 8,training,training,/'treɪnɪŋ/,n.,训练；培训,p.75,单词,否,是,796,A核心,保留在主词表,普通词,与浙江中考考频表词头直接匹配,"",textbook_v2024_vocabulary_8_1.md
NV0844,845,8A,Unit 8,nervous,nervous,/'nɜ:vəs/,adj.,担忧的；焦虑的；胆怯的,p.76,单词,否,是,2409,A核心,保留在主词表,普通词,与浙江中考考频表词头直接匹配,"",textbook_v2024_vocabulary_8_1.md
NV0845,846,8A,Unit 8,stranger,stranger,/'streɪndʒə(r)/,n.,陌生人,p.76,单词,否,是,2707,A核心,保留在主词表,普通词,与浙江中考考频表词头直接匹配,"",textbook_v2024_vocabulary_8_1.md
NV0846,847,8A,Unit 8,tip,tip,/tɪp/,n. v.,n. 指点；实用的提示；尖端 v.（使）倾斜；倒出；给小费,p.76,单词,否,是,1938,A核心,保留在主词表,普通词,与浙江中考考频表词头直接匹配,"",textbook_v2024_vocabulary_8_1.md
NV0847,848,8A,Unit 8,carefully,carefully,/'keəfəli/,adv.,认真地；仔细地；小心地,p.76,单词,否,是,1608,A核心,保留在主词表,普通词,与浙江中考考频表词头直接匹配,"",textbook_v2024_vocabulary_8_1.md
NV0848,849,8A,Unit 8,show interest in sth,show interest in sth,,,对……表现出兴趣,p.76,多词表达,否,否,,A核心,保留在主词表,短语或固定表达,教材明确列出的短语或句型，应独立掌握,后续需结合短语考查价值再细分,textbook_v2024_vocabulary_8_1.md
NV0849,850,8A,Unit 8,listener,listener,/'lɪsnə(r)/,n.,听者,p.76,单词,否,是,4602,A核心,保留在主词表,普通词,与浙江中考考频表词头直接匹配,"",textbook_v2024_vocabulary_8_1.md
NV0850,851,8A,Unit 8,point,point,/pɔɪnt/,n. v.,n. 观点；重点 v. 指向；瞄准,p.76,单词,否,否,,B认读,保留在认读区,普通词,教材词汇，但未与浙江中考考频表词头直接匹配,需在样章阶段复核是否升级为核心,textbook_v2024_vocabulary_8_1.md
NV0851,852,8A,Unit 8,surely,surely,/'ʃʊəli/,adv.,想必；必定,p.76,单词,否,是,2426,A核心,保留在主词表,普通词,与浙江中考考频表词头直接匹配,"",textbook_v2024_vocabulary_8_1.md
NV0852,853,8A,Unit 8,continue,continue,/kən'tɪnju:/,v.,持续；继续做,p.76,单词,否,是,293,A核心,保留在主词表,普通词,与浙江中考考频表词头直接匹配,"",textbook_v2024_vocabulary_8_1.md
NV0853,854,8A,Unit 8,impolite,impolite,"/,ɪmpə'laɪt/",adj.,不礼貌的；粗鲁的,p.76,单词,否,是,26047,A核心,保留在主词表,普通词,与浙江中考考频表词头直接匹配,"",textbook_v2024_vocabulary_8_1.md
NV0854,855,8A,Unit 8,personal,personal,/'pɜ:sənl/,adj.,个人的；私人的,p.76,单词,否,是,580,A核心,保留在主词表,普通词,与浙江中考考频表词头直接匹配,"",textbook_v2024_vocabulary_8_1.md
NV0855,856,8A,Unit 8,argue with sb,argue with sb,,,与某人争论,p.76,多词表达,否,否,,A核心,保留在主词表,短语或固定表达,教材明确列出的短语或句型，应独立掌握,后续需结合短语考查价值再细分,textbook_v2024_vocabulary_8_1.md
NV0856,857,8A,Unit 8,move on (to sth),move on (to sth),,,换话题；开始做（别的事）,p.76,多词表达,否,否,,A核心,保留在主词表,短语或固定表达,教材明确列出的短语或句型，应独立掌握,后续需结合短语考查价值再细分,textbook_v2024_vocabulary_8_1.md
NV0857,858,8A,Unit 8,sincere,sincere,/sɪn'sɪə(r)/,adj.,真诚的；诚实的,p.76,单词,否,否,,B认读,保留在认读区,普通词,教材词汇，但未与浙江中考考频表词头直接匹配,需在样章阶段复核是否升级为核心,textbook_v2024_vocabulary_8_1.md
NV0858,859,8A,Unit 8,find out,find out,,,查明；弄清（情况）,p.76,多词表达,否,否,,A核心,保留在主词表,短语或固定表达,教材明确列出的短语或句型，应独立掌握,后续需结合短语考查价值再细分,textbook_v2024_vocabulary_8_1.md
NV0859,860,8A,Unit 8,pay,pay,/peɪ/,v. (paid /peɪd/) n.,v. 付费；交纳；偿还 n. 工资；薪水,p.76,单词,否,否,,B认读,保留在认读区,普通词,教材词汇，但未与浙江中考考频表词头直接匹配,需在样章阶段复核是否升级为核心,textbook_v2024_vocabulary_8_1.md
NV0860,861,8A,Unit 8,attention,attention,/ə'tenʃn/,n.,注意；专心；关注,p.76,单词,否,是,591,A核心,保留在主词表,普通词,与浙江中考考频表词头直接匹配,"",textbook_v2024_vocabulary_8_1.md
NV0861,862,8A,Unit 8,pay attention (to ...),pay attention (to ...),,,注意；关注,p.76,多词表达,否,否,,A核心,保留在主词表,短语或固定表达,教材明确列出的短语或句型，应独立掌握,后续需结合短语考查价值再细分,textbook_v2024_vocabulary_8_1.md
NV0862,863,8A,Unit 8,be yourself,be yourself,,,行为自然；不做作,p.76,多词表达,否,否,,A核心,保留在主词表,短语或固定表达,教材明确列出的短语或句型，应独立掌握,后续需结合短语考查价值再细分,textbook_v2024_vocabulary_8_1.md
NV0863,864,8A,Unit 8,offer,offer,/'ɒfə(r)/,v. n.,v. 提供；主动提出 n. 主动提议；出价,p.76,单词,否,否,,B认读,保留在认读区,普通词,教材词汇，但未与浙江中考考频表词头直接匹配,需在样章阶段复核是否升级为核心,textbook_v2024_vocabulary_8_1.md
NV0864,865,8A,Unit 8,reasonable,reasonable,/'ri:znəbl/,adj.,公平的；合理的,p.77,单词,否,否,,B认读,保留在认读区,普通词,教材词汇，但未与浙江中考考频表词头直接匹配,需在样章阶段复核是否升级为核心,textbook_v2024_vocabulary_8_1.md
NV0865,866,8A,Unit 8,social,social,/'səʊʃl/,adj. n.,adj. 社会的；社交的 n. 联谊会；联欢会,p.78,单词,否,是,319,A核心,保留在主词表,普通词,与浙江中考考频表词头直接匹配,"",textbook_v2024_vocabulary_8_1.md
NV0866,867,8A,Unit 8,medium,medium,/'mi:diəm/,n. (pl. media /'mi:diə/),媒介；手段,p.78,单词,否,是,3262,A核心,保留在主词表,普通词,与浙江中考考频表词头直接匹配,"",textbook_v2024_vocabulary_8_1.md
NV0867,868,8A,Unit 8,social media,social media,,,社交媒体,p.78,多词表达,否,否,,A核心,保留在主词表,短语或固定表达,教材明确列出的短语或句型，应独立掌握,后续需结合短语考查价值再细分,textbook_v2024_vocabulary_8_1.md
NV0868,869,8A,Unit 8,trust,trust,/trʌst/,n. & v.,信任；相信,p.78,单词,否,是,1851,A核心,保留在主词表,普通词,与浙江中考考频表词头直接匹配,"",textbook_v2024_vocabulary_8_1.md
NV0869,870,8A,Unit 8,keep ( ... ) away from ...,keep ( ... ) away from ...,,,（使）远离；避免……靠近,p.78,多词表达,否,否,,A核心,保留在主词表,短语或固定表达,教材明确列出的短语或句型，应独立掌握,后续需结合短语考查价值再细分,textbook_v2024_vocabulary_8_1.md
NV0870,871,8A,Unit 8,misunderstanding,misunderstanding,"/,mɪsʌndə'stændɪŋ/",n.,误解；误会,p.78,单词,否,否,,B认读,保留在认读区,普通词,教材词汇，但未与浙江中考考频表词头直接匹配,需在样章阶段复核是否升级为核心,textbook_v2024_vocabulary_8_1.md
NV0871,872,8A,Unit 8,event,event,/ɪ'vent/,n.,公开活动；重要事情,p.79,单词,否,是,525,A核心,保留在主词表,普通词,与浙江中考考频表词头直接匹配,"",textbook_v2024_vocabulary_8_1.md
NV0872,873,8A,Unit 8,take place,take place,,,发生；进行,p.79,多词表达,否,否,,A核心,保留在主词表,短语或固定表达,教材明确列出的短语或句型，应独立掌握,后续需结合短语考查价值再细分,textbook_v2024_vocabulary_8_1.md
NV0873,874,8A,Unit 8,cost,cost,/kɒst/,n. v.,n. 费用；价钱；代价 v. 价格为；使损失；使付出努力,p.79,单词,否,是,550,A核心,保留在主词表,普通词,与浙江中考考频表词头直接匹配,"",textbook_v2024_vocabulary_8_1.md
NV0874,875,8A,Unit 8,opportunity,opportunity,"/,ɒpə'tju:nəti/",n.,机会；时机,p.79,单词,否,是,625,A核心,保留在主词表,普通词,与浙江中考考频表词头直接匹配,"",textbook_v2024_vocabulary_8_1.md
NV0875,876,8A,Unit 8,benefit,benefit,/'benɪfɪt/,v. n.,v. 对……有用；使受益 n. 益处；成效,p.79,单词,否,是,813,A核心,保留在主词表,普通词,与浙江中考考频表词头直接匹配,"",textbook_v2024_vocabulary_8_1.md
NV0876,877,8A,Unit 8,benefit ... from ...,benefit ... from ...,,,从……获益,p.79,多词表达,否,否,,A核心,保留在主词表,短语或固定表达,教材明确列出的短语或句型，应独立掌握,后续需结合短语考查价值再细分,textbook_v2024_vocabulary_8_1.md
NV0877,878,8A,Unit 8,reply,reply,/rɪ'plaɪ/,n. & v.,回答；回复,p.79,单词,否,是,2233,A核心,保留在主词表,普通词,与浙江中考考频表词头直接匹配,"",textbook_v2024_vocabulary_8_1.md
NV0878,879,8A,Unit 8,honour,honour,/'ɒnə(r)/ (= honor),n. v.,n. 荣幸；尊敬 v. 给……荣誉；表彰,p.79,单词,否,否,,B认读,保留在认读区,普通词,教材词汇，但未与浙江中考考频表词头直接匹配,需在样章阶段复核是否升级为核心,textbook_v2024_vocabulary_8_1.md
NV0879,880,8A,Unit 8,sincerely,sincerely,/sɪn'sɪəli/,adv.,真诚地；诚实地,p.79,单词,否,是,10443,A核心,保留在主词表,普通词,与浙江中考考频表词头直接匹配,"",textbook_v2024_vocabulary_8_1.md
NV0880,881,8A,Unit 8,opening,opening,/'əʊpənɪŋ/,adj. n.,adj. 开篇的；开始的 n. 开始；孔；洞,p.79,单词,否,是,1950,A核心,保留在主词表,普通词,与浙江中考考频表词头直接匹配,"",textbook_v2024_vocabulary_8_1.md
NV0881,882,8A,Unit 8,closing,closing,/'kləʊzɪŋ/,adj. n.,adj. 结尾的；结束的 n. 停业；关闭,p.79,单词,否,否,,B认读,保留在认读区,普通词,教材词汇，但未与浙江中考考频表词头直接匹配,需在样章阶段复核是否升级为核心,textbook_v2024_vocabulary_8_1.md
NV0882,883,8A,Unit 8,sentence,sentence,/'sentəns/,n. v.,n. 句子；判决 v. 判决；宣判,p.79,单词,否,是,2047,A核心,保留在主词表,普通词,与浙江中考考频表词头直接匹配,"",textbook_v2024_vocabulary_8_1.md
NV0883,884,8A,Unit 8,date,date,/deɪt/,n. v.,n. 日期；日子；约会 v. 确定年代；注明日期,p.79,单词,否,否,,B认读,保留在认读区,普通词,教材词汇，但未与浙江中考考频表词头直接匹配,需在样章阶段复核是否升级为核心,textbook_v2024_vocabulary_8_1.md
NV0884,885,8A,Unit 8,clause,clause,/klɔ:z/,n.,从句；分句,p.79,单词,否,否,,B认读,保留在认读区,普通词,教材词汇，但未与浙江中考考频表词头直接匹配,需在样章阶段复核是否升级为核心,textbook_v2024_vocabulary_8_1.md
NV0885,886,8A,Unit 8,Susan,susan,/'su:zən/,,苏珊,p.74,单词,是,否,,C剔除,从学生主词表剔除,人名,人物名、姓氏或虚构人物名,"",textbook_v2024_vocabulary_8_1.md
NV0886,887,8A,Unit 8,Jones,jones,/dʒəʊnz/,,琼斯,p.79,单词,是,否,,C剔除,从学生主词表剔除,人名,人物名、姓氏或虚构人物名,"",textbook_v2024_vocabulary_8_1.md
NV0887,888,7B,Unit 1,fox,fox,/fɒks/,n.,狐狸,p.2,单词,否,是,7586,A核心,保留在主词表,普通词,与浙江中考考频表词头直接匹配,"",7b-vocab_1-8.jpg
NV0888,889,7B,Unit 1,giraffe,giraffe,/dʒəˈrɑːf/,n.,长颈鹿,p.2,单词,否,是,16035,A核心,保留在主词表,普通词,与浙江中考考频表词头直接匹配,"",7b-vocab_1-8.jpg
NV0889,890,7B,Unit 1,eagle,eagle,/ˈiːgl/,n.,雕；鹰,p.2,单词,否,是,6340,A核心,保留在主词表,普通词,与浙江中考考频表词头直接匹配,"",7b-vocab_1-8.jpg
NV0890,891,7B,Unit 1,wolf,wolf,/wʊlf/,n.,(pl. wolves /wʊlvz/) 狼,p.2,单词,否,是,4183,A核心,保留在主词表,普通词,与浙江中考考频表词头直接匹配,"",7b-vocab_1-8.jpg
NV0891,892,7B,Unit 1,penguin,penguin,/ˈpeŋgwɪn/,n.,企鹅,p.2,单词,否,否,,B认读,保留在认读区,普通词,教材词汇，但未与浙江中考考频表词头直接匹配,需在样章阶段复核是否升级为核心,7b-vocab_1-8.jpg
NV0892,893,7B,Unit 1,care,care,/keə(r)/,n. v.,n. 照顾；护理 v. 关心；在乎,p.2,单词,否,否,,B认读,保留在认读区,普通词,教材词汇，但未与浙江中考考频表词头直接匹配,需在样章阶段复核是否升级为核心,7b-vocab_1-8.jpg
NV0893,894,7B,Unit 1,take care of,take care of,,,照顾；处理,p.2,多词表达,否,否,,A核心,保留在主词表,短语或固定表达,教材明确列出的短语或句型，应独立掌握,后续需结合短语考查价值再细分,7b-vocab_1-8.jpg
NV0894,895,7B,Unit 1,sandwich,sandwich,/ˈsænwɪtʃ; ˈsænwɪdʒ/,n.,三明治,p.3,单词,否,是,3555,A核心,保留在主词表,普通词,与浙江中考考频表词头直接匹配,"",7b-vocab_1-8.jpg
NV0895,896,7B,Unit 1,snake,snake,/sneɪk/,n.,蛇,p.5,单词,否,是,3504,A核心,保留在主词表,普通词,与浙江中考考频表词头直接匹配,"",7b-vocab_1-8.jpg
NV0896,897,7B,Unit 1,scary,scary,/ˈskeəri/,adj.,吓人的；恐怖的,p.5,单词,否,是,4010,A核心,保留在主词表,普通词,与浙江中考考频表词头直接匹配,"",7b-vocab_1-8.jpg
NV0897,898,7B,Unit 1,neck,neck,/nek/,n.,脖子,p.5,单词,否,是,1526,A核心,保留在主词表,普通词,与浙江中考考频表词头直接匹配,"",7b-vocab_1-8.jpg
NV0898,899,7B,Unit 1,guess,guess,/ges/,v.,猜测；估计,p.5,单词,否,是,863,A核心,保留在主词表,普通词,与浙江中考考频表词头直接匹配,"",7b-vocab_1-8.jpg
NV0899,900,7B,Unit 1,shark,shark,/ʃɑːk/,n.,鲨鱼,p.5,单词,否,是,4478,A核心,保留在主词表,普通词,与浙江中考考频表词头直接匹配,"",7b-vocab_1-8.jpg
NV0900,901,7B,Unit 1,whale,whale,/weɪl/,n.,鲸,p.5,单词,否,是,4267,A核心,保留在主词表,普通词,与浙江中考考频表词头直接匹配,"",7b-vocab_1-8.jpg
NV0901,902,7B,Unit 1,huge,huge,/hjuːdʒ/,adj.,巨大的；极多的,p.5,单词,否,是,912,A核心,保留在主词表,普通词,与浙江中考考频表词头直接匹配,"",7b-vocab_1-8.jpg
NV0902,903,7B,Unit 1,dangerous,dangerous,/ˈdeɪndʒərəs/,adj.,危险的；有危害的,p.5,单词,否,是,1461,A核心,保留在主词表,普通词,与浙江中考考频表词头直接匹配,"",7b-vocab_1-8.jpg
NV0903,904,7B,Unit 1,save,save,/seɪv/,v.,救；储蓄；保存,p.6,单词,否,是,735,A核心,保留在主词表,普通词,与浙江中考考频表词头直接匹配,"",7b-vocab_1-8.jpg
NV0904,905,7B,Unit 1,luck,luck,/lʌk/,n.,幸运；运气,p.6,单词,否,是,2399,A核心,保留在主词表,普通词,与浙江中考考频表词头直接匹配,"",7b-vocab_1-8.jpg
NV0905,906,7B,Unit 1,Thai,thai,/taɪ/,adj. n.,adj. 泰国的；泰国人的 n. 泰国人；泰语,p.6,单词,是,否,,B认读,保留在认读区,普通词,具有明确词性，但未与浙江中考考频表词头直接匹配,"",7b-vocab_1-8.jpg
NV0906,907,7B,Unit 1,trunk,trunk,/trʌŋk/,n.,象鼻,p.6,单词,否,否,,B认读,保留在认读区,普通词,教材词汇，但未与浙江中考考频表词头直接匹配,需在样章阶段复核是否升级为核心,7b-vocab_1-8.jpg
NV0907,908,7B,Unit 1,pick,pick,/pɪk/,v.,捡；摘,p.6,单词,否,是,517,A核心,保留在主词表,普通词,与浙江中考考频表词头直接匹配,"",7b-vocab_1-8.jpg
NV0908,909,7B,Unit 1,pick up,pick up,,,拿起；举起,p.6,多词表达,否,否,,A核心,保留在主词表,短语或固定表达,教材明确列出的短语或句型，应独立掌握,后续需结合短语考查价值再细分,7b-vocab_1-8.jpg
NV0909,910,7B,Unit 1,carry,carry,/ˈkæri/,v.,拿；提,p.6,单词,否,是,487,A核心,保留在主词表,普通词,与浙江中考考频表词头直接匹配,"",7b-vocab_1-8.jpg
NV0910,911,7B,Unit 1,playful,playful,/ˈpleɪfl/,adj.,爱嬉戏的；爱玩的,p.6,单词,否,否,,B认读,保留在认读区,普通词,教材词汇，但未与浙江中考考频表词头直接匹配,需在样章阶段复核是否升级为核心,7b-vocab_1-8.jpg
NV0911,912,7B,Unit 1,swimmer,swimmer,/ˈswɪmə(r)/,n.,游泳者,p.6,单词,否,是,8301,A核心,保留在主词表,普通词,与浙江中考考频表词头直接匹配,"",7b-vocab_1-8.jpg
NV0912,913,7B,Unit 1,one another,one another,,,互相,p.6,多词表达,否,否,,A核心,保留在主词表,短语或固定表达,教材明确列出的短语或句型，应独立掌握,后续需结合短语考查价值再细分,7b-vocab_1-8.jpg
NV0913,914,7B,Unit 1,look after,look after,,,照顾,p.6,多词表达,否,否,,A核心,保留在主词表,短语或固定表达,教材明确列出的短语或句型，应独立掌握,后续需结合短语考查价值再细分,7b-vocab_1-8.jpg
NV0914,915,7B,Unit 1,culture,culture,/ˈkʌltʃə(r)/,n.,文化；文明,p.6,单词,否,是,611,A核心,保留在主词表,普通词,与浙江中考考频表词头直接匹配,"",7b-vocab_1-8.jpg
NV0915,916,7B,Unit 1,however,however,/haʊˈevə(r)/,adv.,然而；不过,p.6,单词,否,否,,B认读,保留在认读区,普通词,教材词汇，但未与浙江中考考频表词头直接匹配,需在样章阶段复核是否升级为核心,7b-vocab_1-8.jpg
NV0916,917,7B,Unit 1,danger,danger,/ˈdeɪndʒə(r)/,n.,危险,p.6,单词,否,否,,B认读,保留在认读区,普通词,教材词汇，但未与浙江中考考频表词头直接匹配,需在样章阶段复核是否升级为核心,7b-vocab_1-8.jpg
NV0917,918,7B,Unit 1,in danger,in danger,,,处于危险之中,p.6,多词表达,否,否,,A核心,保留在主词表,短语或固定表达,教材明确列出的短语或句型，应独立掌握,后续需结合短语考查价值再细分,7b-vocab_1-8.jpg
NV0918,919,7B,Unit 1,forest,forest,/ˈfɒrɪst/,n.,森林,p.6,单词,否,是,1109,A核心,保留在主词表,普通词,与浙江中考考频表词头直接匹配,"",7b-vocab_1-8.jpg
NV0919,920,7B,Unit 1,cut down,cut down,,,砍伐；减少,p.6,多词表达,否,否,,A核心,保留在主词表,短语或固定表达,教材明确列出的短语或句型，应独立掌握,后续需结合短语考查价值再细分,7b-vocab_1-8.jpg
NV0920,921,7B,Unit 1,too many,too many,,,太多,p.6,多词表达,否,否,,A核心,保留在主词表,短语或固定表达,教材明确列出的短语或句型，应独立掌握,后续需结合短语考查价值再细分,7b-vocab_1-8.jpg
NV0921,922,7B,Unit 1,kill,kill,/kɪl/,v.,杀死；弄死,p.6,单词,否,否,,B认读,保留在认读区,普通词,教材词汇，但未与浙江中考考频表词头直接匹配,需在样章阶段复核是否升级为核心,7b-vocab_1-8.jpg
NV0922,923,7B,Unit 1,made of,made of,,,由……制成的,p.6,多词表达,否,否,,A核心,保留在主词表,短语或固定表达,教材明确列出的短语或句型，应独立掌握,后续需结合短语考查价值再细分,7b-vocab_1-8.jpg
NV0923,924,7B,Unit 1,ivory,ivory,/ˈaɪvəri/,n.,象牙,p.6,单词,否,是,6750,A核心,保留在主词表,普通词,与浙江中考考频表词头直接匹配,"",7b-vocab_1-8.jpg
NV0924,925,7B,Unit 1,friendly,friendly,/ˈfrendli/,adj.,友好的,p.7,单词,否,是,2777,A核心,保留在主词表,普通词,与浙江中考考频表词头直接匹配,"",7b-vocab_1-8.jpg
NV0925,926,7B,Unit 1,quite,quite,/kwaɪt/,adv.,相当；完全,p.7,单词,否,是,561,A核心,保留在主词表,普通词,与浙江中考考频表词头直接匹配,"",7b-vocab_1-8.jpg
NV0926,927,7B,Unit 1,quite a,quite a,,,相当；非常,p.7,多词表达,否,否,,A核心,保留在主词表,短语或固定表达,教材明确列出的短语或句型，应独立掌握,后续需结合短语考查价值再细分,7b-vocab_1-8.jpg
NV0927,928,7B,Unit 1,not … at all,not ... at all,,,一点也不；完全不,p.7,多词表达,否,否,,A核心,保留在主词表,短语或固定表达,教材明确列出的短语或句型，应独立掌握,后续需结合短语考查价值再细分,7b-vocab_1-8.jpg
NV0928,929,7B,Unit 1,fur,fur,/fɜː(r)/,n.,（动物浓厚的）软毛,p.7,单词,否,否,,B认读,保留在认读区,普通词,教材词汇，但未与浙江中考考频表词头直接匹配,需在样章阶段复核是否升级为核心,7b-vocab_1-8.jpg
NV0929,930,7B,Unit 1,blind,blind,/blaɪnd/,adj.,瞎的；失明的,p.7,单词,否,是,2733,A核心,保留在主词表,普通词,与浙江中考考频表词头直接匹配,"",7b-vocab_1-8.jpg
NV0930,931,7B,Unit 1,hearing,hearing,/ˈhɪərɪŋ/,n.,听力；听觉,p.7,单词,否,是,1719,A核心,保留在主词表,普通词,与浙江中考考频表词头直接匹配,"",7b-vocab_1-8.jpg
NV0931,932,7B,Unit 1,Antarctica,antarctica,/ænˈtɑːktɪkə/,,南极洲,p.3,单词,是,否,,D复核,等待人工确认,国家或大洲,属于地名，但常见国家和大洲名称可能具有认读价值,确认是剔除还是放入认读区,7b-vocab_1-8.jpg
NV0932,933,7B,Unit 1,Africa,africa,/ˈæfrɪkə/,,非洲,p.5,单词,是,否,,D复核,等待人工确认,国家或大洲,属于地名，但常见国家和大洲名称可能具有认读价值,确认是剔除还是放入认读区,7b-vocab_1-8.jpg
NV0933,934,7B,Unit 1,Malee,malee,/mɑːˈliː/,,马莉,p.6,单词,是,否,,C剔除,从学生主词表剔除,人名,人物名、姓氏或虚构人物名,"",7b-vocab_1-8.jpg
NV0934,935,7B,Unit 1,Thailand,thailand,/ˈtaɪlænd/,,泰国,p.6,单词,是,否,,D复核,等待人工确认,国家或大洲,属于地名，但常见国家和大洲名称可能具有认读价值,确认是剔除还是放入认读区,7b-vocab_1-8.jpg
NV0935,936,7B,Unit 2,rule,rule,/ruːl/,n.,规则；规章,p.9,单词,否,是,633,A核心,保留在主词表,普通词,与浙江中考考频表词头直接匹配,"",7b-vocab_1-8.jpg
NV0936,937,7B,Unit 2,order,order,/ˈɔːdə(r)/,n. v.,n. 秩序；命令 v. 点菜；命令,p.9,单词,否,是,684,A核心,保留在主词表,普通词,与浙江中考考频表词头直接匹配,"",7b-vocab_1-8.jpg
NV0937,938,7B,Unit 2,follow,follow,/ˈfɒləʊ/,v.,遵循；跟随,p.10,单词,否,是,325,A核心,保留在主词表,普通词,与浙江中考考频表词头直接匹配,"",7b-vocab_1-8.jpg
NV0938,939,7B,Unit 2,late for,late for,,,迟到,p.10,多词表达,否,否,,A核心,保留在主词表,短语或固定表达,教材明确列出的短语或句型，应独立掌握,后续需结合短语考查价值再细分,7b-vocab_1-8.jpg
NV0939,940,7B,Unit 2,arrive,arrive,/əˈraɪv/,v.,到达,p.10,单词,否,是,811,A核心,保留在主词表,普通词,与浙江中考考频表词头直接匹配,"",7b-vocab_1-8.jpg
NV0940,941,7B,Unit 2,on time,on time,,,准时,p.10,多词表达,否,否,,A核心,保留在主词表,短语或固定表达,教材明确列出的短语或句型，应独立掌握,后续需结合短语考查价值再细分,7b-vocab_1-8.jpg
NV0941,942,7B,Unit 2,hallway,hallway,/ˈhɔːlweɪ/,n.,走廊,p.10,单词,否,是,3585,A核心,保留在主词表,普通词,与浙江中考考频表词头直接匹配,"",7b-vocab_1-8.jpg
NV0942,943,7B,Unit 2,uniform,uniform,/ˈjuːnɪfɔːm/,n.,校服；制服,p.10,单词,否,是,3062,A核心,保留在主词表,普通词,与浙江中考考频表词头直接匹配,"",7b-vocab_1-8.jpg
NV0943,944,7B,Unit 2,litter,litter,/ˈlɪtə(r)/,v. n.,v. 乱扔 n. 垃圾,p.10,单词,否,是,8240,A核心,保留在主词表,普通词,与浙江中考考频表词头直接匹配,"",7b-vocab_1-8.jpg
NV0944,945,7B,Unit 2,polite,polite,/pəˈlaɪt/,adj.,有礼貌的,p.10,单词,否,是,5555,A核心,保留在主词表,普通词,与浙江中考考频表词头直接匹配,"",7b-vocab_1-8.jpg
NV0945,946,7B,Unit 2,treat,treat,/triːt/,v. n.,v. 对待；招待；治疗 n. 款待,p.10,单词,否,是,961,A核心,保留在主词表,普通词,与浙江中考考频表词头直接匹配,"",7b-vocab_1-8.jpg
NV0946,947,7B,Unit 2,respect,respect,/rɪˈspekt/,n. & v.,尊敬,p.10,单词,否,是,1559,A核心,保留在主词表,普通词,与浙江中考考频表词头直接匹配,"",7b-vocab_1-8.jpg
NV0947,948,7B,Unit 2,if,if,/ɪf/,conj.,如果,p.10,单词,否,否,,B认读,保留在认读区,普通词,教材词汇，但未与浙江中考考频表词头直接匹配,需在样章阶段复核是否升级为核心,7b-vocab_1-8.jpg
NV0948,949,7B,Unit 2,jacket,jacket,/ˈdʒækɪt/,n.,夹克衫；短上衣,p.10,单词,否,是,2281,A核心,保留在主词表,普通词,与浙江中考考频表词头直接匹配,"",7b-vocab_1-8.jpg
NV0949,950,7B,Unit 2,have to,have to,,,不得不,p.10,多词表达,否,否,,A核心,保留在主词表,短语或固定表达,教材明确列出的短语或句型，应独立掌握,后续需结合短语考查价值再细分,7b-vocab_1-8.jpg
NV0950,951,7B,Unit 2,everything,everything,/ˈevriθɪŋ/,pron.,每件事；一切,p.11,单词,否,是,389,A核心,保留在主词表,普通词,与浙江中考考频表词头直接匹配,"",7b-vocab_1-8.jpg
NV0951,952,7B,Unit 2,lend,lend,/lend/,v.,借给；借出,p.11,单词,否,是,3574,A核心,保留在主词表,普通词,与浙江中考考频表词头直接匹配,"",7b-vocab_1-8.jpg
NV0952,953,7B,Unit 2,sweet,sweet,/swiːt/,n. adj.,n. 糖果 adj. 甜的,p.11,单词,否,是,1572,A核心,保留在主词表,普通词,与浙江中考考频表词头直接匹配,"",7b-vocab_1-8.jpg
NV0953,954,7B,Unit 2,snack,snack,/snæk/,n.,点心；小吃,p.11,单词,否,是,5241,A核心,保留在主词表,普通词,与浙江中考考频表词头直接匹配,"",7b-vocab_1-8.jpg
NV0954,955,7B,Unit 2,of course,of course,/kɔːs/,,当然,p.11,多词表达,否,否,,A核心,保留在主词表,短语或固定表达,教材明确列出的短语或句型，应独立掌握,后续需结合短语考查价值再细分,7b-vocab_1-8.jpg
NV0955,956,7B,Unit 2,mobile,mobile,/ˈməʊbaɪl/,adj.,可移动的,p.11,单词,否,是,4730,A核心,保留在主词表,普通词,与浙江中考考频表词头直接匹配,"",7b-vocab_1-8.jpg
NV0956,957,7B,Unit 2,mobile phone,mobile phone,,,手机,p.11,多词表达,否,否,,A核心,保留在主词表,短语或固定表达,教材明确列出的短语或句型，应独立掌握,后续需结合短语考查价值再细分,7b-vocab_1-8.jpg
NV0957,958,7B,Unit 2,turn off,turn off,,,关掉（水、电或煤气）,p.11,多词表达,否,否,,A核心,保留在主词表,短语或固定表达,教材明确列出的短语或句型，应独立掌握,后续需结合短语考查价值再细分,7b-vocab_1-8.jpg
NV0958,959,7B,Unit 2,queue,queue,/kjuː/,n.,队,p.13,单词,否,否,,B认读,保留在认读区,普通词,教材词汇，但未与浙江中考考频表词头直接匹配,需在样章阶段复核是否升级为核心,7b-vocab_1-8.jpg
NV0959,960,7B,Unit 2,jump the queue,jump the queue,,,插队,p.13,多词表达,否,否,,A核心,保留在主词表,短语或固定表达,教材明确列出的短语或句型，应独立掌握,后续需结合短语考查价值再细分,7b-vocab_1-8.jpg
NV0960,961,7B,Unit 2,feed,feed,/fiːd/,v.,喂养；饲养,p.13,单词,否,是,1321,A核心,保留在主词表,普通词,与浙江中考考频表词头直接匹配,"",7b-vocab_1-8.jpg
NV0961,962,7B,Unit 2,leave,leave,/liːv/,v.,离开；留下,p.13,单词,否,否,,B认读,保留在认读区,普通词,教材词汇，但未与浙江中考考频表词头直接匹配,需在样章阶段复核是否升级为核心,7b-vocab_1-8.jpg
NV0962,963,7B,Unit 2,absent,absent,/ˈæbsənt/,adj.,缺席的；不在的,p.13,单词,否,是,5579,A核心,保留在主词表,普通词,与浙江中考考频表词头直接匹配,"",7b-vocab_1-8.jpg
NV0963,964,7B,Unit 2,absent from,absent from,,,缺席；不在,p.13,多词表达,否,否,,A核心,保留在主词表,短语或固定表达,教材明确列出的短语或句型，应独立掌握,后续需结合短语考查价值再细分,7b-vocab_1-8.jpg
NV0964,965,7B,Unit 2,shh,shh,/ʃ/,(= sh) interj.,嘘（用以让别人安静下来）,p.13,单词,否,否,,B认读,保留在认读区,普通词,教材词汇，但未与浙江中考考频表词头直接匹配,需在样章阶段复核是否升级为核心,7b-vocab_1-8.jpg
NV0965,966,7B,Unit 2,quietly,quietly,/ˈkwaɪətli/,adv.,轻声地；安静地,p.13,单词,否,是,2569,A核心,保留在主词表,普通词,与浙江中考考频表词头直接匹配,"",7b-vocab_1-8.jpg
NV0966,967,7B,Unit 2,belt,belt,/belt/,n.,安全带；腰带；皮带,p.13,单词,否,是,2446,A核心,保留在主词表,普通词,与浙江中考考频表词头直接匹配,"",7b-vocab_1-8.jpg
NV0967,968,7B,Unit 2,noise,noise,/nɔɪz/,n.,声音；噪声,p.13,单词,否,是,2023,A核心,保留在主词表,普通词,与浙江中考考频表词头直接匹配,"",7b-vocab_1-8.jpg
NV0968,969,7B,Unit 2,unhappy,unhappy,/ʌnˈhæpi/,adj.,不快乐的,p.14,单词,否,是,4761,A核心,保留在主词表,普通词,与浙江中考考频表词头直接匹配,"",7b-vocab_1-8.jpg
NV0969,970,7B,Unit 2,Dr,dr,(= doctor),,博士；医生,p.14,单词,是,否,,B认读,保留在认读区,缩写或背景概念,有课文理解价值，但不建议作为重点默写词,"",7b-vocab_1-8.jpg
NV0970,971,7B,Unit 2,make sb's/the bed,make sb's/the bed,,,整理床铺；铺床,p.14,多词表达,否,否,,A核心,保留在主词表,短语或固定表达,教材明确列出的短语或句型，应独立掌握,后续需结合短语考查价值再细分,7b-vocab_1-8.jpg
NV0971,972,7B,Unit 2,either,either,/ˈaɪðə(r); ˈiːðə(r)/,adv.,也（用于否定词组后）,p.14,单词,否,是,558,A核心,保留在主词表,普通词,与浙江中考考频表词头直接匹配,"",7b-vocab_1-8.jpg
NV0972,973,7B,Unit 2,practise,practise,/ˈpræktɪs/,v.,训练；练习,p.14,单词,否,否,,B认读,保留在认读区,普通词,教材词汇，但未与浙江中考考频表词头直接匹配,需在样章阶段复核是否升级为核心,7b-vocab_1-8.jpg
NV0973,974,7B,Unit 2,hang,hang,/hæŋ/,v.,悬挂,p.14,单词,否,是,868,A核心,保留在主词表,普通词,与浙江中考考频表词头直接匹配,"",7b-vocab_1-8.jpg
NV0974,975,7B,Unit 2,hang out,hang out,,,闲逛；常去某处,p.14,多词表达,否,否,,A核心,保留在主词表,短语或固定表达,教材明确列出的短语或句型，应独立掌握,后续需结合短语考查价值再细分,7b-vocab_1-8.jpg
NV0975,976,7B,Unit 2,weekday,weekday,/ˈwiːkdeɪ/,n.,工作日（星期一至星期五的任何一天）,p.14,单词,否,是,8465,A核心,保留在主词表,普通词,与浙江中考考频表词头直接匹配,"",7b-vocab_1-8.jpg
NV0976,977,7B,Unit 2,awful,awful,/ˈɔːfl/,adj.,糟糕的；讨厌的,p.14,单词,否,是,3297,A核心,保留在主词表,普通词,与浙江中考考频表词头直接匹配,"",7b-vocab_1-8.jpg
NV0977,978,7B,Unit 2,become,become,/bɪˈkʌm/,v.,变成；成为,p.14,单词,否,是,139,A核心,保留在主词表,普通词,与浙江中考考频表词头直接匹配,"",7b-vocab_1-8.jpg
NV0978,979,7B,Unit 2,better,better,/ˈbetə(r)/,adj. adv.,adj. 较好的 adv. 较好地,p.14,单词,否,否,,B认读,保留在认读区,普通词,教材词汇，但未与浙江中考考频表词头直接匹配,需在样章阶段复核是否升级为核心,7b-vocab_1-8.jpg
NV0979,980,7B,Unit 2,person,person,/ˈpɜːsn/,n.,人,p.14,单词,否,否,,B认读,保留在认读区,普通词,教材词汇，但未与浙江中考考频表词头直接匹配,需在样章阶段复核是否升级为核心,7b-vocab_1-8.jpg
NV0980,981,7B,Unit 2,focus,focus,/ˈfəʊkəs/,v.,集中（注意力、精力等）；聚焦,p.14,单词,否,是,688,A核心,保留在主词表,普通词,与浙江中考考频表词头直接匹配,"",7b-vocab_1-8.jpg
NV0981,982,7B,Unit 2,focus on,focus on,,,集中（注意力、精力等）于,p.14,多词表达,否,否,,A核心,保留在主词表,短语或固定表达,教材明确列出的短语或句型，应独立掌握,后续需结合短语考查价值再细分,7b-vocab_1-8.jpg
NV0982,983,7B,Unit 2,build,build,/bɪld/,v.,创建；建造,p.14,单词,否,否,,B认读,保留在认读区,普通词,教材词汇，但未与浙江中考考频表词头直接匹配,需在样章阶段复核是否升级为核心,7b-vocab_1-8.jpg
NV0983,984,7B,Unit 2,spirit,spirit,/ˈspɪrɪt/,n.,精神；情绪,p.14,单词,否,是,1181,A核心,保留在主词表,普通词,与浙江中考考频表词头直接匹配,"",7b-vocab_1-8.jpg
NV0984,985,7B,Unit 2,think about,think about,,,思考；考虑,p.14,多词表达,否,否,,A核心,保留在主词表,短语或固定表达,教材明确列出的短语或句型，应独立掌握,后续需结合短语考查价值再细分,7b-vocab_1-8.jpg
NV0985,986,7B,Unit 2,relax,relax,/rɪˈlæks/,v.,放松；休息,p.14,单词,否,是,2878,A核心,保留在主词表,普通词,与浙江中考考频表词头直接匹配,"",7b-vocab_1-8.jpg
NV0986,987,7B,Unit 2,advice,advice,/ədˈvaɪs/,n.,建议；意见,p.15,单词,否,是,1646,A核心,保留在主词表,普通词,与浙江中考考频表词头直接匹配,"",7b-vocab_1-8.jpg
NV0987,988,7B,Unit 2,understand,understand,/ˌʌndəˈstænd/,v.,理解；领会,p.15,单词,否,是,320,A核心,保留在主词表,普通词,与浙江中考考频表词头直接匹配,"",7b-vocab_1-8.jpg
NV0988,989,7B,Unit 2,untidy,untidy,/ʌnˈtaɪdi/,adj.,不整洁的,p.15,单词,否,否,,B认读,保留在认读区,普通词,教材词汇，但未与浙江中考考频表词头直接匹配,需在样章阶段复核是否升级为核心,7b-vocab_1-8.jpg
NV0989,990,7B,Unit 2,Mary,mary,/ˈmeəri/,,玛丽,p.10,单词,是,否,,C剔除,从学生主词表剔除,人名,人物名、姓氏或虚构人物名,"",7b-vocab_1-8.jpg
NV0990,991,7B,Unit 2,Tony,tony,/ˈtəʊni/,,托尼,p.10,单词,是,否,,C剔除,从学生主词表剔除,人名,人物名、姓氏或虚构人物名,"",7b-vocab_1-8.jpg
NV0991,992,7B,Unit 2,Anne,anne,/æn/,,安妮,p.11,单词,是,否,,C剔除,从学生主词表剔除,人名,人物名、姓氏或虚构人物名,"",7b-vocab_1-8.jpg
NV0992,993,7B,Unit 2,Eric,eric,/ˈerɪk/,,埃里克,p.15,单词,是,否,,C剔除,从学生主词表剔除,人名,人物名、姓氏或虚构人物名,"",7b-vocab_1-8.jpg
NV0993,994,7B,Unit 3,fit,fit,/fɪt/,adj. v.,adj. 健康的；健壮的 v. 适合,p.17,单词,否,是,1353,A核心,保留在主词表,普通词,与浙江中考考频表词头直接匹配,"",7b-vocab_1-8.jpg
NV0994,995,7B,Unit 3,baseball,baseball,/ˈbeɪsbɔːl/,n.,棒球（运动）,p.18,单词,否,是,1377,A核心,保留在主词表,普通词,与浙江中考考频表词头直接匹配,"",7b-vocab_1-8.jpg
NV0995,996,7B,Unit 3,glove,glove,/glʌv/,n.,（手指分开的）手套,p.18,单词,否,是,3114,A核心,保留在主词表,普通词,与浙江中考考频表词头直接匹配,"",7b-vocab_1-8.jpg
NV0996,997,7B,Unit 3,mat,mat,/mæt/,n.,（运动用的）垫子,p.18,单词,否,是,5707,A核心,保留在主词表,普通词,与浙江中考考频表词头直接匹配,"",7b-vocab_1-8.jpg
NV0997,998,7B,Unit 3,rope,rope,/rəʊp/,n.,绳子；粗绳,p.18,单词,否,是,3330,A核心,保留在主词表,普通词,与浙江中考考频表词头直接匹配,"",7b-vocab_1-8.jpg
NV0998,999,7B,Unit 3,jump rope,jump rope,,,跳绳用的绳子；跳绳（运动）,p.18,多词表达,否,否,,A核心,保留在主词表,短语或固定表达,教材明确列出的短语或句型，应独立掌握,后续需结合短语考查价值再细分,7b-vocab_1-8.jpg
NV0999,1000,7B,Unit 3,racket,racket,/ˈrækɪt/,n.,（网球、羽毛球等的）球拍,p.18,单词,否,否,,B认读,保留在认读区,普通词,教材词汇，但未与浙江中考考频表词头直接匹配,需在样章阶段复核是否升级为核心,7b-vocab_1-8.jpg
NV1000,1001,7B,Unit 3,hardly,hardly,/ˈhɑːdli/,adv.,几乎不；几乎没有,p.18,单词,否,是,1750,A核心,保留在主词表,普通词,与浙江中考考频表词头直接匹配,"",7b-vocab_1-8.jpg
NV1001,1002,7B,Unit 3,ever,ever,/ˈevə(r)/,adv.,在任何时候；从来；曾经,p.18,单词,否,否,,B认读,保留在认读区,普通词,教材词汇，但未与浙江中考考频表词头直接匹配,需在样章阶段复核是否升级为核心,7b-vocab_1-8.jpg
NV1002,1003,7B,Unit 3,hardly ever,hardly ever,,,几乎从不,p.18,多词表达,否,否,,A核心,保留在主词表,短语或固定表达,教材明确列出的短语或句型，应独立掌握,后续需结合短语考查价值再细分,7b-vocab_1-8.jpg
NV1003,1004,7B,Unit 3,once,once,/wʌns/,adv. conj.,adv. 一次；曾经 conj. 一旦,p.18,单词,否,否,,B认读,保留在认读区,普通词,教材词汇，但未与浙江中考考频表词头直接匹配,需在样章阶段复核是否升级为核心,7b-vocab_1-8.jpg
NV1004,1005,7B,Unit 3,twice,twice,/twaɪs/,adv.,两次；两倍,p.18,单词,否,是,1414,A核心,保留在主词表,普通词,与浙江中考考频表词头直接匹配,"",7b-vocab_1-8.jpg
NV1005,1006,7B,Unit 3,mine,mine,/maɪn/,pron.,我的（所有物）,p.19,单词,否,是,2250,A核心,保留在主词表,普通词,与浙江中考考频表词头直接匹配,"",7b-vocab_1-8.jpg
NV1006,1007,7B,Unit 3,hers,hers,/hɜːz; ɜːz/,pron.,她的（所有物）,p.19,单词,否,是,3879,A核心,保留在主词表,普通词,与浙江中考考频表词头直接匹配,"",7b-vocab_1-8.jpg
NV1007,1008,7B,Unit 3,maybe,maybe,/ˈmeɪbi/,adv.,也许；大概,p.19,单词,否,否,,B认读,保留在认读区,普通词,教材词汇，但未与浙江中考考频表词头直接匹配,需在样章阶段复核是否升级为核心,7b-vocab_1-8.jpg
NV1008,1009,7B,Unit 3,well-used,well-used,/ˌwelˈjuːzd/,adj.,使用得多的,p.19,单词,否,否,,B认读,保留在认读区,普通词,教材词汇，但未与浙江中考考频表词头直接匹配,需在样章阶段复核是否升级为核心,7b-vocab_1-8.jpg
NV1009,1010,7B,Unit 3,practice,practice,/ˈpræktɪs/,n.,练习；实践,p.19,单词,否,是,564,A核心,保留在主词表,普通词,与浙江中考考频表词头直接匹配,"",7b-vocab_1-8.jpg
NV1010,1011,7B,Unit 3,perfect,perfect,/ˈpɜːfɪkt/,adj.,完美的；极好的,p.19,单词,否,是,1161,A核心,保留在主词表,普通词,与浙江中考考频表词头直接匹配,"",7b-vocab_1-8.jpg
NV1011,1012,7B,Unit 3,seldom,seldom,/ˈseldəm/,adv.,很少；不常,p.19,单词,否,是,4926,A核心,保留在主词表,普通词,与浙江中考考频表词头直接匹配,"",7b-vocab_1-8.jpg
NV1012,1013,7B,Unit 3,badminton,badminton,/ˈbædmɪntən/,n.,羽毛球运动,p.19,单词,否,是,21337,A核心,保留在主词表,普通词,与浙江中考考频表词头直接匹配,"",7b-vocab_1-8.jpg
NV1013,1014,7B,Unit 3,double,double,/ˈdʌbl/,n. adj.,n. 双打（doubles）；两倍 adj. 成双的；两倍的,p.19,单词,否,是,2216,A核心,保留在主词表,普通词,与浙江中考考频表词头直接匹配,"",7b-vocab_1-8.jpg
NV1014,1015,7B,Unit 3,sometime,sometime,/ˈsʌmtaɪm/,adv.,在某个时候,p.19,单词,否,否,,B认读,保留在认读区,普通词,教材词汇，但未与浙江中考考频表词头直接匹配,需在样章阶段复核是否升级为核心,7b-vocab_1-8.jpg
NV1015,1016,7B,Unit 3,volleyball,volleyball,/ˈvɒlibɔːl/,n.,排球（运动）,p.20,单词,否,是,8037,A核心,保留在主词表,普通词,与浙江中考考频表词头直接匹配,"",7b-vocab_1-8.jpg
NV1016,1017,7B,Unit 3,theirs,theirs,/ðeəz/,pron.,他们的，她们的，它们的（所有物）,p.20,单词,否,是,5481,A核心,保留在主词表,普通词,与浙江中考考频表词头直接匹配,"",7b-vocab_1-8.jpg
NV1017,1018,7B,Unit 3,jog,jog,/dʒɒg/,v.,慢跑,p.20,单词,否,否,,B认读,保留在认读区,普通词,教材词汇，但未与浙江中考考频表词头直接匹配,需在样章阶段复核是否升级为核心,7b-vocab_1-8.jpg
NV1018,1019,7B,Unit 3,few,few,/fjuː/,adj.,（表示否定的）很少的；几乎没有的,p.20,单词,否,否,,B认读,保留在认读区,普通词,教材词汇，但未与浙江中考考频表词头直接匹配,需在样章阶段复核是否升级为核心,7b-vocab_1-8.jpg
NV1019,1020,7B,Unit 3,a few,a few,,,少数；几个,p.20,多词表达,否,否,,A核心,保留在主词表,短语或固定表达,教材明确列出的短语或句型，应独立掌握,后续需结合短语考查价值再细分,7b-vocab_1-8.jpg
NV1020,1021,7B,Unit 3,excuse,excuse,/ɪkˈskjuːz/,v.,原谅；宽恕,p.20,单词,否,是,3507,A核心,保留在主词表,普通词,与浙江中考考频表词头直接匹配,"",7b-vocab_1-8.jpg
NV1021,1022,7B,Unit 3,excuse me,excuse me,,,劳驾；请原谅,p.20,多词表达,否,否,,A核心,保留在主词表,短语或固定表达,教材明确列出的短语或句型，应独立掌握,后续需结合短语考查价值再细分,7b-vocab_1-8.jpg
NV1022,1023,7B,Unit 3,over there,over there,,,在那边,p.21,多词表达,否,否,,A核心,保留在主词表,短语或固定表达,教材明确列出的短语或句型，应独立掌握,后续需结合短语考查价值再细分,7b-vocab_1-8.jpg
NV1023,1024,7B,Unit 3,just,just,/dʒʌst/,adv.,只是；正好,p.21,单词,否,否,,B认读,保留在认读区,普通词,教材词汇，但未与浙江中考考频表词头直接匹配,需在样章阶段复核是否升级为核心,7b-vocab_1-8.jpg
NV1024,1025,7B,Unit 3,T-shirt,t-shirt,/ˈtiː ʃɜːt/,n.,T恤衫,p.21,单词,是,否,,B认读,保留在认读区,普通词,具有明确词性，但未与浙江中考考频表词头直接匹配,"",7b-vocab_1-8.jpg
NV1025,1026,7B,Unit 3,belong,belong,/bɪˈlɒŋ/,v.,应在（某处）,p.21,单词,否,是,1644,A核心,保留在主词表,普通词,与浙江中考考频表词头直接匹配,"",7b-vocab_1-8.jpg
NV1026,1027,7B,Unit 3,belong to,belong to,,,属于（某人）,p.21,多词表达,否,否,,A核心,保留在主词表,短语或固定表达,教材明确列出的短语或句型，应独立掌握,后续需结合短语考查价值再细分,7b-vocab_1-8.jpg
NV1027,1028,7B,Unit 3,working,working,/ˈwɜːkɪŋ/,adj.,工作的,p.21,单词,否,是,2836,A核心,保留在主词表,普通词,与浙江中考考频表词头直接匹配,"",7b-vocab_1-8.jpg
NV1028,1029,7B,Unit 3,working day,working day,,,工作日,p.21,多词表达,否,否,,A核心,保留在主词表,短语或固定表达,教材明确列出的短语或句型，应独立掌握,后续需结合短语考查价值再细分,7b-vocab_1-8.jpg
NV1029,1030,7B,Unit 3,full of,full of,,,有许多；充满,p.21,多词表达,否,否,,A核心,保留在主词表,短语或固定表达,教材明确列出的短语或句型，应独立掌握,后续需结合短语考查价值再细分,7b-vocab_1-8.jpg
NV1030,1031,7B,Unit 3,energy,energy,/ˈenədʒi/,n.,精力；能量,p.21,单词,否,是,615,A核心,保留在主词表,普通词,与浙江中考考频表词头直接匹配,"",7b-vocab_1-8.jpg
NV1031,1032,7B,Unit 3,group,group,/gruːp/,n.,组；群,p.21,单词,否,是,163,A核心,保留在主词表,普通词,与浙江中考考频表词头直接匹配,"",7b-vocab_1-8.jpg
NV1032,1033,7B,Unit 3,skateboard,skateboard,/ˈskeɪtbɔːd/,n.,滑板,p.22,单词,否,否,,B认读,保留在认读区,普通词,教材词汇，但未与浙江中考考频表词头直接匹配,需在样章阶段复核是否升级为核心,7b-vocab_1-8.jpg
NV1033,1034,7B,Unit 3,encourage,encourage,/ɪnˈkʌrɪdʒ/,v.,鼓励；激励,p.22,单词,否,是,1185,A核心,保留在主词表,普通词,与浙江中考考频表词头直接匹配,"",7b-vocab_1-8.jpg
NV1034,1035,7B,Unit 3,trick,trick,/trɪk/,n.,技巧；戏法,p.22,单词,否,是,3087,A核心,保留在主词表,普通词,与浙江中考考频表词头直接匹配,"",7b-vocab_1-8.jpg
NV1035,1036,7B,Unit 3,succeed,succeed,/səkˈsiːd/,v.,成功；达到目标,p.22,单词,否,是,2029,A核心,保留在主词表,普通词,与浙江中考考频表词头直接匹配,"",7b-vocab_1-8.jpg
NV1036,1037,7B,Unit 3,skateboarding,skateboarding,/ˈskeɪtbɔːdɪŋ/,n.,滑板运动,p.22,单词,否,否,,B认读,保留在认读区,普通词,教材词汇，但未与浙江中考考频表词头直接匹配,需在样章阶段复核是否升级为核心,7b-vocab_1-8.jpg
NV1037,1038,7B,Unit 3,goal,goal,/gəʊl/,n.,目标；目的,p.22,单词,否,是,681,A核心,保留在主词表,普通词,与浙江中考考频表词头直接匹配,"",7b-vocab_1-8.jpg
NV1038,1039,7B,Unit 3,sit-up,sit-up,/ˈsɪtʌp/,n.,仰卧起坐,p.22,单词,否,否,,B认读,保留在认读区,普通词,教材词汇，但未与浙江中考考频表词头直接匹配,需在样章阶段复核是否升级为核心,7b-vocab_1-8.jpg
NV1039,1040,7B,Unit 3,work out,work out,,,锻炼,p.22,多词表达,否,否,,A核心,保留在主词表,短语或固定表达,教材明确列出的短语或句型，应独立掌握,后续需结合短语考查价值再细分,7b-vocab_1-8.jpg
NV1040,1041,7B,Unit 3,app,app,/æp/,(= application /ˌæplɪˈkeɪʃn/) n.,应用程序,p.22,单词,否,否,,B认读,保留在认读区,普通词,教材词汇，但未与浙江中考考频表词头直接匹配,需在样章阶段复核是否升级为核心,7b-vocab_1-8.jpg
NV1041,1042,7B,Unit 3,progress,progress,/ˈprəʊgres/,n.,进步；进展,p.22,单词,否,是,1513,A核心,保留在主词表,普通词,与浙江中考考频表词头直接匹配,"",7b-vocab_1-8.jpg
NV1042,1043,7B,Unit 3,match,match,/mætʃ/,n.,比赛；竞赛,p.22,单词,否,是,1982,A核心,保留在主词表,普通词,与浙江中考考频表词头直接匹配,"",7b-vocab_1-8.jpg
NV1043,1044,7B,Unit 3,team,team,/tiːm/,n.,队；组,p.22,单词,否,否,,B认读,保留在认读区,普通词,教材词汇，但未与浙江中考考频表词头直接匹配,需在样章阶段复核是否升级为核心,7b-vocab_1-8.jpg
NV1044,1045,7B,Unit 3,ours,ours,/ˈaʊəz; ɑːz/,pron.,我们的（所有物）,p.22,单词,否,是,4131,A核心,保留在主词表,普通词,与浙江中考考频表词头直接匹配,"",7b-vocab_1-8.jpg
NV1045,1046,7B,Unit 3,lose,lose,/luːz/,v.,输掉；丢失,p.22,单词,否,否,,B认读,保留在认读区,普通词,教材词汇，但未与浙江中考考频表词头直接匹配,需在样章阶段复核是否升级为核心,7b-vocab_1-8.jpg
NV1046,1047,7B,Unit 3,teenager,teenager,/ˈtiːneɪdʒə(r)/,n.,青少年（13岁至19岁之间）,p.23,单词,否,是,2456,A核心,保留在主词表,普通词,与浙江中考考频表词头直接匹配,"",7b-vocab_1-8.jpg
NV1047,1048,7B,Unit 3,Steve,steve,/stiːv/,,史蒂夫,p.22,单词,是,否,,C剔除,从学生主词表剔除,人名,人物名、姓氏或虚构人物名,"",7b-vocab_1-8.jpg
NV1048,1049,7B,Unit 4,watermelon,watermelon,/ˈwɔːtəˌmelən/,n.,西瓜,p.26,单词,否,是,11221,A核心,保留在主词表,普通词,与浙江中考考频表词头直接匹配,"",7b-vocab_1-8.jpg
NV1049,1050,7B,Unit 4,cabbage,cabbage,/ˈkæbɪdʒ/,n.,卷心菜,p.26,单词,否,是,7088,A核心,保留在主词表,普通词,与浙江中考考频表词头直接匹配,"",7b-vocab_1-8.jpg
NV1050,1051,7B,Unit 4,mutton,mutton,/ˈmʌtn/,n.,羊肉,p.26,单词,否,是,23746,A核心,保留在主词表,普通词,与浙江中考考频表词头直接匹配,"",7b-vocab_1-8.jpg
NV1051,1052,7B,Unit 4,cookie,cookie,/ˈkʊki/,n.,曲奇饼,p.26,单词,否,是,3290,A核心,保留在主词表,普通词,与浙江中考考频表词头直接匹配,"",7b-vocab_1-8.jpg
NV1052,1053,7B,Unit 4,onion,onion,/ˈʌnjən/,n.,洋葱；葱头,p.26,单词,否,是,2583,A核心,保留在主词表,普通词,与浙江中考考频表词头直接匹配,"",7b-vocab_1-8.jpg
NV1053,1054,7B,Unit 4,dumpling,dumpling,/ˈdʌmplɪŋ/,n.,饺子,p.26,单词,否,否,,B认读,保留在认读区,普通词,教材词汇，但未与浙江中考考频表词头直接匹配,需在样章阶段复核是否升级为核心,7b-vocab_1-8.jpg
NV1054,1055,7B,Unit 4,coffee,coffee,/ˈkɒfi/,n.,咖啡,p.26,单词,否,是,1392,A核心,保留在主词表,普通词,与浙江中考考频表词头直接匹配,"",7b-vocab_1-8.jpg
NV1055,1056,7B,Unit 4,bean,bean,/biːn/,n.,豆,p.26,单词,否,是,2367,A核心,保留在主词表,普通词,与浙江中考考频表词头直接匹配,"",7b-vocab_1-8.jpg
NV1056,1057,7B,Unit 4,chip,chip,/tʃɪp/,n.,炸薯条,p.26,单词,否,是,2172,A核心,保留在主词表,普通词,与浙江中考考频表词头直接匹配,"",7b-vocab_1-8.jpg
NV1057,1058,7B,Unit 4,fish and chips,fish and chips,,,炸鱼薯条,p.26,多词表达,否,否,,A核心,保留在主词表,短语或固定表达,教材明确列出的短语或句型，应独立掌握,后续需结合短语考查价值再细分,7b-vocab_1-8.jpg
NV1058,1059,7B,Unit 4,salad,salad,/ˈsæləd/,n.,沙拉；色拉,p.26,单词,否,是,2790,A核心,保留在主词表,普通词,与浙江中考考频表词头直接匹配,"",7b-vocab_1-8.jpg
NV1059,1060,7B,Unit 4,porridge,porridge,/ˈpɒrɪdʒ/,n.,粥；麦片粥,p.26,单词,否,是,19750,A核心,保留在主词表,普通词,与浙江中考考频表词头直接匹配,"",7b-vocab_1-8.jpg
NV1060,1061,7B,Unit 4,waiter,waiter,/ˈweɪtə(r)/,n.,（男）服务员,p.27,单词,否,是,5523,A核心,保留在主词表,普通词,与浙江中考考频表词头直接匹配,"",7b-vocab_1-8.jpg
NV1061,1062,7B,Unit 4,What about …?,what about ...?,,,……怎么样？,p.27,多词表达,是,否,,A核心,保留在主词表,核心表达,教材明确列出的常用交际表达或固定搭配,"",7b-vocab_1-8.jpg
NV1062,1063,7B,Unit 4,taste,taste,/teɪst/,v. n.,v. 有……味道；尝 n. 味道,p.27,单词,否,是,2042,A核心,保留在主词表,普通词,与浙江中考考频表词头直接匹配,"",7b-vocab_1-8.jpg
NV1063,1064,7B,Unit 4,anything,anything,/ˈeniθɪŋ/,pron.,某事物；任何事物,p.27,单词,否,否,,B认读,保留在认读区,普通词,教材词汇，但未与浙江中考考频表词头直接匹配,需在样章阶段复核是否升级为核心,7b-vocab_1-8.jpg
NV1064,1065,7B,Unit 4,dish,dish,/dɪʃ/,n.,一道菜；盘子,p.27,单词,否,是,1945,A核心,保留在主词表,普通词,与浙江中考考频表词头直接匹配,"",7b-vocab_1-8.jpg
NV1065,1066,7B,Unit 4,choice,choice,/tʃɔɪs/,n.,选择,p.28,单词,否,是,630,A核心,保留在主词表,普通词,与浙江中考考频表词头直接匹配,"",7b-vocab_1-8.jpg
NV1066,1067,7B,Unit 4,meal,meal,/miːl/,n.,一餐所吃的食物；一餐,p.28,单词,否,是,1718,A核心,保留在主词表,普通词,与浙江中考考频表词头直接匹配,"",7b-vocab_1-8.jpg
NV1067,1068,7B,Unit 4,pork,pork,/pɔːk/,n.,猪肉,p.28,单词,否,否,,B认读,保留在认读区,普通词,教材词汇，但未与浙江中考考频表词头直接匹配,需在样章阶段复核是否升级为核心,7b-vocab_1-8.jpg
NV1068,1069,7B,Unit 4,strawberry,strawberry,/ˈstrɔːbəri/,n.,草莓,p.28,单词,否,是,5497,A核心,保留在主词表,普通词,与浙江中考考频表词头直接匹配,"",7b-vocab_1-8.jpg
NV1069,1070,7B,Unit 4,menu,menu,/ˈmenjuː/,n.,菜单,p.28,单词,否,是,3105,A核心,保留在主词表,普通词,与浙江中考考频表词头直接匹配,"",7b-vocab_1-8.jpg
NV1070,1071,7B,Unit 4,customer,customer,/ˈkʌstəmə(r)/,n.,顾客,p.29,单词,否,是,1099,A核心,保留在主词表,普通词,与浙江中考考频表词头直接匹配,"",7b-vocab_1-8.jpg
NV1071,1072,7B,Unit 4,serve,serve,/sɜːv/,v.,提供；服务,p.29,单词,否,是,401,A核心,保留在主词表,普通词,与浙江中考考频表词头直接匹配,"",7b-vocab_1-8.jpg
NV1072,1073,7B,Unit 4,waitress,waitress,/ˈweɪtrəs/,n.,女服务员,p.29,单词,否,是,6479,A核心,保留在主词表,普通词,与浙江中考考频表词头直接匹配,"",7b-vocab_1-8.jpg
NV1073,1074,7B,Unit 4,sir,sir,/sɜː(r)/,n.,先生,p.29,单词,否,是,2120,A核心,保留在主词表,普通词,与浙江中考考频表词头直接匹配,"",7b-vocab_1-8.jpg
NV1074,1075,7B,Unit 4,go with,go with,,,搭配；相配,p.29,多词表达,否,否,,A核心,保留在主词表,短语或固定表达,教材明确列出的短语或句型，应独立掌握,后续需结合短语考查价值再细分,7b-vocab_1-8.jpg
NV1075,1076,7B,Unit 4,instead,instead,/ɪnˈsted/,adv.,反而；代替,p.29,单词,否,是,995,A核心,保留在主词表,普通词,与浙江中考考频表词头直接匹配,"",7b-vocab_1-8.jpg
NV1076,1077,7B,Unit 4,pear,pear,/peə(r)/,n.,梨,p.29,单词,否,是,6957,A核心,保留在主词表,普通词,与浙江中考考频表词头直接匹配,"",7b-vocab_1-8.jpg
NV1077,1078,7B,Unit 4,too much,too much,,,太多,p.29,多词表达,否,否,,A核心,保留在主词表,短语或固定表达,教材明确列出的短语或句型，应独立掌握,后续需结合短语考查价值再细分,7b-vocab_1-8.jpg
NV1078,1079,7B,Unit 4,sugar,sugar,/ˈʃʊgə(r)/,n.,糖,p.29,单词,否,是,1596,A核心,保留在主词表,普通词,与浙江中考考频表词头直接匹配,"",7b-vocab_1-8.jpg
NV1079,1080,7B,Unit 4,improve,improve,/ɪmˈpruːv/,v.,改进；改善,p.30,单词,否,是,996,A核心,保留在主词表,普通词,与浙江中考考频表词头直接匹配,"",7b-vocab_1-8.jpg
NV1080,1081,7B,Unit 4,habit,habit,/ˈhæbɪt/,n.,习惯,p.30,单词,否,是,2322,A核心,保留在主词表,普通词,与浙江中考考频表词头直接匹配,"",7b-vocab_1-8.jpg
NV1081,1082,7B,Unit 4,fast food,fast food,,,快餐,p.30,多词表达,否,否,,A核心,保留在主词表,短语或固定表达,教材明确列出的短语或句型，应独立掌握,后续需结合短语考查价值再细分,7b-vocab_1-8.jpg
NV1082,1083,7B,Unit 4,salt,salt,/sɔːlt; sɒlt/,n.,盐,p.30,单词,否,是,1576,A核心,保留在主词表,普通词,与浙江中考考频表词头直接匹配,"",7b-vocab_1-8.jpg
NV1083,1084,7B,Unit 4,fat,fat,/fæt/,n. adj.,n. 脂肪 adj. 肥胖的,p.30,单词,否,否,,B认读,保留在认读区,普通词,教材词汇，但未与浙江中考考频表词头直接匹配,需在样章阶段复核是否升级为核心,7b-vocab_1-8.jpg
NV1084,1085,7B,Unit 4,put on,put on,,,增加；穿上,p.30,多词表达,否,否,,A核心,保留在主词表,短语或固定表达,教材明确列出的短语或句型，应独立掌握,后续需结合短语考查价值再细分,7b-vocab_1-8.jpg
NV1085,1086,7B,Unit 4,weight,weight,/weɪt/,n.,体重；重量,p.30,单词,否,是,955,A核心,保留在主词表,普通词,与浙江中考考频表词头直接匹配,"",7b-vocab_1-8.jpg
NV1086,1087,7B,Unit 4,hamburger,hamburger,/ˈhæmbɜːgə(r)/,n.,汉堡包,p.30,单词,否,是,7608,A核心,保留在主词表,普通词,与浙江中考考频表词头直接匹配,"",7b-vocab_1-8.jpg
NV1087,1088,7B,Unit 4,cause,cause,/kɔːz/,v.,造成；导致,p.30,单词,否,是,601,A核心,保留在主词表,普通词,与浙江中考考频表词头直接匹配,"",7b-vocab_1-8.jpg
NV1088,1089,7B,Unit 4,heart,heart,/hɑːt/,n.,心脏；中心,p.30,单词,否,是,460,A核心,保留在主词表,普通词,与浙江中考考频表词头直接匹配,"",7b-vocab_1-8.jpg
NV1089,1090,7B,Unit 4,balanced,balanced,/ˈbælənst/,adj.,均衡的；平衡的,p.30,单词,否,否,,B认读,保留在认读区,普通词,教材词汇，但未与浙江中考考频表词头直接匹配,需在样章阶段复核是否升级为核心,7b-vocab_1-8.jpg
NV1090,1091,7B,Unit 4,too … to,too ... to,,,太……以至于不能,p.30,多词表达,否,否,,A核心,保留在主词表,短语或固定表达,教材明确列出的短语或句型，应独立掌握,后续需结合短语考查价值再细分,7b-vocab_1-8.jpg
NV1091,1092,7B,Unit 4,sleepy,sleepy,/ˈsliːpi/,adj.,困倦的；想睡的,p.30,单词,否,是,7551,A核心,保留在主词表,普通词,与浙江中考考频表词头直接匹配,"",7b-vocab_1-8.jpg
NV1092,1093,7B,Unit 4,after all,after all,,,毕竟；终归,p.30,多词表达,否,否,,A核心,保留在主词表,短语或固定表达,教材明确列出的短语或句型，应独立掌握,后续需结合短语考查价值再细分,7b-vocab_1-8.jpg
NV1093,1094,7B,Unit 4,away,away,/əˈweɪ/,adv.,离开；在别处,p.30,单词,否,否,,B认读,保留在认读区,普通词,教材词汇，但未与浙江中考考频表词头直接匹配,需在样章阶段复核是否升级为核心,7b-vocab_1-8.jpg
NV1094,1095,7B,Unit 4,poor,poor,/pɔː(r); pʊə(r)/,adj.,不好的；贫穷的；可怜的,p.31,单词,否,否,,B认读,保留在认读区,普通词,教材词汇，但未与浙江中考考频表词头直接匹配,需在样章阶段复核是否升级为核心,7b-vocab_1-8.jpg
NV1095,1096,7B,Unit 4,result,result,/rɪˈzʌlt/,n.,后果；结果,p.31,单词,否,是,354,A核心,保留在主词表,普通词,与浙江中考考频表词头直接匹配,"",7b-vocab_1-8.jpg
NV1096,1097,7B,Unit 4,article,article,/ˈɑːtɪkl/,n.,文章；冠词,p.31,单词,否,是,731,A核心,保留在主词表,普通词,与浙江中考考频表词头直接匹配,"",7b-vocab_1-8.jpg
NV1097,1098,7B,Unit 4,common,common,/ˈkɒmən/,adj.,共同的；普遍的,p.31,单词,否,是,710,A核心,保留在主词表,普通词,与浙江中考考频表词头直接匹配,"",7b-vocab_1-8.jpg
NV1098,1099,7B,Unit 4,among,among,/əˈmʌŋ/,prep.,在……中；……之一,p.31,单词,否,是,279,A核心,保留在主词表,普通词,与浙江中考考频表词头直接匹配,"",7b-vocab_1-8.jpg
NV1099,1100,7B,Unit 4,soft,soft,/sɒft/,adj.,柔和的；柔软的,p.31,单词,否,否,,B认读,保留在认读区,普通词,教材词汇，但未与浙江中考考频表词头直接匹配,需在样章阶段复核是否升级为核心,7b-vocab_1-8.jpg
NV1100,1101,7B,Unit 4,soft drink,soft drink,,,软饮料（不含酒精）,p.31,多词表达,否,否,,A核心,保留在主词表,短语或固定表达,教材明确列出的短语或句型，应独立掌握,后续需结合短语考查价值再细分,7b-vocab_1-8.jpg
NV1101,1102,7B,Unit 4,enough,enough,/ɪˈnʌf/,adj. adv. pron.,adj. 足够的；充足的 adv. 足够地；充分地 pron. 足够；充分,p.31,单词,否,是,374,A核心,保留在主词表,普通词,与浙江中考考频表词头直接匹配,"",7b-vocab_1-8.jpg
NV1102,1103,7B,Unit 4,thirsty,thirsty,/ˈθɜːsti/,adj.,渴的,p.31,单词,否,是,10556,A核心,保留在主词表,普通词,与浙江中考考频表词头直接匹配,"",7b-vocab_1-8.jpg
NV1103,1104,7B,Unit 4,Gongbao chicken,gongbao chicken,,,宫保鸡丁,p.27,多词表达,是,否,,C剔除,从学生主词表剔除,低考试价值文化词,文化背景专名或外语教育制度名称，预计不要求拼写,可保留在文化附录,7b-vocab_1-8.jpg
NV1104,1105,7B,Unit 4,America,america,/əˈmerɪkə/,,美国；美洲,p.27,单词,是,否,,D复核,等待人工确认,国家或大洲,属于地名，但常见国家和大洲名称可能具有认读价值,确认是剔除还是放入认读区,7b-vocab_1-8.jpg
NV1105,1106,7B,Unit 4,Dongpo pork,dongpo pork,,,东坡肉,p.28,多词表达,是,否,,C剔除,从学生主词表剔除,低考试价值文化词,文化背景专名或外语教育制度名称，预计不要求拼写,可保留在文化附录,7b-vocab_1-8.jpg
NV1106,1107,7B,Unit 5,right now,right now,,,现在；立刻,p.34,多词表达,否,否,,A核心,保留在主词表,短语或固定表达,教材明确列出的短语或句型，应独立掌握,后续需结合短语考查价值再细分,7b-vocab_1-8.jpg
NV1107,1108,7B,Unit 5,ride,ride,/raɪd/,v. n.,v. 骑 n. 旅程,p.34,单词,否,否,,B认读,保留在认读区,普通词,教材词汇，但未与浙江中考考频表词头直接匹配,需在样章阶段复核是否升级为核心,7b-vocab_1-8.jpg
NV1108,1109,7B,Unit 5,moment,moment,/ˈməʊmənt/,n.,某个时刻；片刻；瞬间,p.34,单词,否,是,369,A核心,保留在主词表,普通词,与浙江中考考频表词头直接匹配,"",7b-vocab_1-8.jpg
NV1109,1110,7B,Unit 5,at the moment,at the moment,,,现在；此刻,p.34,多词表达,否,否,,A核心,保留在主词表,短语或固定表达,教材明确列出的短语或句型，应独立掌握,后续需结合短语考查价值再细分,7b-vocab_1-8.jpg
NV1110,1111,7B,Unit 5,work on,work on,,,做；从事,p.34,多词表达,否,否,,A核心,保留在主词表,短语或固定表达,教材明确列出的短语或句型，应独立掌握,后续需结合短语考查价值再细分,7b-vocab_1-8.jpg
NV1111,1112,7B,Unit 5,dragon,dragon,/ˈdrægən/,n.,龙,p.35,单词,否,是,5137,A核心,保留在主词表,普通词,与浙江中考考频表词头直接匹配,"",7b-vocab_1-8.jpg
NV1112,1113,7B,Unit 5,festival,festival,/ˈfestɪvl/,n.,节日,p.35,单词,否,是,3723,A核心,保留在主词表,普通词,与浙江中考考频表词头直接匹配,"",7b-vocab_1-8.jpg
NV1113,1114,7B,Unit 5,hold,hold,/həʊld/,v.,拿着；抓住,p.35,单词,否,是,213,A核心,保留在主词表,普通词,与浙江中考考频表词头直接匹配,"",7b-vocab_1-8.jpg
NV1114,1115,7B,Unit 5,hold on,hold on,,,别挂断电话；等一等,p.35,多词表达,否,否,,A核心,保留在主词表,短语或固定表达,教材明确列出的短语或句型，应独立掌握,后续需结合短语考查价值再细分,7b-vocab_1-8.jpg
NV1115,1116,7B,Unit 5,voice,voice,/vɔɪs/,n.,嗓音；声音,p.35,单词,否,否,,B认读,保留在认读区,普通词,教材词汇，但未与浙江中考考频表词头直接匹配,需在样章阶段复核是否升级为核心,7b-vocab_1-8.jpg
NV1116,1117,7B,Unit 5,race,race,/reɪs/,n.,比赛；竞赛,p.35,单词,否,是,716,A核心,保留在主词表,普通词,与浙江中考考频表词头直接匹配,"",7b-vocab_1-8.jpg
NV1117,1118,7B,Unit 5,darling,darling,/ˈdɑːlɪŋ/,n.,亲爱的；宝贝,p.35,单词,否,否,,B认读,保留在认读区,普通词,教材词汇，但未与浙江中考考频表词头直接匹配,需在样章阶段复核是否升级为核心,7b-vocab_1-8.jpg
NV1118,1119,7B,Unit 5,somebody,somebody,/ˈsʌmbədi/,pron.,某人；有人,p.36,单词,否,是,1001,A核心,保留在主词表,普通词,与浙江中考考频表词头直接匹配,"",7b-vocab_1-8.jpg
NV1119,1120,7B,Unit 5,could,could,/kʊd; kəd/,modal v.,能；可以,p.36,单词,否,否,,B认读,保留在认读区,普通词,教材词汇，但未与浙江中考考频表词头直接匹配,需在样章阶段复核是否升级为核心,7b-vocab_1-8.jpg
NV1120,1121,7B,Unit 5,message,message,/ˈmesɪdʒ/,n.,消息；信息,p.36,单词,否,是,807,A核心,保留在主词表,普通词,与浙江中考考频表词头直接匹配,"",7b-vocab_1-8.jpg
NV1121,1122,7B,Unit 5,take a message,take a message,,,捎个口信,p.36,多词表达,否,否,,A核心,保留在主词表,短语或固定表达,教材明确列出的短语或句型，应独立掌握,后续需结合短语考查价值再细分,7b-vocab_1-8.jpg
NV1122,1123,7B,Unit 5,leave a message,leave a message,,,留个口信,p.36,多词表达,否,否,,A核心,保留在主词表,短语或固定表达,教材明确列出的短语或句型，应独立掌握,后续需结合短语考查价值再细分,7b-vocab_1-8.jpg
NV1123,1124,7B,Unit 5,call back,call back,,,回电话,p.36,多词表达,否,否,,A核心,保留在主词表,短语或固定表达,教材明确列出的短语或句型，应独立掌握,后续需结合短语考查价值再细分,7b-vocab_1-8.jpg
NV1124,1125,7B,Unit 5,kick,kick,/kɪk/,v.,踢；蹬,p.37,单词,否,是,1825,A核心,保留在主词表,普通词,与浙江中考考频表词头直接匹配,"",7b-vocab_1-8.jpg
NV1125,1126,7B,Unit 5,wow,wow,/waʊ/,interj.,哇；呀,p.37,单词,否,否,,B认读,保留在认读区,普通词,教材词汇，但未与浙江中考考频表词头直接匹配,需在样章阶段复核是否升级为核心,7b-vocab_1-8.jpg
NV1126,1127,7B,Unit 5,online,online,/ˌɒnˈlaɪn/,adj.,在线的,p.37,单词,否,是,2271,A核心,保留在主词表,普通词,与浙江中考考频表词头直接匹配,"",7b-vocab_1-8.jpg
NV1127,1128,7B,Unit 5,shuttlecock,shuttlecock,/ˈʃʌtlkɒk/,n.,羽毛球,p.37,单词,否,否,,B认读,保留在认读区,普通词,教材词汇，但未与浙江中考考频表词头直接匹配,需在样章阶段复核是否升级为核心,7b-vocab_1-8.jpg
NV1128,1129,7B,Unit 5,sight,sight,/saɪt/,n.,名胜；风景；视力,p.37,单词,否,是,1634,A核心,保留在主词表,普通词,与浙江中考考频表词头直接匹配,"",7b-vocab_1-8.jpg
NV1129,1130,7B,Unit 5,exam,exam,/ɪgˈzæm/,(= examination /ɪgˌzæmɪˈneɪʃn/) n.,考试,p.37,单词,否,是,4257,A核心,保留在主词表,普通词,与浙江中考考频表词头直接匹配,"",7b-vocab_1-8.jpg
NV1130,1131,7B,Unit 5,hope,hope,/həʊp/,v. & n.,希望,p.37,单词,否,否,,B认读,保留在认读区,普通词,教材词汇，但未与浙江中考考频表词头直接匹配,需在样章阶段复核是否升级为核心,7b-vocab_1-8.jpg
NV1131,1132,7B,Unit 5,forward,forward,/ˈfɔːwəd/,adv.,向前,p.37,单词,否,是,816,A核心,保留在主词表,普通词,与浙江中考考频表词头直接匹配,"",7b-vocab_1-8.jpg
NV1132,1133,7B,Unit 5,look forward to,look forward to,,,盼望,p.37,多词表达,否,否,,A核心,保留在主词表,短语或固定表达,教材明确列出的短语或句型，应独立掌握,后续需结合短语考查价值再细分,7b-vocab_1-8.jpg
NV1133,1134,7B,Unit 5,skate,skate,/skeɪt/,v.,滑冰,p.37,单词,否,是,5828,A核心,保留在主词表,普通词,与浙江中考考频表词头直接匹配,"",7b-vocab_1-8.jpg
NV1134,1135,7B,Unit 5,happen,happen,/ˈhæpən/,v.,发生,p.38,单词,否,是,216,A核心,保留在主词表,普通词,与浙江中考考频表词头直接匹配,"",7b-vocab_1-8.jpg
NV1135,1136,7B,Unit 5,zone,zone,/zəʊn/,n.,地区；地带；区域,p.38,单词,否,否,,B认读,保留在认读区,普通词,教材词汇，但未与浙江中考考频表词头直接匹配,需在样章阶段复核是否升级为核心,7b-vocab_1-8.jpg
NV1136,1137,7B,Unit 5,time zone,time zone,,,时区,p.38,多词表达,否,否,,A核心,保留在主词表,短语或固定表达,教材明确列出的短语或句型，应独立掌握,后续需结合短语考查价值再细分,7b-vocab_1-8.jpg
NV1137,1138,7B,Unit 5,around the world,around the world,,,世界各地,p.38,多词表达,否,否,,A核心,保留在主词表,短语或固定表达,教材明确列出的短语或句型，应独立掌握,后续需结合短语考查价值再细分,7b-vocab_1-8.jpg
NV1138,1139,7B,Unit 5,rush,rush,/rʌʃ/,v. & n.,冲；奔,p.38,单词,否,是,1966,A核心,保留在主词表,普通词,与浙江中考考频表词头直接匹配,"",7b-vocab_1-8.jpg
NV1139,1140,7B,Unit 5,in a hurry,in a hurry,,,匆忙,p.38,多词表达,否,否,,A核心,保留在主词表,短语或固定表达,教材明确列出的短语或句型，应独立掌握,后续需结合短语考查价值再细分,7b-vocab_1-8.jpg
NV1140,1141,7B,Unit 5,shine,shine,/ʃaɪn/,v. n.,v. 发光；照耀 n. 光亮,p.38,单词,否,是,3408,A核心,保留在主词表,普通词,与浙江中考考频表词头直接匹配,"",7b-vocab_1-8.jpg
NV1141,1142,7B,Unit 5,brightly,brightly,/ˈbraɪtli/,adv.,明亮地,p.38,单词,否,否,,B认读,保留在认读区,普通词,教材词汇，但未与浙江中考考频表词头直接匹配,需在样章阶段复核是否升级为核心,7b-vocab_1-8.jpg
NV1142,1143,7B,Unit 5,colourful,colourful,/ˈkʌləfl/,adj.,色彩鲜艳的,p.38,单词,否,否,,B认读,保留在认读区,普通词,教材词汇，但未与浙江中考考频表词头直接匹配,需在样章阶段复核是否升级为核心,7b-vocab_1-8.jpg
NV1143,1144,7B,Unit 5,slowly,slowly,/ˈsləʊli/,adv.,缓慢地,p.38,单词,否,是,1224,A核心,保留在主词表,普通词,与浙江中考考频表词头直接匹配,"",7b-vocab_1-8.jpg
NV1144,1145,7B,Unit 5,such,such,/sʌtʃ/,adj. pron.,adj. 这样的；那样的 pron. 这样（那样）的人或事物,p.38,单词,否,否,,B认读,保留在认读区,普通词,教材词汇，但未与浙江中考考频表词头直接匹配,需在样章阶段复核是否升级为核心,7b-vocab_1-8.jpg
NV1145,1146,7B,Unit 5,such as,such as,,,例如,p.38,多词表达,否,否,,A核心,保留在主词表,短语或固定表达,教材明确列出的短语或句型，应独立掌握,后续需结合短语考查价值再细分,7b-vocab_1-8.jpg
NV1146,1147,7B,Unit 5,painting,painting,/ˈpeɪntɪŋ/,n.,绘画作品；绘画；油画,p.38,单词,否,是,1057,A核心,保留在主词表,普通词,与浙江中考考频表词头直接匹配,"",7b-vocab_1-8.jpg
NV1147,1148,7B,Unit 5,market,market,/ˈmɑːkɪt/,n.,市场,p.38,单词,否,是,402,A核心,保留在主词表,普通词,与浙江中考考频表词头直接匹配,"",7b-vocab_1-8.jpg
NV1148,1149,7B,Unit 5,side,side,/saɪd/,n.,边；侧,p.38,单词,否,否,,B认读,保留在认读区,普通词,教材词汇，但未与浙江中考考频表词头直接匹配,需在样章阶段复核是否升级为核心,7b-vocab_1-8.jpg
NV1149,1150,7B,Unit 5,side by side,side by side,,,并排；并肩地,p.38,多词表达,否,否,,A核心,保留在主词表,短语或固定表达,教材明确列出的短语或句型，应独立掌握,后续需结合短语考查价值再细分,7b-vocab_1-8.jpg
NV1150,1151,7B,Unit 5,subway,subway,/ˈsʌbweɪ/,n.,地铁,p.38,单词,否,是,5443,A核心,保留在主词表,普通词,与浙江中考考频表词头直接匹配,"",7b-vocab_1-8.jpg
NV1151,1152,7B,Unit 5,bright,bright,/braɪt/,adj.,鲜艳的；明亮的；聪明的,p.38,单词,否,是,1312,A核心,保留在主词表,普通词,与浙江中考考频表词头直接匹配,"",7b-vocab_1-8.jpg
NV1152,1153,7B,Unit 5,drop,drop,/drɒp/,v. n.,v. 把……送至；落下 n. 滴；下降,p.38,单词,否,是,690,A核心,保留在主词表,普通词,与浙江中考考频表词头直接匹配,"",7b-vocab_1-8.jpg
NV1153,1154,7B,Unit 5,drop off,drop off,,,（开车）把某人送到某处,p.38,多词表达,否,否,,A核心,保留在主词表,短语或固定表达,教材明确列出的短语或句型，应独立掌握,后续需结合短语考查价值再细分,7b-vocab_1-8.jpg
NV1154,1155,7B,Unit 5,passenger,passenger,/ˈpæsɪndʒə(r)/,n.,乘客,p.38,单词,否,是,2091,A核心,保留在主词表,普通词,与浙江中考考频表词头直接匹配,"",7b-vocab_1-8.jpg
NV1155,1156,7B,Unit 5,central,central,/ˈsentrəl/,adj.,中心的；中央的,p.38,单词,否,是,743,A核心,保留在主词表,普通词,与浙江中考考频表词头直接匹配,"",7b-vocab_1-8.jpg
NV1156,1157,7B,Unit 5,explain,explain,/ɪkˈspleɪn/,v.,解释；说明,p.39,单词,否,是,480,A核心,保留在主词表,普通词,与浙江中考考频表词头直接匹配,"",7b-vocab_1-8.jpg
NV1157,1158,7B,Unit 5,take part in,take part in,,,参加,p.39,多词表达,否,否,,A核心,保留在主词表,短语或固定表达,教材明确列出的短语或句型，应独立掌握,后续需结合短语考查价值再细分,7b-vocab_1-8.jpg
NV1158,1159,7B,Unit 5,tour,tour,/tʊə(r)/,n. & v.,旅行；旅游,p.39,单词,否,否,,B认读,保留在认读区,普通词,教材词汇，但未与浙江中考考频表词头直接匹配,需在样章阶段复核是否升级为核心,7b-vocab_1-8.jpg
NV1159,1160,7B,Unit 5,sunshine,sunshine,/ˈsʌnʃaɪn/,n.,阳光,p.39,单词,否,是,7889,A核心,保留在主词表,普通词,与浙江中考考频表词头直接匹配,"",7b-vocab_1-8.jpg
NV1160,1161,7B,Unit 5,drive,drive,/draɪv/,v.,开车；驾驶,p.39,单词,否,否,,B认读,保留在认读区,普通词,教材词汇，但未与浙江中考考频表词头直接匹配,需在样章阶段复核是否升级为核心,7b-vocab_1-8.jpg
NV1161,1162,7B,Unit 5,rush hour,rush hour,,,（上下班时的）交通高峰期,p.39,多词表达,否,否,,A核心,保留在主词表,短语或固定表达,教材明确列出的短语或句型，应独立掌握,后续需结合短语考查价值再细分,7b-vocab_1-8.jpg
NV1162,1163,7B,Unit 5,Adam,adam,/ˈædəm/,,亚当,p.34,单词,是,否,,C剔除,从学生主词表剔除,人名,人物名、姓氏或虚构人物名,"",7b-vocab_1-8.jpg
NV1163,1164,7B,Unit 5,Dragon Boat Festival,dragon boat festival,,,端午节,p.35,多词表达,是,否,,D复核,等待人工确认,常见节日,属于专名，但可能在中考语境中出现,确认是认读还是剔除,7b-vocab_1-8.jpg
NV1164,1165,7B,Unit 5,Beth,beth,/beθ/,,贝丝,p.37,单词,是,否,,C剔除,从学生主词表剔除,人名,人物名、姓氏或虚构人物名,"",7b-vocab_1-8.jpg
NV1165,1166,7B,Unit 5,Nairobi,nairobi,/naɪˈrəʊbi/,,内罗毕（肯尼亚首都）,p.38,单词,是,否,,C剔除,从学生主词表剔除,具体地名,城市、景点、地理实体或历史地点专名,"",7b-vocab_1-8.jpg
NV1166,1167,7B,Unit 5,New York,new york,/ˌnjuːˈjɔːk/,,纽约,p.38,多词表达,是,否,,C剔除,从学生主词表剔除,具体地名,城市、景点、地理实体或历史地点专名,"",7b-vocab_1-8.jpg
NV1167,1168,7B,Unit 5,Kenya,kenya,/ˈkenjə/,,肯尼亚,p.38,单词,是,否,,D复核,等待人工确认,国家或大洲,属于地名，但常见国家和大洲名称可能具有认读价值,确认是剔除还是放入认读区,7b-vocab_1-8.jpg
NV1168,1169,7B,Unit 5,USA,usa,/ˌjuːesˈeɪ/,,美国,p.38,单词,是,否,,D复核,等待人工确认,国家或大洲,属于地名，但常见国家和大洲名称可能具有认读价值,确认是剔除还是放入认读区,7b-vocab_1-8.jpg
NV1169,1170,7B,Unit 5,Central Park,central park,,,中央公园,p.38,多词表达,是,否,,C剔除,从学生主词表剔除,具体地名,城市、景点、地理实体或历史地点专名,"",7b-vocab_1-8.jpg
NV1170,1171,7B,Unit 6,rain or shine,rain or shine,,,不论是雨或是晴；不管发生什么事,p.41,多词表达,否,否,,A核心,保留在主词表,短语或固定表达,教材明确列出的短语或句型，应独立掌握,后续需结合短语考查价值再细分,7b-vocab_1-8.jpg
NV1171,1172,7B,Unit 6,affect,affect,/əˈfekt/,v.,影响,p.41,单词,否,是,964,A核心,保留在主词表,普通词,与浙江中考考频表词头直接匹配,"",7b-vocab_1-8.jpg
NV1172,1173,7B,Unit 6,dry,dry,/draɪ/,adj.,干的；干旱的,p.42,单词,否,是,1566,A核心,保留在主词表,普通词,与浙江中考考频表词头直接匹配,"",7b-vocab_1-8.jpg
NV1173,1174,7B,Unit 6,lightning,lightning,/ˈlaɪtnɪŋ/,n.,闪电,p.42,单词,否,是,4605,A核心,保留在主词表,普通词,与浙江中考考频表词头直接匹配,"",7b-vocab_1-8.jpg
NV1174,1175,7B,Unit 6,stormy,stormy,/ˈstɔːmi/,adj.,有暴风雨（或暴风雪）的,p.42,单词,否,否,,B认读,保留在认读区,普通词,教材词汇，但未与浙江中考考频表词头直接匹配,需在样章阶段复核是否升级为核心,7b-vocab_1-8.jpg
NV1175,1176,7B,Unit 6,north,north,/nɔːθ/,n.,北部；北；北方,p.42,单词,否,是,578,A核心,保留在主词表,普通词,与浙江中考考频表词头直接匹配,"",7b-vocab_1-8.jpg
NV1176,1177,7B,Unit 6,west,west,/west/,n.,西部；西；西方,p.42,单词,否,是,665,A核心,保留在主词表,普通词,与浙江中考考频表词头直接匹配,"",7b-vocab_1-8.jpg
NV1177,1178,7B,Unit 6,south,south,/saʊθ/,n.,南部；南；南方,p.42,单词,否,否,,B认读,保留在认读区,普通词,教材词汇，但未与浙江中考考频表词头直接匹配,需在样章阶段复核是否升级为核心,7b-vocab_1-8.jpg
NV1178,1179,7B,Unit 6,east,east,/iːst/,n.,东部；东；东方,p.42,单词,否,否,,B认读,保留在认读区,普通词,教材词汇，但未与浙江中考考频表词头直接匹配,需在样章阶段复核是否升级为核心,7b-vocab_1-8.jpg
NV1179,1180,7B,Unit 6,stay in,stay in,,,待在家里；没有外出,p.42,多词表达,否,否,,A核心,保留在主词表,短语或固定表达,教材明确列出的短语或句型，应独立掌握,后续需结合短语考查价值再细分,7b-vocab_1-8.jpg
NV1180,1181,7B,Unit 6,lucky,lucky,/ˈlʌki/,adj.,运气好的；带来好运的,p.43,单词,否,是,2139,A核心,保留在主词表,普通词,与浙江中考考频表词头直接匹配,"",7b-vocab_1-8.jpg
NV1181,1182,7B,Unit 6,lucky you,lucky you,,,你真幸运,p.43,多词表达,否,否,,A核心,保留在主词表,短语或固定表达,教材明确列出的短语或句型，应独立掌握,后续需结合短语考查价值再细分,7b-vocab_1-8.jpg
NV1182,1183,7B,Unit 6,sunbathe,sunbathe,/ˈsʌnbeɪð/,v.,沐日光浴；晒太阳,p.43,单词,否,否,,B认读,保留在认读区,普通词,教材词汇，但未与浙江中考考频表词头直接匹配,需在样章阶段复核是否升级为核心,7b-vocab_1-8.jpg
NV1183,1184,7B,Unit 6,some day,some day,,,将来；有朝一日,p.43,多词表达,否,否,,A核心,保留在主词表,短语或固定表达,教材明确列出的短语或句型，应独立掌握,后续需结合短语考查价值再细分,7b-vocab_1-8.jpg
NV1184,1185,7B,Unit 6,temperature,temperature,/ˈtemprətʃə(r)/,n.,温度,p.44,单词,否,是,1627,A核心,保留在主词表,普通词,与浙江中考考频表词头直接匹配,"",7b-vocab_1-8.jpg
NV1185,1186,7B,Unit 6,snowman,snowman,/ˈsnəʊmæn/,n.,(pl. snowmen /ˈsnəʊmen/) 雪人,p.44,单词,否,是,19019,A核心,保留在主词表,普通词,与浙江中考考频表词头直接匹配,"",7b-vocab_1-8.jpg
NV1186,1187,7B,Unit 6,heavily,heavily,/ˈhevɪli/,adv.,大量地；沉重地,p.44,单词,否,是,2378,A核心,保留在主词表,普通词,与浙江中考考频表词头直接匹配,"",7b-vocab_1-8.jpg
NV1187,1188,7B,Unit 6,snowy,snowy,/ˈsnəʊi/,adj.,下雪的；雪白的,p.45,单词,否,是,9814,A核心,保留在主词表,普通词,与浙江中考考频表词头直接匹配,"",7b-vocab_1-8.jpg
NV1188,1189,7B,Unit 6,beach volleyball,beach volleyball,,,沙滩排球,p.45,多词表达,否,否,,A核心,保留在主词表,短语或固定表达,教材明确列出的短语或句型，应独立掌握,后续需结合短语考查价值再细分,7b-vocab_1-8.jpg
NV1189,1190,7B,Unit 6,high,high,/haɪ/,adv. & adj.,高,p.45,单词,否,否,,B认读,保留在认读区,普通词,教材词汇，但未与浙江中考考频表词头直接匹配,需在样章阶段复核是否升级为核心,7b-vocab_1-8.jpg
NV1190,1191,7B,Unit 6,freezing,freezing,/ˈfriːzɪŋ/,adj.,极冷的；冰冻的,p.45,单词,否,是,6456,A核心,保留在主词表,普通词,与浙江中考考频表词头直接匹配,"",7b-vocab_1-8.jpg
NV1191,1192,7B,Unit 6,tourist,tourist,/ˈtʊərɪst/,n.,旅行者；观光客,p.45,单词,否,是,2410,A核心,保留在主词表,普通词,与浙江中考考频表词头直接匹配,"",7b-vocab_1-8.jpg
NV1192,1193,7B,Unit 6,mount,mount,/maʊnt/,n.,（在现代英语里仅用于地名）山；山峰,p.46,单词,否,否,,B认读,保留在认读区,普通词,教材词汇，但未与浙江中考考频表词头直接匹配,需在样章阶段复核是否升级为核心,7b-vocab_1-8.jpg
NV1193,1194,7B,Unit 6,cloud,cloud,/klaʊd/,n.,云；云彩,p.46,单词,否,否,,B认读,保留在认读区,普通词,教材词汇，但未与浙江中考考频表词头直接匹配,需在样章阶段复核是否升级为核心,7b-vocab_1-8.jpg
NV1194,1195,7B,Unit 6,feel like,feel like,,,感觉像,p.46,多词表达,否,否,,A核心,保留在主词表,短语或固定表达,教材明确列出的短语或句型，应独立掌握,后续需结合短语考查价值再细分,7b-vocab_1-8.jpg
NV1195,1196,7B,Unit 6,magical,magical,/ˈmædʒɪkl/,adj.,魔法的；神奇的,p.46,单词,否,是,5649,A核心,保留在主词表,普通词,与浙江中考考频表词头直接匹配,"",7b-vocab_1-8.jpg
NV1196,1197,7B,Unit 6,rock,rock,/rɒk/,n.,岩石,p.46,单词,否,是,870,A核心,保留在主词表,普通词,与浙江中考考频表词头直接匹配,"",7b-vocab_1-8.jpg
NV1197,1198,7B,Unit 6,rest,rest,/rest/,n.,休息；剩余部分,p.46,单词,否,是,673,A核心,保留在主词表,普通词,与浙江中考考频表词头直接匹配,"",7b-vocab_1-8.jpg
NV1198,1199,7B,Unit 6,area,area,/ˈeəriə/,n.,场地；地区,p.46,单词,否,否,,B认读,保留在认读区,普通词,教材词汇，但未与浙江中考考频表词头直接匹配,需在样章阶段复核是否升级为核心,7b-vocab_1-8.jpg
NV1199,1200,7B,Unit 6,rest area,rest area,,,休息区,p.46,多词表达,否,否,,A核心,保留在主词表,短语或固定表达,教材明确列出的短语或句型，应独立掌握,后续需结合短语考查价值再细分,7b-vocab_1-8.jpg
NV1200,1201,7B,Unit 6,make progress,make progress,,,取得进展,p.46,多词表达,否,否,,A核心,保留在主词表,短语或固定表达,教材明确列出的短语或句型，应独立掌握,后续需结合短语考查价值再细分,7b-vocab_1-8.jpg
NV1201,1202,7B,Unit 6,although,although,/ɔːlˈðəʊ/,conj.,虽然；尽管,p.46,单词,否,是,378,A核心,保留在主词表,普通词,与浙江中考考频表词头直接匹配,"",7b-vocab_1-8.jpg
NV1202,1203,7B,Unit 6,still,still,/stɪl/,adv.,还；仍然,p.46,单词,否,否,,B认读,保留在认读区,普通词,教材词汇，但未与浙江中考考频表词头直接匹配,需在样章阶段复核是否升级为核心,7b-vocab_1-8.jpg
NV1203,1204,7B,Unit 6,in high spirits,in high spirits,,,情绪高涨；兴高采烈,p.46,多词表达,否,否,,A核心,保留在主词表,短语或固定表达,教材明确列出的短语或句型，应独立掌握,后续需结合短语考查价值再细分,7b-vocab_1-8.jpg
NV1204,1205,7B,Unit 6,experience,experience,/ɪkˈspɪəriəns/,n. v.,n. 经历；经验 v. 经历,p.46,单词,否,是,420,A核心,保留在主词表,普通词,与浙江中考考频表词头直接匹配,"",7b-vocab_1-8.jpg
NV1205,1206,7B,Unit 6,through,through,/θruː/,prep.,穿过；凭借,p.46,单词,否,是,112,A核心,保留在主词表,普通词,与浙江中考考频表词头直接匹配,"",7b-vocab_1-8.jpg
NV1206,1207,7B,Unit 6,glad,glad,/glæd/,adj.,高兴的,p.46,单词,否,是,2283,A核心,保留在主词表,普通词,与浙江中考考频表词头直接匹配,"",7b-vocab_1-8.jpg
NV1207,1208,7B,Unit 6,peak,peak,/piːk/,n.,山顶；顶点,p.46,单词,否,否,,B认读,保留在认读区,普通词,教材词汇，但未与浙江中考考频表词头直接匹配,需在样章阶段复核是否升级为核心,7b-vocab_1-8.jpg
NV1208,1209,7B,Unit 6,grey,grey,/greɪ/,(AmE gray /greɪ/) adj.,灰色的,p.46,单词,否,否,,B认读,保留在认读区,普通词,教材词汇，但未与浙江中考考频表词头直接匹配,需在样章阶段复核是否升级为核心,7b-vocab_1-8.jpg
NV1209,1210,7B,Unit 6,because of,because of,,,因为,p.46,多词表达,否,否,,A核心,保留在主词表,短语或固定表达,教材明确列出的短语或句型，应独立掌握,后续需结合短语考查价值再细分,7b-vocab_1-8.jpg
NV1210,1211,7B,Unit 6,fog,fog,/fɒg/,n.,雾,p.46,单词,否,否,,B认读,保留在认读区,普通词,教材词汇，但未与浙江中考考频表词头直接匹配,需在样章阶段复核是否升级为核心,7b-vocab_1-8.jpg
NV1211,1212,7B,Unit 6,ground,ground,/graʊnd/,n.,地面,p.46,单词,否,是,522,A核心,保留在主词表,普通词,与浙江中考考频表词头直接匹配,"",7b-vocab_1-8.jpg
NV1212,1213,7B,Unit 6,wet,wet,/wet/,adj.,湿的,p.46,单词,否,是,2487,A核心,保留在主词表,普通词,与浙江中考考频表词头直接匹配,"",7b-vocab_1-8.jpg
NV1213,1214,7B,Unit 6,tiring,tiring,/ˈtaɪərɪŋ/,adj.,令人疲倦的；累人的,p.46,单词,否,否,,B认读,保留在认读区,普通词,教材词汇，但未与浙江中考考频表词头直接匹配,需在样章阶段复核是否升级为核心,7b-vocab_1-8.jpg
NV1214,1215,7B,Unit 6,seem,seem,/siːm/,v.,似乎；好像,p.46,单词,否,是,165,A核心,保留在主词表,普通词,与浙江中考考频表词头直接匹配,"",7b-vocab_1-8.jpg
NV1215,1216,7B,Unit 6,sunlight,sunlight,/ˈsʌnlaɪt/,n.,阳光；日光,p.46,单词,否,是,3925,A核心,保留在主词表,普通词,与浙江中考考频表词头直接匹配,"",7b-vocab_1-8.jpg
NV1216,1217,7B,Unit 6,at the top,at the top,,,在顶部；在顶端,p.46,多词表达,否,否,,A核心,保留在主词表,短语或固定表达,教材明确列出的短语或句型，应独立掌握,后续需结合短语考查价值再细分,7b-vocab_1-8.jpg
NV1217,1218,7B,Unit 6,thought,thought,/θɔːt/,n.,想法,p.47,单词,否,是,760,A核心,保留在主词表,普通词,与浙江中考考频表词头直接匹配,"",7b-vocab_1-8.jpg
NV1218,1219,7B,Unit 6,mountain,mountain,/ˈmaʊntən/,n.,山；高山,p.47,单词,否,是,1244,A核心,保留在主词表,普通词,与浙江中考考频表词头直接匹配,"",7b-vocab_1-8.jpg
NV1219,1220,7B,Unit 6,at the start,at the start,,,开始；起初,p.47,多词表达,否,否,,A核心,保留在主词表,短语或固定表达,教材明确列出的短语或句型，应独立掌握,后续需结合短语考查价值再细分,7b-vocab_1-8.jpg
NV1220,1221,7B,Unit 6,end,end,/end/,n.,末尾；结束,p.47,单词,否,否,,B认读,保留在认读区,普通词,教材词汇，但未与浙江中考考频表词头直接匹配,需在样章阶段复核是否升级为核心,7b-vocab_1-8.jpg
NV1221,1222,7B,Unit 6,at the end,at the end,,,最后；在末尾,p.47,多词表达,否,否,,A核心,保留在主词表,短语或固定表达,教材明确列出的短语或句型，应独立掌握,后续需结合短语考查价值再细分,7b-vocab_1-8.jpg
NV1222,1223,7B,Unit 6,storm,storm,/stɔːm/,n.,暴风雨；暴风雪,p.47,单词,否,是,1662,A核心,保留在主词表,普通词,与浙江中考考频表词头直接匹配,"",7b-vocab_1-8.jpg
NV1223,1224,7B,Unit 6,pour,pour,/pɔː(r)/,v.,倾倒；倒出,p.47,单词,否,是,1908,A核心,保留在主词表,普通词,与浙江中考考频表词头直接匹配,"",7b-vocab_1-8.jpg
NV1224,1225,7B,Unit 6,wind,wind,/wɪnd/,n.,风,p.47,单词,否,是,1093,A核心,保留在主词表,普通词,与浙江中考考频表词头直接匹配,"",7b-vocab_1-8.jpg
NV1225,1226,7B,Unit 6,shout,shout,/ʃaʊt/,v. & n.,喊叫；呼唤,p.47,单词,否,是,2167,A核心,保留在主词表,普通词,与浙江中考考频表词头直接匹配,"",7b-vocab_1-8.jpg
NV1226,1227,7B,Unit 6,run after,run after,,,追逐,p.47,多词表达,否,否,,A核心,保留在主词表,短语或固定表达,教材明确列出的短语或句型，应独立掌握,后续需结合短语考查价值再细分,7b-vocab_1-8.jpg
NV1227,1228,7B,Unit 6,Anna,anna,/ˈænə/,,安娜,p.43,单词,是,否,,C剔除,从学生主词表剔除,人名,人物名、姓氏或虚构人物名,"",7b-vocab_1-8.jpg
NV1228,1229,7B,Unit 6,John,john,/dʒɒn/,,约翰,p.43,单词,是,否,,C剔除,从学生主词表剔除,人名,人物名、姓氏或虚构人物名,"",7b-vocab_1-8.jpg
NV1229,1230,7B,Unit 6,Stockholm,stockholm,/ˈstɒkhəʊm/,,斯德哥尔摩（瑞典首都）,p.43,单词,是,否,,C剔除,从学生主词表剔除,具体地名,城市、景点、地理实体或历史地点专名,"",7b-vocab_1-8.jpg
NV1230,1231,7B,Unit 6,Mount Huangshan,mount huangshan,,,黄山,p.46,多词表达,是,否,,C剔除,从学生主词表剔除,具体地名,城市、景点、地理实体或历史地点专名,"",7b-vocab_1-8.jpg
NV1231,1232,7B,Unit 6,Bright Peak,bright peak,,,光明顶,p.46,多词表达,是,否,,C剔除,从学生主词表剔除,具体地名,城市、景点、地理实体或历史地点专名,"",7b-vocab_1-8.jpg
NV1232,1233,7B,Unit 7,meet up,meet up,,,碰头；相聚,p.50,多词表达,否,否,,A核心,保留在主词表,短语或固定表达,教材明确列出的短语或句型，应独立掌握,后续需结合短语考查价值再细分,7b-vocab_1-8.jpg
NV1233,1234,7B,Unit 7,museum,museum,/mjuˈzɪəm/,n.,博物馆,p.50,单词,否,是,1732,A核心,保留在主词表,普通词,与浙江中考考频表词头直接匹配,"",7b-vocab_1-8.jpg
NV1234,1235,7B,Unit 7,exhibition,exhibition,/ˌeksɪˈbɪʃn/,n.,展览,p.50,单词,否,是,2492,A核心,保留在主词表,普通词,与浙江中考考频表词头直接匹配,"",7b-vocab_1-8.jpg
NV1235,1236,7B,Unit 7,direction,direction,/dɪˈrekʃn; daɪˈrekʃn/,n.,方向,p.50,单词,否,是,929,A核心,保留在主词表,普通词,与浙江中考考频表词头直接匹配,"",7b-vocab_1-8.jpg
NV1236,1237,7B,Unit 7,trip,trip,/trɪp/,n.,旅行,p.51,单词,否,是,963,A核心,保留在主词表,普通词,与浙江中考考频表词头直接匹配,"",7b-vocab_1-8.jpg
NV1237,1238,7B,Unit 7,wastewater,wastewater,/ˈweɪstwɔːtə(r)/,n.,废水,p.51,单词,否,否,,B认读,保留在认读区,普通词,教材词汇，但未与浙江中考考频表词头直接匹配,需在样章阶段复核是否升级为核心,7b-vocab_1-8.jpg
NV1238,1239,7B,Unit 7,plant,plant,/plɑːnt/,n.,工厂,p.51,单词,否,是,623,A核心,保留在主词表,普通词,与浙江中考考频表词头直接匹配,"",7b-vocab_1-8.jpg
NV1239,1240,7B,Unit 7,into,into,/ˈɪntuː; ˈɪntə/,prep.,到……里面；进入,p.51,单词,否,否,,B认读,保留在认读区,普通词,教材词汇，但未与浙江中考考频表词头直接匹配,需在样章阶段复核是否升级为核心,7b-vocab_1-8.jpg
NV1240,1241,7B,Unit 7,remove,remove,/rɪˈmuːv/,v.,移开；拿走,p.51,单词,否,是,877,A核心,保留在主词表,普通词,与浙江中考考频表词头直接匹配,"",7b-vocab_1-8.jpg
NV1241,1242,7B,Unit 7,piece,piece,/piːs/,n.,片；块,p.51,单词,否,是,565,A核心,保留在主词表,普通词,与浙江中考考频表词头直接匹配,"",7b-vocab_1-8.jpg
NV1242,1243,7B,Unit 7,waste,waste,/weɪst/,n. v.,n. 废弃物 v. 浪费,p.51,单词,否,是,1996,A核心,保留在主词表,普通词,与浙江中考考频表词头直接匹配,"",7b-vocab_1-8.jpg
NV1243,1244,7B,Unit 7,machine,machine,/məˈʃiːn/,n.,机器,p.51,单词,否,是,1023,A核心,保留在主词表,普通词,与浙江中考考频表词头直接匹配,"",7b-vocab_1-8.jpg
NV1244,1245,7B,Unit 7,germ,germ,/dʒɜːm/,n.,微生物；细菌,p.51,单词,否,否,,B认读,保留在认读区,普通词,教材词汇，但未与浙江中考考频表词头直接匹配,需在样章阶段复核是否升级为核心,7b-vocab_1-8.jpg
NV1245,1246,7B,Unit 7,step,step,/step/,n.,步骤；脚步,p.51,单词,否,是,587,A核心,保留在主词表,普通词,与浙江中考考频表词头直接匹配,"",7b-vocab_1-8.jpg
NV1246,1247,7B,Unit 7,used to,used to,,,过去常常（做）,p.51,多词表达,否,否,,A核心,保留在主词表,短语或固定表达,教材明确列出的短语或句型，应独立掌握,后续需结合短语考查价值再细分,7b-vocab_1-8.jpg
NV1247,1248,7B,Unit 7,realize,realize,/ˈrɪəlaɪz/,(= realise) v.,认识到；实现,p.51,单词,否,是,616,A核心,保留在主词表,普通词,与浙江中考考频表词头直接匹配,"",7b-vocab_1-8.jpg
NV1248,1249,7B,Unit 7,inside,inside,/ˌɪnˈsaɪd/,prep. adv.,prep. 在……里面 adv. 在里面,p.52,单词,否,否,,B认读,保留在认读区,普通词,教材词汇，但未与浙江中考考频表词头直接匹配,需在样章阶段复核是否升级为核心,7b-vocab_1-8.jpg
NV1249,1250,7B,Unit 7,go on a trip,go on a trip,,,去旅行,p.52,多词表达,否,否,,A核心,保留在主词表,短语或固定表达,教材明确列出的短语或句型，应独立掌握,后续需结合短语考查价值再细分,7b-vocab_1-8.jpg
NV1250,1251,7B,Unit 7,process,process,/ˈprəʊses/,n.,过程,p.52,单词,否,是,391,A核心,保留在主词表,普通词,与浙江中考考频表词头直接匹配,"",7b-vocab_1-8.jpg
NV1251,1252,7B,Unit 7,theatre,theatre,/ˈθɪətə(r)/,n.,戏院；剧场；电影院,p.52,单词,否,否,,B认读,保留在认读区,普通词,教材词汇，但未与浙江中考考频表词头直接匹配,需在样章阶段复核是否升级为核心,7b-vocab_1-8.jpg
NV1252,1253,7B,Unit 7,factory,factory,/ˈfæktri; ˈfæktəri/,n.,工厂,p.52,单词,否,是,2145,A核心,保留在主词表,普通词,与浙江中考考频表词头直接匹配,"",7b-vocab_1-8.jpg
NV1253,1254,7B,Unit 7,terrible,terrible,/ˈterəbl/,adj.,糟糕的,p.53,单词,否,是,1954,A核心,保留在主词表,普通词,与浙江中考考频表词头直接匹配,"",7b-vocab_1-8.jpg
NV1254,1255,7B,Unit 7,actor,actor,/ˈæktə(r)/,n.,演员,p.53,单词,否,是,1502,A核心,保留在主词表,普通词,与浙江中考考频表词头直接匹配,"",7b-vocab_1-8.jpg
NV1255,1256,7B,Unit 7,gun,gun,/gʌn/,n.,枪,p.53,单词,否,否,,B认读,保留在认读区,普通词,教材词汇，但未与浙江中考考频表词头直接匹配,需在样章阶段复核是否升级为核心,7b-vocab_1-8.jpg
NV1256,1257,7B,Unit 7,try on,try on,,,试穿,p.53,多词表达,否,否,,A核心,保留在主词表,短语或固定表达,教材明确列出的短语或句型，应独立掌握,后续需结合短语考查价值再细分,7b-vocab_1-8.jpg
NV1257,1258,7B,Unit 7,along,along,/əˈlɒŋ/,prep.,沿着；顺着,p.53,单词,否,否,,B认读,保留在认读区,普通词,教材词汇，但未与浙江中考考频表词头直接匹配,需在样章阶段复核是否升级为核心,7b-vocab_1-8.jpg
NV1258,1259,7B,Unit 7,road,road,/rəʊd/,n.,道路,p.53,单词,否,否,,B认读,保留在认读区,普通词,教材词汇，但未与浙江中考考频表词头直接匹配,需在样章阶段复核是否升级为核心,7b-vocab_1-8.jpg
NV1259,1260,7B,Unit 7,create,create,/kriˈeɪt/,v.,创造,p.53,单词,否,是,332,A核心,保留在主词表,普通词,与浙江中考考频表词头直接匹配,"",7b-vocab_1-8.jpg
NV1260,1261,7B,Unit 7,record,record,/rɪˈkɔːd/; /ˈrekɔːd/,v. n.,v. 记录 n. 记录,p.54,单词,否,是,516,A核心,保留在主词表,普通词,与浙江中考考频表词头直接匹配,"",7b-vocab_1-8.jpg
NV1261,1262,7B,Unit 7,skill,skill,/skɪl/,n.,技能,p.54,单词,否,是,822,A核心,保留在主词表,普通词,与浙江中考考频表词头直接匹配,"",7b-vocab_1-8.jpg
NV1262,1263,7B,Unit 7,write down,write down,,,写下；记下,p.54,多词表达,否,否,,A核心,保留在主词表,短语或固定表达,教材明确列出的短语或句型，应独立掌握,后续需结合短语考查价值再细分,7b-vocab_1-8.jpg
NV1263,1264,7B,Unit 7,explore,explore,/ɪkˈsplɔː(r)/,v.,探索,p.54,单词,否,是,1599,A核心,保留在主词表,普通词,与浙江中考考频表词头直接匹配,"",7b-vocab_1-8.jpg
NV1264,1265,7B,Unit 7,tent,tent,/tent/,n.,帐篷,p.54,单词,否,是,3090,A核心,保留在主词表,普通词,与浙江中考考频表词头直接匹配,"",7b-vocab_1-8.jpg
NV1265,1266,7B,Unit 7,cucumber,cucumber,/ˈkjuːkʌmbə(r)/,n.,黄瓜,p.54,单词,否,否,,B认读,保留在认读区,普通词,教材词汇，但未与浙江中考考频表词头直接匹配,需在样章阶段复核是否升级为核心,7b-vocab_1-8.jpg
NV1266,1267,7B,Unit 7,from … to …,from ... to ...,,,从……到……,p.54,多词表达,否,否,,A核心,保留在主词表,短语或固定表达,教材明确列出的短语或句型，应独立掌握,后续需结合短语考查价值再细分,7b-vocab_1-8.jpg
NV1267,1268,7B,Unit 7,straight,straight,/streɪt/,adv. adj.,adv. 直接；立即；笔直地 adj. 直的,p.54,单词,否,是,1639,A核心,保留在主词表,普通词,与浙江中考考频表词头直接匹配,"",7b-vocab_1-8.jpg
NV1268,1269,7B,Unit 7,fill,fill,/fɪl/,v.,装满；盛满,p.54,单词,否,是,686,A核心,保留在主词表,普通词,与浙江中考考频表词头直接匹配,"",7b-vocab_1-8.jpg
NV1269,1270,7B,Unit 7,basket,basket,/ˈbɑːskɪt/,n.,篮子；筐,p.54,单词,否,是,3276,A核心,保留在主词表,普通词,与浙江中考考频表词头直接匹配,"",7b-vocab_1-8.jpg
NV1270,1271,7B,Unit 7,teach,teach,/tiːtʃ/,v.,(taught /tɔːt/) 教,p.54,单词,否,否,,B认读,保留在认读区,普通词,教材词汇，但未与浙江中考考频表词头直接匹配,需在样章阶段复核是否升级为核心,7b-vocab_1-8.jpg
NV1271,1272,7B,Unit 7,branch,branch,/brɑːntʃ/,n.,分支；树枝,p.54,单词,否,是,1817,A核心,保留在主词表,普通词,与浙江中考考频表词头直接匹配,"",7b-vocab_1-8.jpg
NV1272,1273,7B,Unit 7,leaf,leaf,/liːf/,n.,(pl. leaves /liːvz/) 叶；叶子,p.54,单词,否,否,,B认读,保留在认读区,普通词,教材词汇，但未与浙江中考考频表词头直接匹配,需在样章阶段复核是否升级为核心,7b-vocab_1-8.jpg
NV1273,1274,7B,Unit 7,finally,finally,/ˈfaɪnəli/,adv.,终于,p.54,单词,否,是,470,A核心,保留在主词表,普通词,与浙江中考考频表词头直接匹配,"",7b-vocab_1-8.jpg
NV1274,1275,7B,Unit 7,think of,think of,,,考虑；想起,p.54,多词表达,否,否,,A核心,保留在主词表,短语或固定表达,教材明确列出的短语或句型，应独立掌握,后续需结合短语考查价值再细分,7b-vocab_1-8.jpg
NV1275,1276,7B,Unit 7,grain,grain,/greɪn/,n.,谷物；谷粒,p.54,单词,否,否,,B认读,保留在认读区,普通词,教材词汇，但未与浙江中考考频表词头直接匹配,需在样章阶段复核是否升级为核心,7b-vocab_1-8.jpg
NV1276,1277,7B,Unit 7,fresh,fresh,/freʃ/,adj.,新鲜的,p.54,单词,否,是,1108,A核心,保留在主词表,普通词,与浙江中考考频表词头直接匹配,"",7b-vocab_1-8.jpg
NV1277,1278,7B,Unit 7,certainly,certainly,/ˈsɜːtnli/,adv.,肯定地,p.54,单词,否,是,664,A核心,保留在主词表,普通词,与浙江中考考频表词头直接匹配,"",7b-vocab_1-8.jpg
NV1278,1279,7B,Unit 7,diary,diary,/ˈdaɪəri/,n.,日记；日记本,p.55,单词,否,是,4372,A核心,保留在主词表,普通词,与浙江中考考频表词头直接匹配,"",7b-vocab_1-8.jpg
NV1279,1280,7B,Unit 7,entry,entry,/ˈentri/,n.,（日记的）一则；入口,p.55,单词,否,是,2352,A核心,保留在主词表,普通词,与浙江中考考频表词头直接匹配,"",7b-vocab_1-8.jpg
NV1280,1281,7B,Unit 7,agree,agree,/əˈgriː/,v.,赞成；同意,p.55,单词,否,是,514,A核心,保留在主词表,普通词,与浙江中考考频表词头直接匹配,"",7b-vocab_1-8.jpg
NV1281,1282,7B,Unit 7,agree with,agree with,,,赞成；同意,p.55,多词表达,否,否,,A核心,保留在主词表,短语或固定表达,教材明确列出的短语或句型，应独立掌握,后续需结合短语考查价值再细分,7b-vocab_1-8.jpg
NV1282,1283,7B,Unit 8,upon,upon,/əˈpɒn/,prep.,在……上,p.57,单词,否,是,693,A核心,保留在主词表,普通词,与浙江中考考频表词头直接匹配,"",7b-vocab_1-8.jpg
NV1283,1284,7B,Unit 8,once upon a time,once upon a time,,,从前；很久以前,p.57,多词表达,否,否,,A核心,保留在主词表,短语或固定表达,教材明确列出的短语或句型，应独立掌握,后续需结合短语考查价值再细分,7b-vocab_1-8.jpg
NV1284,1285,7B,Unit 8,bite,bite,/baɪt/,v.,(bit /bɪt/) 咬；咬伤,p.58,单词,否,是,3172,A核心,保留在主词表,普通词,与浙江中考考频表词头直接匹配,"",7b-vocab_1-8.jpg
NV1285,1286,7B,Unit 8,bite through,bite through,,,咬穿,p.58,多词表达,否,否,,A核心,保留在主词表,短语或固定表达,教材明确列出的短语或句型，应独立掌握,后续需结合短语考查价值再细分,7b-vocab_1-8.jpg
NV1286,1287,7B,Unit 8,net,net,/net/,n.,网；网状物,p.58,单词,否,是,2901,A核心,保留在主词表,普通词,与浙江中考考频表词头直接匹配,"",7b-vocab_1-8.jpg
NV1287,1288,7B,Unit 8,hunter,hunter,/ˈhʌntə(r)/,n.,猎人；搜寻者,p.58,单词,否,否,,B认读,保留在认读区,普通词,教材词汇，但未与浙江中考考频表词头直接匹配,需在样章阶段复核是否升级为核心,7b-vocab_1-8.jpg
NV1288,1289,7B,Unit 8,promise,promise,/ˈprɒmɪs/,v. n.,v. 承诺；保证 n. 承诺；诺言,p.58,单词,否,是,1442,A核心,保留在主词表,普通词,与浙江中考考频表词头直接匹配,"",7b-vocab_1-8.jpg
NV1289,1290,7B,Unit 8,long ago,long ago,,,很久以前,p.58,多词表达,否,否,,A核心,保留在主词表,短语或固定表达,教材明确列出的短语或句型，应独立掌握,后续需结合短语考查价值再细分,7b-vocab_1-8.jpg
NV1290,1291,7B,Unit 8,war,war,/wɔː(r)/,n.,战争,p.58,单词,否,否,,B认读,保留在认读区,普通词,教材词汇，但未与浙江中考考频表词头直接匹配,需在样章阶段复核是否升级为核心,7b-vocab_1-8.jpg
NV1291,1292,7B,Unit 8,neighbour,neighbour,/ˈneɪbə(r)/,n.,邻居,p.58,单词,否,否,,B认读,保留在认读区,普通词,教材词汇，但未与浙江中考考频表词头直接匹配,需在样章阶段复核是否升级为核心,7b-vocab_1-8.jpg
NV1292,1293,7B,Unit 8,wise,wise,/waɪz/,adj.,明智的；高明的,p.58,单词,否,是,3255,A核心,保留在主词表,普通词,与浙江中考考频表词头直接匹配,"",7b-vocab_1-8.jpg
NV1293,1294,7B,Unit 8,emperor,emperor,/ˈempərə(r)/,n.,皇帝,p.59,单词,否,是,7168,A核心,保留在主词表,普通词,与浙江中考考频表词头直接匹配,"",7b-vocab_1-8.jpg
NV1294,1295,7B,Unit 8,lie,lie,/laɪ/,v. n.,v. 撒谎 n. 谎言,p.59,单词,否,是,751,A核心,保留在主词表,普通词,与浙江中考考频表词头直接匹配,"",7b-vocab_1-8.jpg
NV1295,1296,7B,Unit 8,pretend,pretend,/prɪˈtend/,v.,假装；伪装,p.59,单词,否,是,2922,A核心,保留在主词表,普通词,与浙江中考考频表词头直接匹配,"",7b-vocab_1-8.jpg
NV1296,1297,7B,Unit 8,official,official,/əˈfɪʃl/,n.,官员；高级职员,p.59,单词,否,是,526,A核心,保留在主词表,普通词,与浙江中考考频表词头直接匹配,"",7b-vocab_1-8.jpg
NV1297,1298,7B,Unit 8,silly,silly,/ˈsɪli/,adj.,愚蠢的；傻的,p.59,单词,否,是,4040,A核心,保留在主词表,普通词,与浙江中考考频表词头直接匹配,"",7b-vocab_1-8.jpg
NV1298,1299,7B,Unit 8,decide,decide,/dɪˈsaɪd/,v.,决定,p.59,单词,否,是,456,A核心,保留在主词表,普通词,与浙江中考考频表词头直接匹配,"",7b-vocab_1-8.jpg
NV1299,1300,7B,Unit 8,praise,praise,/preɪz/,v. & n.,赞美；表扬,p.59,单词,否,是,3747,A核心,保留在主词表,普通词,与浙江中考考频表词头直接匹配,"",7b-vocab_1-8.jpg
NV1300,1301,7B,Unit 8,afraid,afraid,/əˈfreɪd/,adj.,害怕的；担心的,p.59,单词,否,是,1404,A核心,保留在主词表,普通词,与浙江中考考频表词头直接匹配,"",7b-vocab_1-8.jpg
NV1301,1302,7B,Unit 8,suddenly,suddenly,/ˈsʌdənli/,adv.,突然地；出乎意料地,p.59,单词,否,是,956,A核心,保留在主词表,普通词,与浙江中考考频表词头直接匹配,"",7b-vocab_1-8.jpg
NV1302,1303,7B,Unit 8,at first,at first,,,起初；最初,p.60,多词表达,否,否,,A核心,保留在主词表,短语或固定表达,教材明确列出的短语或句型，应独立掌握,后续需结合短语考查价值再细分,7b-vocab_1-8.jpg
NV1303,1304,7B,Unit 8,truth,truth,/truːθ/,n.,真相；事实,p.60,单词,否,是,851,A核心,保留在主词表,普通词,与浙江中考考频表词头直接匹配,"",7b-vocab_1-8.jpg
NV1304,1305,7B,Unit 8,tell the truth,tell the truth,,,说实话,p.60,多词表达,否,否,,A核心,保留在主词表,短语或固定表达,教材明确列出的短语或句型，应独立掌握,后续需结合短语考查价值再细分,7b-vocab_1-8.jpg
NV1305,1306,7B,Unit 8,make money,make money,,,赚钱,p.60,多词表达,否,否,,A核心,保留在主词表,短语或固定表达,教材明确列出的短语或句型，应独立掌握,后续需结合短语考查价值再细分,7b-vocab_1-8.jpg
NV1306,1307,7B,Unit 8,TRUE,true,/truː/,adj.,符合事实的；真正的,p.60,单词,是,是,,A核心,保留在主词表,普通词,具有明确词性，并与浙江中考考频表词头匹配,出版时建议恢复为教材常规小写形式,7b-vocab_1-8.jpg
NV1307,1308,7B,Unit 8,hate,hate,/heɪt/,v.,不喜欢；厌恶；讨厌,p.60,单词,否,是,1531,A核心,保留在主词表,普通词,与浙江中考考频表词头直接匹配,"",7b-vocab_1-8.jpg
NV1308,1309,7B,Unit 8,get out,get out,,,逃脱；离开,p.61,多词表达,否,否,,A核心,保留在主词表,短语或固定表达,教材明确列出的短语或句型，应独立掌握,后续需结合短语考查价值再细分,7b-vocab_1-8.jpg
NV1309,1310,7B,Unit 8,king,king,/kɪŋ/,n.,君主；国王,p.61,单词,否,是,2353,A核心,保留在主词表,普通词,与浙江中考考频表词头直接匹配,"",7b-vocab_1-8.jpg
NV1310,1311,7B,Unit 8,artist,artist,/ˈɑːtɪst/,n.,美术家；艺术家,p.61,单词,否,是,736,A核心,保留在主词表,普通词,与浙江中考考频表词头直接匹配,"",7b-vocab_1-8.jpg
NV1311,1312,7B,Unit 8,quickly,quickly,/ˈkwɪkli/,adv.,快速地；很快,p.61,单词,否,是,679,A核心,保留在主词表,普通词,与浙江中考考频表词头直接匹配,"",7b-vocab_1-8.jpg
NV1312,1313,7B,Unit 8,smile,smile,/smaɪl/,v. n.,v. 微笑 n. 微笑；笑容,p.61,单词,否,是,1069,A核心,保留在主词表,普通词,与浙江中考考频表词头直接匹配,"",7b-vocab_1-8.jpg
NV1313,1314,7B,Unit 8,all over,all over,,,到处；遍及,p.61,多词表达,否,否,,A核心,保留在主词表,短语或固定表达,教材明确列出的短语或句型，应独立掌握,后续需结合短语考查价值再细分,7b-vocab_1-8.jpg
NV1314,1315,7B,Unit 8,ugly,ugly,/ˈʌgli/,adj.,丑陋的；难看的,p.62,单词,否,是,3283,A核心,保留在主词表,普通词,与浙江中考考频表词头直接匹配,"",7b-vocab_1-8.jpg
NV1315,1316,7B,Unit 8,duckling,duckling,/ˈdʌklɪŋ/,n.,小鸭子,p.62,单词,否,否,,B认读,保留在认读区,普通词,教材词汇，但未与浙江中考考频表词头直接匹配,需在样章阶段复核是否升级为核心,7b-vocab_1-8.jpg
NV1316,1317,7B,Unit 8,real,real,/ˈrɪəl/,adj.,真的；真正的,p.62,单词,否,否,,B认读,保留在认读区,普通词,教材词汇，但未与浙江中考考频表词头直接匹配,需在样章阶段复核是否升级为核心,7b-vocab_1-8.jpg
NV1317,1318,7B,Unit 8,laugh at,laugh at,,,嘲笑,p.62,多词表达,否,否,,A核心,保留在主词表,短语或固定表达,教材明确列出的短语或句型，应独立掌握,后续需结合短语考查价值再细分,7b-vocab_1-8.jpg
NV1318,1319,7B,Unit 8,go away,go away,,,走开,p.62,多词表达,否,否,,A核心,保留在主词表,短语或固定表达,教材明确列出的短语或句型，应独立掌握,后续需结合短语考查价值再细分,7b-vocab_1-8.jpg
NV1319,1320,7B,Unit 8,search,search,/sɜːtʃ/,v.,寻找；搜寻,p.62,单词,否,是,1505,A核心,保留在主词表,普通词,与浙江中考考频表词头直接匹配,"",7b-vocab_1-8.jpg
NV1320,1321,7B,Unit 8,search for,search for,,,寻找,p.62,多词表达,否,否,,A核心,保留在主词表,短语或固定表达,教材明确列出的短语或句型，应独立掌握,后续需结合短语考查价值再细分,7b-vocab_1-8.jpg
NV1321,1322,7B,Unit 8,hen,hen,/hen/,n.,母鸡,p.62,单词,否,是,8078,A核心,保留在主词表,普通词,与浙江中考考频表词头直接匹配,"",7b-vocab_1-8.jpg
NV1322,1323,7B,Unit 8,hopefully,hopefully,/ˈhəʊpfli/,adv.,有希望地,p.62,单词,否,是,4043,A核心,保留在主词表,普通词,与浙江中考考频表词头直接匹配,"",7b-vocab_1-8.jpg
NV1323,1324,7B,Unit 8,purr,purr,/pɜː(r)/,v.,（猫愉快时）发出呜呜声,p.62,单词,否,否,,B认读,保留在认读区,普通词,教材词汇，但未与浙江中考考频表词头直接匹配,需在样章阶段复核是否升级为核心,7b-vocab_1-8.jpg
NV1324,1325,7B,Unit 8,lay,lay,/leɪ/,v.,(laid /leɪd/) 下（蛋）；放置；搁,p.62,单词,否,是,803,A核心,保留在主词表,普通词,与浙江中考考频表词头直接匹配,"",7b-vocab_1-8.jpg
NV1325,1326,7B,Unit 8,swan,swan,/swɒn/,n.,天鹅,p.62,单词,否,否,,B认读,保留在认读区,普通词,教材词汇，但未与浙江中考考频表词头直接匹配,需在样章阶段复核是否升级为核心,7b-vocab_1-8.jpg
NV1326,1327,7B,Unit 8,feather,feather,/ˈfeðə(r)/,n.,羽毛,p.62,单词,否,否,,B认读,保留在认读区,普通词,教材词汇，但未与浙江中考考频表词头直接匹配,需在样章阶段复核是否升级为核心,7b-vocab_1-8.jpg
NV1327,1328,7B,Unit 8,to sb's surprise,to sb's surprise,,,出乎某人的意料,p.62,多词表达,否,否,,A核心,保留在主词表,短语或固定表达,教材明确列出的短语或句型，应独立掌握,后续需结合短语考查价值再细分,7b-vocab_1-8.jpg
NV1328,1329,7B,Unit 8,size,size,/saɪz/,n.,大小；尺寸,p.63,单词,否,是,752,A核心,保留在主词表,普通词,与浙江中考考频表词头直接匹配,"",7b-vocab_1-8.jpg
NV1329,1330,7B,Unit 8,believe,believe,/bɪˈliːv/,v.,相信；认为,p.63,单词,否,是,212,A核心,保留在主词表,普通词,与浙江中考考频表词头直接匹配,"",7b-vocab_1-8.jpg
NV1330,1331,7B,Unit 8,only if,only if,,,只有,p.63,多词表达,否,否,,A核心,保留在主词表,短语或固定表达,教材明确列出的短语或句型，应独立掌握,后续需结合短语考查价值再细分,7b-vocab_1-8.jpg
NV1331,1332,7B,Unit 8,fisherman,fisherman,/ˈfɪʃəmən/,n.,(pl. fishermen /ˈfɪʃəmən/) 渔夫,p.63,单词,否,是,4309,A核心,保留在主词表,普通词,与浙江中考考频表词头直接匹配,"",7b-vocab_1-8.jpg
NV1332,1333,7B,Unit 8,fishing,fishing,/ˈfɪʃɪŋ/,n.,钓鱼；捕鱼,p.63,单词,否,是,2033,A核心,保留在主词表,普通词,与浙江中考考频表词头直接匹配,"",7b-vocab_1-8.jpg
NV1333,1334,7B,Unit 8,come out,come out,,,出现；盛开,p.63,多词表达,否,否,,A核心,保留在主词表,短语或固定表达,教材明确列出的短语或句型，应独立掌握,后续需结合短语考查价值再细分,7b-vocab_1-8.jpg
NV1334,1335,7B,Unit 8,genie,genie,/ˈdʒiːni/,n.,妖怪；鬼,p.63,单词,否,否,,B认读,保留在认读区,普通词,教材词汇，但未与浙江中考考频表词头直接匹配,需在样章阶段复核是否升级为核心,7b-vocab_1-8.jpg
NV1335,1336,7B,Unit 8,die,die,/daɪ/,v.,死亡；消失,p.63,单词,否,否,,B认读,保留在认读区,普通词,教材词汇，但未与浙江中考考频表词头直接匹配,需在样章阶段复核是否升级为核心,7b-vocab_1-8.jpg
NV1336,1337,7B,Unit 8,make a promise,make a promise,,,许下诺言,p.63,多词表达,否,否,,A核心,保留在主词表,短语或固定表达,教材明确列出的短语或句型，应独立掌握,后续需结合短语考查价值再细分,7b-vocab_1-8.jpg
NV1337,1338,7B,Unit 8,someone,someone,/ˈsʌmwʌn/,pron.,某人；有人,p.63,单词,否,否,,B认读,保留在认读区,普通词,教材词汇，但未与浙江中考考频表词头直接匹配,需在样章阶段复核是否升级为核心,7b-vocab_1-8.jpg
NV1338,1339,7B,Unit 8,set,set,/set/,v.,使处于某种状况；使开始,p.63,单词,否,是,294,A核心,保留在主词表,普通词,与浙江中考考频表词头直接匹配,"",7b-vocab_1-8.jpg
NV1339,1340,7B,Unit 8,set … free,set ... free,,,释放,p.63,多词表达,否,否,,A核心,保留在主词表,短语或固定表达,教材明确列出的短语或句型，应独立掌握,后续需结合短语考查价值再细分,7b-vocab_1-8.jpg
NV1340,1341,7B,Unit 8,rich,rich,/rɪtʃ/,adj.,富有的；富含……的,p.63,单词,否,否,,B认读,保留在认读区,普通词,教材词汇，但未与浙江中考考频表词头直接匹配,需在样章阶段复核是否升级为核心,7b-vocab_1-8.jpg
NV1341,1342,7B,Unit 8,powerful,powerful,/ˈpaʊəfl/,adj.,强大的；有影响力的,p.63,单词,否,是,1160,A核心,保留在主词表,普通词,与浙江中考考频表词头直接匹配,"",7b-vocab_1-8.jpg
NV1342,1343,7B,Unit 8,anyone,anyone,/ˈeniwʌn/,pron.,任何人；某个人,p.63,单词,否,否,,B认读,保留在认读区,普通词,教材词汇，但未与浙江中考考频表词头直接匹配,需在样章阶段复核是否升级为核心,7b-vocab_1-8.jpg
NV1343,1344,7B,Unit 8,instead of,instead of,,,而不是；代替,p.63,多词表达,否,否,,A核心,保留在主词表,短语或固定表达,教材明确列出的短语或句型，应独立掌握,后续需结合短语考查价值再细分,7b-vocab_1-8.jpg
NV1344,1345,7B,Unit 8,succeed in doing sth,succeed in doing sth,,,成功做成某事,p.63,多词表达,否,否,,A核心,保留在主词表,短语或固定表达,教材明确列出的短语或句型，应独立掌握,后续需结合短语考查价值再细分,7b-vocab_1-8.jpg
NV1345,1346,7B,Unit 8,himself,himself,/hɪmˈself/,pron.,他自己；他本人,p.63,单词,否,否,,B认读,保留在认读区,普通词,教材词汇，但未与浙江中考考频表词头直接匹配,需在样章阶段复核是否升级为核心,7b-vocab_1-8.jpg
NV1346,1347,7B,Unit 8,in the end,in the end,,,最后；终究,p.63,多词表达,否,否,,A核心,保留在主词表,短语或固定表达,教材明确列出的短语或句型，应独立掌握,后续需结合短语考查价值再细分,7b-vocab_1-8.jpg
NV1347,1348,7B,Unit 8,Hans Christian Andersen,hans christian andersen,/hænz ˈkrɪstʃən ˈændəsən/,,汉斯·克里斯蒂安·安徒生,p.59,多词表达,是,否,,C剔除,从学生主词表剔除,人名,人物名、姓氏或虚构人物名,"",7b-vocab_1-8.jpg
NV1348,1349,8B,Unit 1,calligraphy,calligraphy,/kəˈlɪgrəfi/,n.,书法,p.2,单词,否,否,,B认读,保留在认读区,普通词,教材词汇，但未与浙江中考考频表词头直接匹配,需在样章阶段复核是否升级为核心,8b-word-list_01-13.png
NV1349,1350,8B,Unit 1,ski,ski,/skiː/,v.,滑雪,p.2,单词,否,是,3051,A核心,保留在主词表,普通词,与浙江中考考频表词头直接匹配,"",8b-word-list_01-13.png
NV1350,1351,8B,Unit 1,program,program,/ˈprəʊgræm/,v. n.,v. 编写程序 n. 程序；(=programme) 节目；项目,p.2,单词,否,是,194,A核心,保留在主词表,普通词,与浙江中考考频表词头直接匹配,"",8b-word-list_01-13.png
NV1351,1352,8B,Unit 1,express,express,/ɪkˈspres/,v.,表达；表示,p.2,单词,否,是,1276,A核心,保留在主词表,普通词,与浙江中考考频表词头直接匹配,"",8b-word-list_01-13.png
NV1352,1353,8B,Unit 1,instructor,instructor,/ɪnˈstrʌktə(r)/,n.,教练；指导者,p.3,单词,否,是,3232,A核心,保留在主词表,普通词,与浙江中考考频表词头直接匹配,"",8b-word-list_01-13.png
NV1353,1354,8B,Unit 1,scared,scared,/skeə(r)d/,adj.,害怕的；对……感到惊慌的,p.3,单词,否,是,2984,A核心,保留在主词表,普通词,与浙江中考考频表词头直接匹配,"",8b-word-list_01-13.png
NV1354,1355,8B,Unit 1,scared of,scared of,,,害怕；恐惧,p.3,多词表达,否,否,,A核心,保留在主词表,短语或固定表达,教材明确列出的短语或句型，应独立掌握,后续需结合短语考查价值再细分,8b-word-list_01-13.png
NV1355,1356,8B,Unit 1,fear,fear,/fɪə(r)/,n. & v.,害怕；担忧,p.3,单词,否,是,986,A核心,保留在主词表,普通词,与浙江中考考频表词头直接匹配,"",8b-word-list_01-13.png
NV1356,1357,8B,Unit 1,get over,get over,,,克服（困难）；解决（问题）,p.3,多词表达,否,否,,A核心,保留在主词表,短语或固定表达,教材明确列出的短语或句型，应独立掌握,后续需结合短语考查价值再细分,8b-word-list_01-13.png
NV1357,1358,8B,Unit 1,up to,up to,,,正在做；由某人决定,p.4,多词表达,否,否,,A核心,保留在主词表,短语或固定表达,教材明确列出的短语或句型，应独立掌握,后续需结合短语考查价值再细分,8b-word-list_01-13.png
NV1358,1359,8B,Unit 1,poem,poem,/ˈpəʊɪm/,n.,诗,p.4,单词,否,是,2510,A核心,保留在主词表,普通词,与浙江中考考频表词头直接匹配,"",8b-word-list_01-13.png
NV1359,1360,8B,Unit 1,single,single,/ˈsɪŋgl/,adj.,单个的；单身的,p.4,单词,否,是,632,A核心,保留在主词表,普通词,与浙江中考考频表词头直接匹配,"",8b-word-list_01-13.png
NV1360,1361,8B,Unit 1,stroke,stroke,/strəʊk/,n.,笔画；击球,p.4,单词,否,否,,B认读,保留在认读区,普通词,教材词汇，但未与浙江中考考频表词头直接匹配,需在样章阶段复核是否升级为核心,8b-word-list_01-13.png
NV1361,1362,8B,Unit 1,give up,give up,,,放弃,p.4,多词表达,否,否,,A核心,保留在主词表,短语或固定表达,教材明确列出的短语或句型，应独立掌握,后续需结合短语考查价值再细分,8b-word-list_01-13.png
NV1362,1363,8B,Unit 1,ink,ink,/ɪŋk/,n.,墨水,p.4,单词,否,是,5247,A核心,保留在主词表,普通词,与浙江中考考频表词头直接匹配,"",8b-word-list_01-13.png
NV1363,1364,8B,Unit 1,return,return,/rɪˈtɜːn/,n. & v.,回来；归还,p.4,单词,否,是,472,A核心,保留在主词表,普通词,与浙江中考考频表词头直接匹配,"",8b-word-list_01-13.png
NV1364,1365,8B,Unit 1,in return,in return,,,作为回报,p.4,多词表达,否,否,,A核心,保留在主词表,短语或固定表达,教材明确列出的短语或句型，应独立掌握,后续需结合短语考查价值再细分,8b-word-list_01-13.png
NV1365,1366,8B,Unit 1,deal,deal,/diːl/,n. v.,"n. 交易；协议 v. (dealt /delt/, dealt) 对付",p.4,单词,否,是,674,A核心,保留在主词表,普通词,与浙江中考考频表词头直接匹配,"",8b-word-list_01-13.png
NV1366,1367,8B,Unit 1,manage,manage,/ˈmænɪdʒ/,v.,完成（困难的事）；管理,p.4,单词,否,是,946,A核心,保留在主词表,普通词,与浙江中考考频表词头直接匹配,"",8b-word-list_01-13.png
NV1367,1368,8B,Unit 1,get into,get into,,,开始做某事；进入,p.5,多词表达,否,否,,A核心,保留在主词表,短语或固定表达,教材明确列出的短语或句型，应独立掌握,后续需结合短语考查价值再细分,8b-word-list_01-13.png
NV1368,1369,8B,Unit 1,give it a go,give it a go,,,试一试某事,p.5,多词表达,否,否,,A核心,保留在主词表,短语或固定表达,教材明确列出的短语或句型，应独立掌握,后续需结合短语考查价值再细分,8b-word-list_01-13.png
NV1369,1370,8B,Unit 1,kung fu,kung fu,/ˌkʌŋ ˈfuː/,n.,功夫,p.5,多词表达,否,否,,A核心,保留在主词表,短语或固定表达,教材明确列出的短语或句型，应独立掌握,后续需结合短语考查价值再细分,8b-word-list_01-13.png
NV1370,1371,8B,Unit 1,push,push,/pʊʃ/,v.,督促；推,p.5,单词,否,是,695,A核心,保留在主词表,普通词,与浙江中考考频表词头直接匹配,"",8b-word-list_01-13.png
NV1371,1372,8B,Unit 1,myself,myself,/maɪˈself/,pron.,我自己,p.5,单词,否,否,,B认读,保留在认读区,普通词,教材词汇，但未与浙江中考考频表词头直接匹配,需在样章阶段复核是否升级为核心,8b-word-list_01-13.png
NV1372,1373,8B,Unit 1,once in a while,once in a while,,,偶尔地；间或,p.5,多词表达,否,否,,A核心,保留在主词表,短语或固定表达,教材明确列出的短语或句型，应独立掌握,后续需结合短语考查价值再细分,8b-word-list_01-13.png
NV1373,1374,8B,Unit 1,chat,chat,/tʃæt/,v. & n.,闲聊,p.5,单词,否,是,5107,A核心,保留在主词表,普通词,与浙江中考考频表词头直接匹配,"",8b-word-list_01-13.png
NV1374,1375,8B,Unit 1,outing,outing,/ˈaʊtɪŋ/,n.,出外游玩；远足,p.5,单词,否,是,7859,A核心,保留在主词表,普通词,与浙江中考考频表词头直接匹配,"",8b-word-list_01-13.png
NV1375,1376,8B,Unit 1,go on an outing,go on an outing,,,出外游玩,p.5,多词表达,否,否,,A核心,保留在主词表,短语或固定表达,教材明确列出的短语或句型，应独立掌握,后续需结合短语考查价值再细分,8b-word-list_01-13.png
NV1376,1377,8B,Unit 1,reduce,reduce,/rɪˈdjuːs/,v.,减少,p.6,单词,否,是,701,A核心,保留在主词表,普通词,与浙江中考考频表词头直接匹配,"",8b-word-list_01-13.png
NV1377,1378,8B,Unit 1,stress,stress,/stres/,n.,精神压力；紧张,p.6,单词,否,是,1740,A核心,保留在主词表,普通词,与浙江中考考频表词头直接匹配,"",8b-word-list_01-13.png
NV1378,1379,8B,Unit 1,yoga,yoga,/ˈjəʊgə/,n.,瑜伽,p.6,单词,否,否,,B认读,保留在认读区,普通词,教材词汇，但未与浙江中考考频表词头直接匹配,需在样章阶段复核是否升级为核心,8b-word-list_01-13.png
NV1379,1380,8B,Unit 1,object,object,/ˈɒbdʒɪkt/,n.,物品；宾语,p.6,单词,否,是,1154,A核心,保留在主词表,普通词,与浙江中考考频表词头直接匹配,"",8b-word-list_01-13.png
NV1380,1381,8B,Unit 1,Italian,italian,/ɪˈtæliən/,adj. n.,adj. 意大利的；意大利人的；意大利语的 n. 意大利人；意大利语,p.6,单词,是,否,,B认读,保留在认读区,普通词,具有明确词性，但未与浙江中考考频表词头直接匹配,"",8b-word-list_01-13.png
NV1381,1382,8B,Unit 1,programmer,programmer,/ˈprəʊgræmə(r)/,n.,程序设计员,p.6,单词,否,否,,B认读,保留在认读区,普通词,教材词汇，但未与浙江中考考频表词头直接匹配,需在样章阶段复核是否升级为核心,8b-word-list_01-13.png
NV1382,1383,8B,Unit 1,allow,allow,/əˈlaʊ/,v.,使……成为可能；允许,p.6,单词,否,是,339,A核心,保留在主词表,普通词,与浙江中考考频表词头直接匹配,"",8b-word-list_01-13.png
NV1383,1384,8B,Unit 1,sense,sense,/sens/,n.,感觉；感官,p.6,单词,否,是,407,A核心,保留在主词表,普通词,与浙江中考考频表词头直接匹配,"",8b-word-list_01-13.png
NV1384,1385,8B,Unit 1,achievement,achievement,/əˈtʃiːvmənt/,n.,成就,p.6,单词,否,是,2032,A核心,保留在主词表,普通词,与浙江中考考频表词头直接匹配,"",8b-word-list_01-13.png
NV1385,1386,8B,Unit 1,coin,coin,/kɔɪn/,n.,硬币,p.7,单词,否,是,4415,A核心,保留在主词表,普通词,与浙江中考考频表词头直接匹配,"",8b-word-list_01-13.png
NV1386,1387,8B,Unit 1,stamp,stamp,/stæmp/,n.,邮票,p.7,单词,否,是,5193,A核心,保留在主词表,普通词,与浙江中考考频表词头直接匹配,"",8b-word-list_01-13.png
NV1387,1388,8B,Unit 1,teenage,teenage,/ˈtiːneɪdʒ/,adj.,青少年的,p.7,单词,否,是,3898,A核心,保留在主词表,普通词,与浙江中考考频表词头直接匹配,"",8b-word-list_01-13.png
NV1388,1389,8B,Unit 1,postcard,postcard,/ˈpəʊstkɑːd/,n.,明信片,p.7,单词,否,是,7029,A核心,保留在主词表,普通词,与浙江中考考频表词头直接匹配,"",8b-word-list_01-13.png
NV1389,1390,8B,Unit 1,rather,rather,/ˈrɑːðə(r)/,adv.,相当；更准确地说,p.7,单词,否,是,861,A核心,保留在主词表,普通词,与浙江中考考频表词头直接匹配,"",8b-word-list_01-13.png
NV1390,1391,8B,Unit 1,old-fashioned,old-fashioned,/ˌəʊld ˈfæʃnd/,adj.,过时的；守旧的,p.7,单词,否,否,,B认读,保留在认读区,普通词,教材词汇，但未与浙江中考考频表词头直接匹配,需在样章阶段复核是否升级为核心,8b-word-list_01-13.png
NV1391,1392,8B,Unit 1,foreign,foreign,/ˈfɒrən/,adj.,外国的；国外的,p.7,单词,否,是,689,A核心,保留在主词表,普通词,与浙江中考考频表词头直接匹配,"",8b-word-list_01-13.png
NV1392,1393,8B,Unit 1,dream of,dream of,,,梦想；希望,p.7,多词表达,否,否,,A核心,保留在主词表,短语或固定表达,教材明确列出的短语或句型，应独立掌握,后续需结合短语考查价值再细分,8b-word-list_01-13.png
NV1393,1394,8B,Unit 1,suggestion,suggestion,/səˈdʒestʃən/,n.,建议；提议,p.8,单词,否,是,2523,A核心,保留在主词表,普通词,与浙江中考考频表词头直接匹配,"",8b-word-list_01-13.png
NV1394,1395,8B,Unit 1,failure,failure,/ˈfeɪljə(r)/,n.,失败,p.8,单词,否,是,1364,A核心,保留在主词表,普通词,与浙江中考考频表词头直接匹配,"",8b-word-list_01-13.png
NV1395,1396,8B,Unit 1,inspire,inspire,/ɪnˈspaɪə(r)/,v.,激励；鼓舞,p.8,单词,否,是,2313,A核心,保留在主词表,普通词,与浙江中考考频表词头直接匹配,"",8b-word-list_01-13.png
NV1396,1397,8B,Unit 1,strict,strict,/strɪkt/,adj.,严厉的；严格的,p.8,单词,否,是,3579,A核心,保留在主词表,普通词,与浙江中考考频表词头直接匹配,"",8b-word-list_01-13.png
NV1397,1398,8B,Unit 1,surprisingly,surprisingly,/səˈpraɪzɪŋli/,adv.,出人意料地；惊人地,p.8,单词,否,是,3391,A核心,保留在主词表,普通词,与浙江中考考频表词头直接匹配,"",8b-word-list_01-13.png
NV1398,1399,8B,Unit 1,so far,so far,,,到目前为止,p.8,多词表达,否,否,,A核心,保留在主词表,短语或固定表达,教材明确列出的短语或句型，应独立掌握,后续需结合短语考查价值再细分,8b-word-list_01-13.png
NV1399,1400,8B,Unit 1,stage,stage,/steɪdʒ/,n.,舞台；阶段,p.8,单词,否,是,830,A核心,保留在主词表,普通词,与浙江中考考频表词头直接匹配,"",8b-word-list_01-13.png
NV1400,1401,8B,Unit 1,importantly,importantly,/ɪmˈpɔːntli/,adv.,重要地,p.9,单词,否,是,4905,A核心,保留在主词表,普通词,与浙江中考考频表词头直接匹配,"",8b-word-list_01-13.png
NV1401,1402,8B,Unit 1,Luca,luca,/ˈluːkə/,,卢卡,p.6,单词,是,否,,C剔除,从学生主词表剔除,人名,人物名、姓氏或虚构人物名,"",8b-word-list_01-13.png
NV1402,1403,8B,Unit 1,Bruno,bruno,/ˈbruːnəʊ/,,布鲁诺,p.6,单词,是,否,,C剔除,从学生主词表剔除,人名,人物名、姓氏或虚构人物名,"",8b-word-list_01-13.png
NV1403,1404,8B,Unit 1,India,india,/ˈɪndiə/,,印度,p.7,单词,是,否,,D复核,等待人工确认,国家或大洲,属于地名，但常见国家和大洲名称可能具有认读价值,确认是剔除还是放入认读区,8b-word-list_01-13.png
NV1404,1405,8B,Unit 1,Maya,maya,/ˈmaɪə/,,马娅,p.7,单词,是,否,,C剔除,从学生主词表剔除,人名,人物名、姓氏或虚构人物名,"",8b-word-list_01-13.png
NV1405,1406,8B,Unit 1,Badal,badal,/ˈbɑːdl/,,巴达尔,p.7,单词,是,否,,C剔除,从学生主词表剔除,人名,人物名、姓氏或虚构人物名,"",8b-word-list_01-13.png
NV1406,1407,8B,Unit 1,Mogao Caves,mogao caves,/keɪvz/,,莫高窟,p.7,多词表达,是,否,,C剔除,从学生主词表剔除,具体地名,城市、景点、地理实体或历史地点专名,"",8b-word-list_01-13.png
NV1407,1408,8B,Unit 2,ourselves,ourselves,/ˌaʊəˈselvz; ɑːˈselvz/,pron.,我们自己,p.11,单词,否,是,1776,A核心,保留在主词表,普通词,与浙江中考考频表词头直接匹配,"",8b-word-list_01-13.png
NV1408,1409,8B,Unit 2,sore,sore,/sɔː(r)/,adj.,疼痛的；酸痛的,p.12,单词,否,是,6435,A核心,保留在主词表,普通词,与浙江中考考频表词头直接匹配,"",8b-word-list_01-13.png
NV1409,1410,8B,Unit 2,throat,throat,/θrəʊt/,n.,喉咙,p.12,单词,否,是,2470,A核心,保留在主词表,普通词,与浙江中考考频表词头直接匹配,"",8b-word-list_01-13.png
NV1410,1411,8B,Unit 2,stomachache,stomachache,/ˈstʌməkeɪk/,n.,胃痛；肚子疼,p.12,单词,否,是,27379,A核心,保留在主词表,普通词,与浙江中考考频表词头直接匹配,"",8b-word-list_01-13.png
NV1411,1412,8B,Unit 2,headache,headache,/ˈhedeɪk/,n.,头痛,p.12,单词,否,是,4790,A核心,保留在主词表,普通词,与浙江中考考频表词头直接匹配,"",8b-word-list_01-13.png
NV1412,1413,8B,Unit 2,toothache,toothache,/ˈtuːθeɪk/,n.,牙痛,p.12,单词,否,是,26311,A核心,保留在主词表,普通词,与浙江中考考频表词头直接匹配,"",8b-word-list_01-13.png
NV1413,1414,8B,Unit 2,backache,backache,/ˈbækeɪk/,n.,背痛；腰痛,p.12,单词,否,否,,B认读,保留在认读区,普通词,教材词汇，但未与浙江中考考频表词头直接匹配,需在样章阶段复核是否升级为核心,8b-word-list_01-13.png
NV1414,1415,8B,Unit 2,press,press,/pres/,v.,压；按；挤；推,p.13,单词,否,是,1179,A核心,保留在主词表,普通词,与浙江中考考频表词头直接匹配,"",8b-word-list_01-13.png
NV1415,1416,8B,Unit 2,nosebleed,nosebleed,/ˈnəʊzbliːd/,n.,鼻出血,p.13,单词,否,是,28296,A核心,保留在主词表,普通词,与浙江中考考频表词头直接匹配,"",8b-word-list_01-13.png
NV1416,1417,8B,Unit 2,dentist,dentist,/ˈdentɪst/,n.,牙科医生,p.13,单词,否,是,6386,A核心,保留在主词表,普通词,与浙江中考考频表词头直接匹配,"",8b-word-list_01-13.png
NV1417,1418,8B,Unit 2,fever,fever,/ˈfiːvə(r)/,n.,发烧,p.13,单词,否,是,4411,A核心,保留在主词表,普通词,与浙江中考考频表词头直接匹配,"",8b-word-list_01-13.png
NV1418,1419,8B,Unit 2,stomach,stomach,/ˈstʌmək/,n.,胃；腹部,p.13,单词,否,是,2519,A核心,保留在主词表,普通词,与浙江中考考频表词头直接匹配,"",8b-word-list_01-13.png
NV1419,1420,8B,Unit 2,avoid,avoid,/əˈvɔɪd/,v.,避免；防止,p.13,单词,否,是,909,A核心,保留在主词表,普通词,与浙江中考考频表词头直接匹配,"",8b-word-list_01-13.png
NV1420,1421,8B,Unit 2,gas,gas,/gæs/,n.,气体；燃气,p.13,单词,否,是,1024,A核心,保留在主词表,普通词,与浙江中考考频表词头直接匹配,"",8b-word-list_01-13.png
NV1421,1422,8B,Unit 2,ache,ache,/eɪk/,n. & v.,疼痛,p.13,单词,否,否,,B认读,保留在认读区,普通词,教材词汇，但未与浙江中考考频表词头直接匹配,需在样章阶段复核是否升级为核心,8b-word-list_01-13.png
NV1422,1423,8B,Unit 2,X-ray,x-ray,/ˈeks reɪ/,n.,X光照片；X射线,p.13,单词,是,否,,B认读,保留在认读区,普通词,具有明确词性，但未与浙江中考考频表词头直接匹配,"",8b-word-list_01-13.png
NV1423,1424,8B,Unit 2,careless,careless,/ˈkeələs/,adj.,不小心的；粗心的,p.13,单词,否,是,10158,A核心,保留在主词表,普通词,与浙江中考考频表词头直接匹配,"",8b-word-list_01-13.png
NV1424,1425,8B,Unit 2,runny,runny,/ˈrʌni/,adj.,流鼻涕的；流眼泪的,p.13,单词,否,否,,B认读,保留在认读区,普通词,教材词汇，但未与浙江中考考频表词头直接匹配,需在样章阶段复核是否升级为核心,8b-word-list_01-13.png
NV1425,1426,8B,Unit 2,cough,cough,/kɒf/,n. & v.,咳嗽,p.13,单词,否,是,6239,A核心,保留在主词表,普通词,与浙江中考考频表词头直接匹配,"",8b-word-list_01-13.png
NV1426,1427,8B,Unit 2,bruised,bruised,/bruːzd/,adj.,受了瘀伤的,p.13,单词,否,否,,B认读,保留在认读区,普通词,教材词汇，但未与浙江中考考频表词头直接匹配,需在样章阶段复核是否升级为核心,8b-word-list_01-13.png
NV1427,1428,8B,Unit 2,suffer,suffer,/ˈsʌfə(r)/,v.,受苦；遭受,p.13,单词,否,是,1100,A核心,保留在主词表,普通词,与浙江中考考频表词头直接匹配,"",8b-word-list_01-13.png
NV1428,1429,8B,Unit 2,suffer from,suffer from,,,受苦；受折磨,p.13,多词表达,否,否,,A核心,保留在主词表,短语或固定表达,教材明确列出的短语或句型，应独立掌握,后续需结合短语考查价值再细分,8b-word-list_01-13.png
NV1429,1430,8B,Unit 2,take a seat,take a seat,,,坐下,p.14,多词表达,否,否,,A核心,保留在主词表,短语或固定表达,教材明确列出的短语或句型，应独立掌握,后续需结合短语考查价值再细分,8b-word-list_01-13.png
NV1430,1431,8B,Unit 2,take one's temperature,take one's temperature,,,给某人量体温,p.14,多词表达,否,否,,A核心,保留在主词表,短语或固定表达,教材明确列出的短语或句型，应独立掌握,后续需结合短语考查价值再细分,8b-word-list_01-13.png
NV1431,1432,8B,Unit 2,test,test,/test/,n. & v.,检查；测验,p.14,单词,否,否,,B认读,保留在认读区,普通词,教材词汇，但未与浙江中考考频表词头直接匹配,需在样章阶段复核是否升级为核心,8b-word-list_01-13.png
NV1432,1433,8B,Unit 2,flu,flu,/fluː/,n.,流行性感冒,p.14,单词,否,是,5732,A核心,保留在主词表,普通词,与浙江中考考频表词头直接匹配,"",8b-word-list_01-13.png
NV1433,1434,8B,Unit 2,medicine,medicine,/ˈmedsn/,n.,药；医学,p.14,单词,否,是,1477,A核心,保留在主词表,普通词,与浙江中考考频表词头直接匹配,"",8b-word-list_01-13.png
NV1434,1435,8B,Unit 2,mask,mask,/mɑːsk/,n.,口罩,p.14,单词,否,是,2910,A核心,保留在主词表,普通词,与浙江中考考频表词头直接匹配,"",8b-word-list_01-13.png
NV1435,1436,8B,Unit 2,virus,virus,/ˈvaɪərəs/,n.,病毒,p.14,单词,否,是,2717,A核心,保留在主词表,普通词,与浙江中考考频表词头直接匹配,"",8b-word-list_01-13.png
NV1436,1437,8B,Unit 2,stop … from doing,stop ... from doing,,,防止……；阻止……,p.14,多词表达,否,否,,A核心,保留在主词表,短语或固定表达,教材明确列出的短语或句型，应独立掌握,后续需结合短语考查价值再细分,8b-word-list_01-13.png
NV1437,1438,8B,Unit 2,description,description,/dɪˈskrɪpʃn/,n.,描写；形容,p.14,单词,否,是,2184,A核心,保留在主词表,普通词,与浙江中考考频表词头直接匹配,"",8b-word-list_01-13.png
NV1438,1439,8B,Unit 2,patient,patient,/ˈpeɪʃnt/,n. adj.,n. 病人 adj. 有耐心的,p.14,单词,否,是,572,A核心,保留在主词表,普通词,与浙江中考考频表词头直接匹配,"",8b-word-list_01-13.png
NV1439,1440,8B,Unit 2,injury,injury,/ˈɪndʒəri/,n.,伤害；损伤,p.14,单词,否,是,1558,A核心,保留在主词表,普通词,与浙江中考考频表词头直接匹配,"",8b-word-list_01-13.png
NV1440,1441,8B,Unit 2,illness,illness,/ˈɪlnəs/,n.,疾病,p.14,单词,否,是,2317,A核心,保留在主词表,普通词,与浙江中考考频表词头直接匹配,"",8b-word-list_01-13.png
NV1441,1442,8B,Unit 2,knife,knife,/naɪf/,n.,(pl. knives /naɪvz/) 刀,p.15,单词,否,是,2254,A核心,保留在主词表,普通词,与浙江中考考频表词头直接匹配,"",8b-word-list_01-13.png
NV1442,1443,8B,Unit 2,clear,clear,/klɪə(r)/,adj. v.,adj. 清晰的；清楚的 v. 清理,p.15,单词,否,否,,B认读,保留在认读区,普通词,教材词汇，但未与浙江中考考频表词头直接匹配,需在样章阶段复核是否升级为核心,8b-word-list_01-13.png
NV1443,1444,8B,Unit 2,pain,pain,/peɪn/,n.,疼痛；痛苦,p.15,单词,否,是,938,A核心,保留在主词表,普通词,与浙江中考考频表词头直接匹配,"",8b-word-list_01-13.png
NV1444,1445,8B,Unit 2,what's more,what's more,,,更有甚者；更为重要的是,p.15,多词表达,否,否,,A核心,保留在主词表,短语或固定表达,教材明确列出的短语或句型，应独立掌握,后续需结合短语考查价值再细分,8b-word-list_01-13.png
NV1445,1446,8B,Unit 2,brightness,brightness,/ˈbraɪtnəs/,n.,亮度,p.15,单词,否,否,,B认读,保留在认读区,普通词,教材词汇，但未与浙江中考考频表词头直接匹配,需在样章阶段复核是否升级为核心,8b-word-list_01-13.png
NV1446,1447,8B,Unit 2,environment,environment,/ɪnˈvaɪrənmənt/,n.,环境,p.15,单词,否,是,856,A核心,保留在主词表,普通词,与浙江中考考频表词头直接匹配,"",8b-word-list_01-13.png
NV1447,1448,8B,Unit 2,cross,cross,/krɒs/,v.,穿越；横过；交叉,p.15,单词,否,是,1395,A核心,保留在主词表,普通词,与浙江中考考频表词头直接匹配,"",8b-word-list_01-13.png
NV1448,1449,8B,Unit 2,catch fire,catch fire,,,着火,p.16,多词表达,否,否,,A核心,保留在主词表,短语或固定表达,教材明确列出的短语或句型，应独立掌握,后续需结合短语考查价值再细分,8b-word-list_01-13.png
NV1449,1450,8B,Unit 2,themselves,themselves,/ðəmˈselvz/,pron.,他（或她、它）们自己,p.16,单词,否,是,449,A核心,保留在主词表,普通词,与浙江中考考频表词头直接匹配,"",8b-word-list_01-13.png
NV1450,1451,8B,Unit 2,fry,fry,/fraɪ/,v.,油炸；油煎；油炒,p.16,单词,否,是,7200,A核心,保留在主词表,普通词,与浙江中考考频表词头直接匹配,"",8b-word-list_01-13.png
NV1451,1452,8B,Unit 2,turn on,turn on,,,接通（电流、煤气、水等）；打开,p.16,多词表达,否,否,,A核心,保留在主词表,短语或固定表达,教材明确列出的短语或句型，应独立掌握,后续需结合短语考查价值再细分,8b-word-list_01-13.png
NV1452,1453,8B,Unit 2,stove,stove,/stəʊv/,n.,厨房灶具；炉子,p.16,单词,否,否,,B认读,保留在认读区,普通词,教材词汇，但未与浙江中考考频表词头直接匹配,需在样章阶段复核是否升级为核心,8b-word-list_01-13.png
NV1453,1454,8B,Unit 2,happily,happily,/ˈhæpɪli/,adv.,快乐地；高兴地,p.16,单词,否,是,4752,A核心,保留在主词表,普通词,与浙江中考考频表词头直接匹配,"",8b-word-list_01-13.png
NV1454,1455,8B,Unit 2,no way,no way,,,不可能；没门,p.16,多词表达,否,否,,A核心,保留在主词表,短语或固定表达,教材明确列出的短语或句型，应独立掌握,后续需结合短语考查价值再细分,8b-word-list_01-13.png
NV1455,1456,8B,Unit 2,burn,burn,/bɜːn/,v.,"(burnt /bɜːnt/, burnt) 燃烧；着火",p.16,单词,否,是,1426,A核心,保留在主词表,普通词,与浙江中考考频表词头直接匹配,"",8b-word-list_01-13.png
NV1456,1457,8B,Unit 2,on fire,on fire,,,着火；起火,p.16,多词表达,否,否,,A核心,保留在主词表,短语或固定表达,教材明确列出的短语或句型，应独立掌握,后续需结合短语考查价值再细分,8b-word-list_01-13.png
NV1457,1458,8B,Unit 2,flame,flame,/fleɪm/,n.,火焰,p.16,单词,否,否,,B认读,保留在认读区,普通词,教材词汇，但未与浙江中考考频表词头直接匹配,需在样章阶段复核是否升级为核心,8b-word-list_01-13.png
NV1458,1459,8B,Unit 2,panic,panic,/ˈpænɪk/,n.,惊恐；恐慌,p.16,单词,否,否,,B认读,保留在认读区,普通词,教材词汇，但未与浙江中考考频表词头直接匹配,需在样章阶段复核是否升级为核心,8b-word-list_01-13.png
NV1459,1460,8B,Unit 2,onto,onto,/ˈɒntuː; ˈɒntə/,prep.,向；朝,p.16,单词,否,否,,B认读,保留在认读区,普通词,教材词汇，但未与浙江中考考频表词头直接匹配,需在样章阶段复核是否升级为核心,8b-word-list_01-13.png
NV1460,1461,8B,Unit 2,throw,throw,/θrəʊ/,v.,"(threw /θruː/, thrown /θrəʊn/) 猛动身体（部位）；扔；抛",p.16,单词,否,是,677,A核心,保留在主词表,普通词,与浙江中考考频表词头直接匹配,"",8b-word-list_01-13.png
NV1461,1462,8B,Unit 2,roll,roll,/rəʊl/,v.,(使)翻滚；滚动,p.16,单词,否,是,1253,A核心,保留在主词表,普通词,与浙江中考考频表词头直接匹配,"",8b-word-list_01-13.png
NV1462,1463,8B,Unit 2,quick,quick,/kwɪk/,adj. adv.,adj. 快的；迅速的 adv. 迅速地；快速地,p.16,单词,否,否,,B认读,保留在认读区,普通词,教材词汇，但未与浙江中考考频表词头直接匹配,需在样章阶段复核是否升级为核心,8b-word-list_01-13.png
NV1463,1464,8B,Unit 2,be about to,be about to,,,即将；正要（做某事）,p.16,多词表达,否,否,,A核心,保留在主词表,短语或固定表达,教材明确列出的短语或句型，应独立掌握,后续需结合短语考查价值再细分,8b-word-list_01-13.png
NV1464,1465,8B,Unit 2,stop short,stop short,,,突然停住,p.16,多词表达,否,否,,A核心,保留在主词表,短语或固定表达,教材明确列出的短语或句型，应独立掌握,后续需结合短语考查价值再细分,8b-word-list_01-13.png
NV1465,1466,8B,Unit 2,aid,aid,/eɪd/,n. & v.,帮助；援助,p.16,单词,否,是,1645,A核心,保留在主词表,普通词,与浙江中考考频表词头直接匹配,"",8b-word-list_01-13.png
NV1466,1467,8B,Unit 2,first aid,first aid,,,急救,p.16,多词表达,否,否,,A核心,保留在主词表,短语或固定表达,教材明确列出的短语或句型，应独立掌握,后续需结合短语考查价值再细分,8b-word-list_01-13.png
NV1467,1468,8B,Unit 2,safety,safety,/ˈseɪfti/,n.,安全；安全处所,p.16,单词,否,是,1133,A核心,保留在主词表,普通词,与浙江中考考频表词头直接匹配,"",8b-word-list_01-13.png
NV1468,1469,8B,Unit 2,extinguisher,extinguisher,/ɪkˈstɪŋgwɪʃə(r)/,n.,灭火器,p.16,单词,否,否,,B认读,保留在认读区,普通词,教材词汇，但未与浙江中考考频表词头直接匹配,需在样章阶段复核是否升级为核心,8b-word-list_01-13.png
NV1469,1470,8B,Unit 2,eat out,eat out,,,上馆子吃饭；在外用餐,p.17,多词表达,否,否,,A核心,保留在主词表,短语或固定表达,教材明确列出的短语或句型，应独立掌握,后续需结合短语考查价值再细分,8b-word-list_01-13.png
NV1470,1471,8B,Unit 2,tonight,tonight,/təˈnaɪt/,adv. n.,adv. 在今晚 n. 今夜；今晚,p.17,单词,否,是,911,A核心,保留在主词表,普通词,与浙江中考考频表词头直接匹配,"",8b-word-list_01-13.png
NV1471,1472,8B,Unit 2,sadly,sadly,/ˈsædli/,adv.,伤心地；令人遗憾,p.17,单词,否,是,5788,A核心,保留在主词表,普通词,与浙江中考考频表词头直接匹配,"",8b-word-list_01-13.png
NV1472,1473,8B,Unit 2,smoke,smoke,/sməʊk/,n. v.,n. 烟 v. 吸烟；冒烟,p.17,单词,否,是,2430,A核心,保留在主词表,普通词,与浙江中考考频表词头直接匹配,"",8b-word-list_01-13.png
NV1473,1474,8B,Unit 2,unfortunately,unfortunately,/ʌnˈfɔːtʃənətli/,adv.,不幸地；可惜地,p.17,单词,否,是,2027,A核心,保留在主词表,普通词,与浙江中考考频表词头直接匹配,"",8b-word-list_01-13.png
NV1474,1475,8B,Unit 2,luckily,luckily,/ˈlʌkɪli/,adv.,幸运地,p.17,单词,否,是,8325,A核心,保留在主词表,普通词,与浙江中考考频表词头直接匹配,"",8b-word-list_01-13.png
NV1475,1476,8B,Unit 2,badly,badly,/ˈbædli/,adv.,"(worse /wɜːs/, worst /wɜːst/) 严重地",p.17,单词,否,是,3130,A核心,保留在主词表,普通词,与浙江中考考频表词头直接匹配,"",8b-word-list_01-13.png
NV1476,1477,8B,Unit 2,harm,harm,/hɑːm/,n. & v.,伤害；损害,p.17,单词,否,是,3678,A核心,保留在主词表,普通词,与浙江中考考频表词头直接匹配,"",8b-word-list_01-13.png
NV1477,1478,8B,Unit 2,pill,pill,/pɪl/,n.,药丸；药片,p.18,单词,否,否,,B认读,保留在认读区,普通词,教材词汇，但未与浙江中考考频表词头直接匹配,需在样章阶段复核是否升级为核心,8b-word-list_01-13.png
NV1478,1479,8B,Unit 2,painful,painful,/ˈpeɪnfl/,adj.,（身体部位）疼痛的；令人痛苦的,p.18,单词,否,是,3053,A核心,保留在主词表,普通词,与浙江中考考频表词头直接匹配,"",8b-word-list_01-13.png
NV1479,1480,8B,Unit 2,lie,lie,/laɪ/,v.,"(lay /leɪ/, lain /leɪn/) 平躺；平放",p.18,单词,否,是,751,A核心,保留在主词表,普通词,与浙江中考考频表词头直接匹配,"",8b-word-list_01-13.png
NV1480,1481,8B,Unit 2,lie down,lie down,,,平躺；平卧,p.18,多词表达,否,否,,A核心,保留在主词表,短语或固定表达,教材明确列出的短语或句型，应独立掌握,后续需结合短语考查价值再细分,8b-word-list_01-13.png
NV1481,1482,8B,Unit 2,harmful,harmful,/ˈhɑːmfl/,adj.,有害的,p.18,单词,否,是,5882,A核心,保留在主词表,普通词,与浙江中考考频表词头直接匹配,"",8b-word-list_01-13.png
NV1482,1483,8B,Unit 2,hit,hit,/hɪt/,v. n.,"v. (hit, hit) 碰撞；击；打 n. 打；击；击中",p.18,单词,否,是,535,A核心,保留在主词表,普通词,与浙江中考考频表词头直接匹配,"",8b-word-list_01-13.png
NV1483,1484,8B,Unit 2,shock,shock,/ʃɒk/,n. v.,n. 震惊；令人震惊的事 v. 使震惊；使惊愕,p.18,单词,否,是,2312,A核心,保留在主词表,普通词,与浙江中考考频表词头直接匹配,"",8b-word-list_01-13.png
NV1484,1485,8B,Unit 2,bleed,bleed,/bliːd/,v.,"(bled /bled/, bled) 流血；出血",p.18,单词,否,否,,B认读,保留在认读区,普通词,教材词汇，但未与浙江中考考频表词头直接匹配,需在样章阶段复核是否升级为核心,8b-word-list_01-13.png
NV1485,1486,8B,Unit 2,check,check,/tʃek/,v. n.,v. 检查；查明 n. 检查；调查,p.18,单词,否,是,855,A核心,保留在主词表,普通词,与浙江中考考频表词头直接匹配,"",8b-word-list_01-13.png
NV1486,1487,8B,Unit 2,tight,tight,/taɪt/,adj.,疼痛的；憋气的；紧的；牢固的,p.19,单词,否,是,2758,A核心,保留在主词表,普通词,与浙江中考考频表词头直接匹配,"",8b-word-list_01-13.png
NV1487,1488,8B,Unit 2,peanut,peanut,/ˈpiːnʌt/,n.,花生,p.19,单词,否,是,4671,A核心,保留在主词表,普通词,与浙江中考考频表词头直接匹配,"",8b-word-list_01-13.png
NV1488,1489,8B,Unit 2,nervously,nervously,/ˈnɜːvəsli/,adv.,紧张不安地,p.19,单词,否,是,7205,A核心,保留在主词表,普通词,与浙江中考考频表词头直接匹配,"",8b-word-list_01-13.png
NV1489,1490,8B,Unit 2,allergic,allergic,/əˈlɜːdʒɪk/,adj.,过敏的,p.19,单词,否,否,,B认读,保留在认读区,普通词,教材词汇，但未与浙江中考考频表词头直接匹配,需在样章阶段复核是否升级为核心,8b-word-list_01-13.png
NV1490,1491,8B,Unit 2,from now on,from now on,,,从现在起,p.19,多词表达,否,否,,A核心,保留在主词表,短语或固定表达,教材明确列出的短语或句型，应独立掌握,后续需结合短语考查价值再细分,8b-word-list_01-13.png
NV1491,1492,8B,Unit 2,Ben,ben,/ben/,,本,p.12,单词,是,否,,C剔除,从学生主词表剔除,人名,人物名、姓氏或虚构人物名,"",8b-word-list_01-13.png
NV1492,1493,8B,Unit 2,Nancy,nancy,/ˈnænsi/,,南希,p.12,单词,是,否,,C剔除,从学生主词表剔除,人名,人物名、姓氏或虚构人物名,"",8b-word-list_01-13.png
NV1493,1494,8B,Unit 2,Jeff,jeff,/dʒef/,,杰夫,p.13,单词,是,否,,C剔除,从学生主词表剔除,人名,人物名、姓氏或虚构人物名,"",8b-word-list_01-13.png
NV1494,1495,8B,Unit 2,James,james,/dʒeɪmz/,,詹姆斯,p.16,单词,是,否,,C剔除,从学生主词表剔除,人名,人物名、姓氏或虚构人物名,"",8b-word-list_01-13.png
NV1495,1496,8B,Unit 2,Allen,allen,/ˈælən/,,艾伦,p.16,单词,是,否,,C剔除,从学生主词表剔除,人名,人物名、姓氏或虚构人物名,"",8b-word-list_01-13.png
NV1496,1497,8B,Unit 2,Kelly,kelly,/ˈkeli/,,凯莉,p.18,单词,是,否,,C剔除,从学生主词表剔除,人名,人物名、姓氏或虚构人物名,"",8b-word-list_01-13.png
NV1497,1498,8B,Unit 2,Cooper,cooper,/ˈkuːpə(r)/,,库珀,p.19,单词,是,否,,C剔除,从学生主词表剔除,人名,人物名、姓氏或虚构人物名,"",8b-word-list_01-13.png
NV1498,1499,8B,Unit 3,deal with,deal with,,,处理；对付,p.21,多词表达,否,否,,A核心,保留在主词表,短语或固定表达,教材明确列出的短语或句型，应独立掌握,后续需结合短语考查价值再细分,8b-word-list_01-13.png
NV1499,1500,8B,Unit 3,emotion,emotion,/ɪˈməʊʃn/,n.,情感；情绪,p.21,单词,否,否,,B认读,保留在认读区,普通词,教材词汇，但未与浙江中考考频表词头直接匹配,需在样章阶段复核是否升级为核心,8b-word-list_01-13.png
NV1500,1501,8B,Unit 3,upset,upset,/ʌpˈset/,adj.,难过的；沮丧的,p.22,单词,否,是,3411,A核心,保留在主词表,普通词,与浙江中考考频表词头直接匹配,"",8b-word-list_01-13.png
NV1501,1502,8B,Unit 3,lonely,lonely,/ˈləʊnli/,adj.,孤独的；寂寞的,p.22,单词,否,是,4033,A核心,保留在主词表,普通词,与浙江中考考频表词头直接匹配,"",8b-word-list_01-13.png
NV1502,1503,8B,Unit 3,shocked,shocked,/ʃɒkt/,adj.,震惊的,p.22,单词,否,是,5748,A核心,保留在主词表,普通词,与浙江中考考频表词头直接匹配,"",8b-word-list_01-13.png
NV1503,1504,8B,Unit 3,alone,alone,/əˈləʊn/,adv.,独自；单独,p.22,单词,否,是,1098,A核心,保留在主词表,普通词,与浙江中考考频表词头直接匹配,"",8b-word-list_01-13.png
NV1504,1505,8B,Unit 3,control,control,/kənˈtrəʊl/,v. & n.,控制,p.22,单词,否,是,432,A核心,保留在主词表,普通词,与浙江中考考频表词头直接匹配,"",8b-word-list_01-13.png
NV1505,1506,8B,Unit 3,anger,anger,/ˈæŋgə(r)/,n.,怒火,p.22,单词,否,是,2377,A核心,保留在主词表,普通词,与浙江中考考频表词头直接匹配,"",8b-word-list_01-13.png
NV1506,1507,8B,Unit 3,advise,advise,/ədˈvaɪz/,v.,建议；劝告,p.22,单词,否,是,2568,A核心,保留在主词表,普通词,与浙江中考考频表词头直接匹配,"",8b-word-list_01-13.png
NV1507,1508,8B,Unit 3,hurtful,hurtful,/ˈhɜːtfl/,adj.,伤感情的,p.22,单词,否,否,,B认读,保留在认读区,普通词,教材词汇，但未与浙江中考考频表词头直接匹配,需在样章阶段复核是否升级为核心,8b-word-list_01-13.png
NV1508,1509,8B,Unit 3,in future,in future,,,今后；从今以后,p.23,多词表达,否,否,,A核心,保留在主词表,短语或固定表达,教材明确列出的短语或句型，应独立掌握,后续需结合短语考查价值再细分,8b-word-list_01-13.png
NV1509,1510,8B,Unit 3,forgive,forgive,/fəˈgɪv/,v.,"(forgave /fəˈgeɪv/, forgiven /fəˈgɪvn/) 原谅；宽恕",p.23,单词,否,是,3621,A核心,保留在主词表,普通词,与浙江中考考频表词头直接匹配,"",8b-word-list_01-13.png
NV1510,1511,8B,Unit 3,fault,fault,/fɔːlt/,n.,过错；责任,p.23,单词,否,是,2866,A核心,保留在主词表,普通词,与浙江中考考频表词头直接匹配,"",8b-word-list_01-13.png
NV1511,1512,8B,Unit 3,clear the air,clear the air,,,尽释前嫌,p.23,多词表达,否,否,,A核心,保留在主词表,短语或固定表达,教材明确列出的短语或句型，应独立掌握,后续需结合短语考查价值再细分,8b-word-list_01-13.png
NV1512,1513,8B,Unit 3,present,present,/ˈpreznt/,n.,礼物,p.23,单词,否,是,818,A核心,保留在主词表,普通词,与浙江中考考频表词头直接匹配,"",8b-word-list_01-13.png
NV1513,1514,8B,Unit 3,standard,standard,/ˈstændəd/,n. adj.,n. 标准；水平 adj. 标准的,p.24,单词,否,是,806,A核心,保留在主词表,普通词,与浙江中考考频表词头直接匹配,"",8b-word-list_01-13.png
NV1514,1515,8B,Unit 3,award,award,/əˈwɔːd/,n.,奖；奖品,p.24,单词,否,是,2589,A核心,保留在主词表,普通词,与浙江中考考频表词头直接匹配,"",8b-word-list_01-13.png
NV1515,1516,8B,Unit 3,get across,get across,,,解释清楚；传达,p.24,多词表达,否,否,,A核心,保留在主词表,短语或固定表达,教材明确列出的短语或句型，应独立掌握,后续需结合短语考查价值再细分,8b-word-list_01-13.png
NV1516,1517,8B,Unit 3,clearly,clearly,/ˈklɪəli/,adv.,清楚地,p.24,单词,否,是,847,A核心,保留在主词表,普通词,与浙江中考考频表词头直接匹配,"",8b-word-list_01-13.png
NV1517,1518,8B,Unit 3,pressure,pressure,/ˈpreʃə(r)/,n.,压力,p.24,单词,否,是,765,A核心,保留在主词表,普通词,与浙江中考考频表词头直接匹配,"",8b-word-list_01-13.png
NV1518,1519,8B,Unit 3,purpose,purpose,/ˈpɜːpəs/,n.,目的；意图,p.25,单词,否,是,1015,A核心,保留在主词表,普通词,与浙江中考考频表词头直接匹配,"",8b-word-list_01-13.png
NV1519,1520,8B,Unit 3,on purpose,on purpose,,,故意；有意地,p.25,多词表达,否,否,,A核心,保留在主词表,短语或固定表达,教材明确列出的短语或句型，应独立掌握,后续需结合短语考查价值再细分,8b-word-list_01-13.png
NV1520,1521,8B,Unit 3,reduce by half,reduce by half,,,减少一半,p.25,多词表达,否,否,,A核心,保留在主词表,短语或固定表达,教材明确列出的短语或句型，应独立掌握,后续需结合短语考查价值再细分,8b-word-list_01-13.png
NV1521,1522,8B,Unit 3,apologize,apologize,/əˈpɒlədʒaɪz/,(= apologise) v.,道歉,p.25,单词,否,是,3767,A核心,保留在主词表,普通词,与浙江中考考频表词头直接匹配,"",8b-word-list_01-13.png
NV1522,1523,8B,Unit 3,put oneself in sb's shoes,put oneself in sb's shoes,,,设身处地；处于某人的境地,p.25,多词表达,否,否,,A核心,保留在主词表,短语或固定表达,教材明确列出的短语或句型，应独立掌握,后续需结合短语考查价值再细分,8b-word-list_01-13.png
NV1523,1524,8B,Unit 3,shut,shut,/ʃʌt/,v.,"(shut, shut) 关闭；合上；住嘴",p.25,单词,否,是,1546,A核心,保留在主词表,普通词,与浙江中考考频表词头直接匹配,"",8b-word-list_01-13.png
NV1524,1525,8B,Unit 3,shut sb/sth away,shut sb/sth away,,,把……关（藏）起来；隔离,p.25,多词表达,否,否,,A核心,保留在主词表,短语或固定表达,教材明确列出的短语或句型，应独立掌握,后续需结合短语考查价值再细分,8b-word-list_01-13.png
NV1525,1526,8B,Unit 3,lastly,lastly,/ˈlɑːstli/,adv.,最后,p.25,单词,否,是,13162,A核心,保留在主词表,普通词,与浙江中考考频表词头直接匹配,"",8b-word-list_01-13.png
NV1526,1527,8B,Unit 3,plenty,plenty,/ˈplenti/,pron.,充足；丰富；大量,p.25,单词,否,是,2055,A核心,保留在主词表,普通词,与浙江中考考频表词头直接匹配,"",8b-word-list_01-13.png
NV1527,1528,8B,Unit 3,plenty of,plenty of,,,充足；大量,p.25,多词表达,否,否,,A核心,保留在主词表,短语或固定表达,教材明确列出的短语或句型，应独立掌握,后续需结合短语考查价值再细分,8b-word-list_01-13.png
NV1528,1529,8B,Unit 3,feel blue,feel blue,,,感到忧郁的,p.26,多词表达,否,否,,A核心,保留在主词表,短语或固定表达,教材明确列出的短语或句型，应独立掌握,后续需结合短语考查价值再细分,8b-word-list_01-13.png
NV1529,1530,8B,Unit 3,on top of the world,on top of the world,,,欢天喜地,p.26,多词表达,否,否,,A核心,保留在主词表,短语或固定表达,教材明确列出的短语或句型，应独立掌握,后续需结合短语考查价值再细分,8b-word-list_01-13.png
NV1530,1531,8B,Unit 3,all smiles,all smiles,,,笑容满面,p.26,多词表达,否,否,,A核心,保留在主词表,短语或固定表达,教材明确列出的短语或句型，应独立掌握,后续需结合短语考查价值再细分,8b-word-list_01-13.png
NV1531,1532,8B,Unit 3,low,low,/ləʊ/,adj.,沮丧的；低的,p.26,单词,否,否,,B认读,保留在认读区,普通词,教材词汇，但未与浙江中考考频表词头直接匹配,需在样章阶段复核是否升级为核心,8b-word-list_01-13.png
NV1532,1533,8B,Unit 3,in low spirits,in low spirits,,,情绪低落；精神不振,p.26,多词表达,否,否,,A核心,保留在主词表,短语或固定表达,教材明确列出的短语或句型，应独立掌握,后续需结合短语考查价值再细分,8b-word-list_01-13.png
NV1533,1534,8B,Unit 3,ring,ring,/rɪŋ/,v.,"(rang /ræŋ/, rung /rʌŋ/) 发出铃声",p.26,单词,否,是,1684,A核心,保留在主词表,普通词,与浙江中考考频表词头直接匹配,"",8b-word-list_01-13.png
NV1534,1535,8B,Unit 3,enter,enter,/ˈentə(r)/,v.,进入,p.26,单词,否,是,709,A核心,保留在主词表,普通词,与浙江中考考频表词头直接匹配,"",8b-word-list_01-13.png
NV1535,1536,8B,Unit 3,dare,dare,/deə(r)/,v. & modal v.,敢于,p.26,单词,否,是,3370,A核心,保留在主词表,普通词,与浙江中考考频表词头直接匹配,"",8b-word-list_01-13.png
NV1536,1537,8B,Unit 3,everybody,everybody,/ˈevribɒdi/,pron.,每人；所有人,p.26,单词,否,是,799,A核心,保留在主词表,普通词,与浙江中考考频表词头直接匹配,"",8b-word-list_01-13.png
NV1537,1538,8B,Unit 3,let down,let down,,,使失望,p.26,多词表达,否,否,,A核心,保留在主词表,短语或固定表达,教材明确列出的短语或句型，应独立掌握,后续需结合短语考查价值再细分,8b-word-list_01-13.png
NV1538,1539,8B,Unit 3,be hard on,be hard on,,,对……苛刻或过分严厉,p.26,多词表达,否,否,,A核心,保留在主词表,短语或固定表达,教材明确列出的短语或句型，应独立掌握,后续需结合短语考查价值再细分,8b-word-list_01-13.png
NV1539,1540,8B,Unit 3,player,player,/ˈpleɪə(r)/,n.,运动员；选手,p.26,单词,否,否,,B认读,保留在认读区,普通词,教材词汇，但未与浙江中考考频表词头直接匹配,需在样章阶段复核是否升级为核心,8b-word-list_01-13.png
NV1540,1541,8B,Unit 3,referee,referee,/ˌrefəˈriː/,n.,裁判,p.26,单词,否,否,,B认读,保留在认读区,普通词,教材词汇，但未与浙江中考考频表词头直接匹配,需在样章阶段复核是否升级为核心,8b-word-list_01-13.png
NV1541,1542,8B,Unit 3,take back,take back,,,撤回；收回,p.26,多词表达,否,否,,A核心,保留在主词表,短语或固定表达,教材明确列出的短语或句型，应独立掌握,后续需结合短语考查价值再细分,8b-word-list_01-13.png
NV1542,1543,8B,Unit 3,decision,decision,/dɪˈsɪʒn/,n.,决定,p.26,单词,否,是,479,A核心,保留在主词表,普通词,与浙江中考考频表词头直接匹配,"",8b-word-list_01-13.png
NV1543,1544,8B,Unit 3,kick oneself,kick oneself,,,（因干了蠢事等）自责或懊恼,p.26,多词表达,否,否,,A核心,保留在主词表,短语或固定表达,教材明确列出的短语或句型，应独立掌握,后续需结合短语考查价值再细分,8b-word-list_01-13.png
NV1544,1545,8B,Unit 3,look on the bright side,look on the bright side,,,从好的方面想；抱乐观态度,p.26,多词表达,否,否,,A核心,保留在主词表,短语或固定表达,教材明确列出的短语或句型，应独立掌握,后续需结合短语考查价值再细分,8b-word-list_01-13.png
NV1545,1546,8B,Unit 3,score,score,/skɔː(r)/,n.,得分；比分,p.26,单词,否,是,1071,A核心,保留在主词表,普通词,与浙江中考考频表词头直接匹配,"",8b-word-list_01-13.png
NV1546,1547,8B,Unit 3,proud,proud,/praʊd/,adj.,骄傲的；自豪的,p.26,单词,否,是,1993,A核心,保留在主词表,普通词,与浙江中考考频表词头直接匹配,"",8b-word-list_01-13.png
NV1547,1548,8B,Unit 3,proud of,proud of,,,为……感到骄傲,p.26,多词表达,否,否,,A核心,保留在主词表,短语或固定表达,教材明确列出的短语或句型，应独立掌握,后续需结合短语考查价值再细分,8b-word-list_01-13.png
NV1548,1549,8B,Unit 3,coach,coach,/kəʊtʃ/,n.,教练,p.26,单词,否,是,1034,A核心,保留在主词表,普通词,与浙江中考考频表词头直接匹配,"",8b-word-list_01-13.png
NV1549,1550,8B,Unit 3,as well,as well,,,也；又,p.26,多词表达,否,否,,A核心,保留在主词表,短语或固定表达,教材明确列出的短语或句型，应独立掌握,后续需结合短语考查价值再细分,8b-word-list_01-13.png
NV1550,1551,8B,Unit 3,bit,bit,/bɪt/,n.,有点儿；稍微,p.26,单词,否,否,,B认读,保留在认读区,普通词,教材词汇，但未与浙江中考考频表词头直接匹配,需在样章阶段复核是否升级为核心,8b-word-list_01-13.png
NV1551,1552,8B,Unit 3,a bit,a bit,,,有点儿；稍微,p.26,多词表达,否,否,,A核心,保留在主词表,短语或固定表达,教材明确列出的短语或句型，应独立掌握,后续需结合短语考查价值再细分,8b-word-list_01-13.png
NV1552,1553,8B,Unit 3,repeat,repeat,/rɪˈpiːt/,v.,重复,p.26,单词,否,是,1607,A核心,保留在主词表,普通词,与浙江中考考频表词头直接匹配,"",8b-word-list_01-13.png
NV1553,1554,8B,Unit 3,pull together,pull together,,,齐心协力；通力合作,p.26,多词表达,否,否,,A核心,保留在主词表,短语或固定表达,教材明确列出的短语或句型，应独立掌握,后续需结合短语考查价值再细分,8b-word-list_01-13.png
NV1554,1555,8B,Unit 3,though,though,/ðəʊ/,conj.,虽然；尽管,p.27,单词,否,是,245,A核心,保留在主词表,普通词,与浙江中考考频表词头直接匹配,"",8b-word-list_01-13.png
NV1555,1556,8B,Unit 3,even though,even though,,,即使；虽然,p.27,多词表达,否,否,,A核心,保留在主词表,短语或固定表达,教材明确列出的短语或句型，应独立掌握,后续需结合短语考查价值再细分,8b-word-list_01-13.png
NV1556,1557,8B,Unit 3,solution,solution,/səˈluːʃn/,n.,解决办法；解决,p.27,单词,否,是,1223,A核心,保留在主词表,普通词,与浙江中考考频表词头直接匹配,"",8b-word-list_01-13.png
NV1557,1558,8B,Unit 3,joyful,joyful,/ˈdʒɔɪfl/,adj.,高兴的；令人愉快的,p.28,单词,否,否,,B认读,保留在认读区,普通词,教材词汇，但未与浙江中考考频表词头直接匹配,需在样章阶段复核是否升级为核心,8b-word-list_01-13.png
NV1558,1559,8B,Unit 3,thankful,thankful,/ˈθæŋkfl/,adj.,感谢的；感激的,p.28,单词,否,是,8579,A核心,保留在主词表,普通词,与浙江中考考频表词头直接匹配,"",8b-word-list_01-13.png
NV1559,1560,8B,Unit 3,negative,negative,/ˈnegətɪv/,adj.,否定的；消极的,p.28,单词,否,否,,B认读,保留在认读区,普通词,教材词汇，但未与浙江中考考频表词头直接匹配,需在样章阶段复核是否升级为核心,8b-word-list_01-13.png
NV1560,1561,8B,Unit 3,bully,bully,/ˈbʊli/,v. n.,v. 霸凌；恐吓 n. 恶霸,p.28,单词,否,是,7520,A核心,保留在主词表,普通词,与浙江中考考频表词头直接匹配,"",8b-word-list_01-13.png
NV1561,1562,8B,Unit 3,shout at sb,shout at sb,,,冲某人喊叫,p.28,多词表达,否,否,,A核心,保留在主词表,短语或固定表达,教材明确列出的短语或句型，应独立掌握,后续需结合短语考查价值再细分,8b-word-list_01-13.png
NV1562,1563,8B,Unit 3,from time to time,from time to time,,,不时；偶尔,p.28,多词表达,否,否,,A核心,保留在主词表,短语或固定表达,教材明确列出的短语或句型，应独立掌握,后续需结合短语考查价值再细分,8b-word-list_01-13.png
NV1563,1564,8B,Unit 3,behave,behave,/bɪˈheɪv/,v.,表现；举止得体,p.28,单词,否,是,3687,A核心,保留在主词表,普通词,与浙江中考考频表词头直接匹配,"",8b-word-list_01-13.png
NV1564,1565,8B,Unit 3,differently,differently,/ˈdɪfrəntli/,adv.,不同地,p.28,单词,否,是,3152,A核心,保留在主词表,普通词,与浙江中考考频表词头直接匹配,"",8b-word-list_01-13.png
NV1565,1566,8B,Unit 3,physics,physics,/ˈfɪzɪks/,n.,物理；物理学,p.28,单词,否,是,3440,A核心,保留在主词表,普通词,与浙江中考考频表词头直接匹配,"",8b-word-list_01-13.png
NV1566,1567,8B,Unit 3,awake,awake,/əˈweɪk/,adj.,醒着的,p.28,单词,否,是,4691,A核心,保留在主词表,普通词,与浙江中考考频表词头直接匹配,"",8b-word-list_01-13.png
NV1567,1568,8B,Unit 3,normal,normal,/ˈnɔːml/,adj.,正常的；普通的,p.28,单词,否,是,1219,A核心,保留在主词表,普通词,与浙江中考考频表词头直接匹配,"",8b-word-list_01-13.png
NV1568,1569,8B,Unit 3,mad,mad,/mæd/,adj.,发狂的；疯的,p.28,单词,否,是,2588,A核心,保留在主词表,普通词,与浙江中考考频表词头直接匹配,"",8b-word-list_01-13.png
NV1569,1570,8B,Unit 3,mean,mean,/miːn/,adj.,刻薄的；吝啬的,p.28,单词,否,否,,B认读,保留在认读区,普通词,教材词汇，但未与浙江中考考频表词头直接匹配,需在样章阶段复核是否升级为核心,8b-word-list_01-13.png
NV1570,1571,8B,Unit 3,deep,deep,/diːp/,adj.,深的；有……深的,p.28,单词,否,否,,B认读,保留在认读区,普通词,教材词汇，但未与浙江中考考频表词头直接匹配,需在样章阶段复核是否升级为核心,8b-word-list_01-13.png
NV1571,1572,8B,Unit 3,take a deep breath,take a deep breath,,,深呼吸,p.28,多词表达,否,否,,A核心,保留在主词表,短语或固定表达,教材明确列出的短语或句型，应独立掌握,后续需结合短语考查价值再细分,8b-word-list_01-13.png
NV1572,1573,8B,Unit 3,pass away,pass away,,,去世（委婉说法）,p.29,多词表达,否,否,,A核心,保留在主词表,短语或固定表达,教材明确列出的短语或句型，应独立掌握,后续需结合短语考查价值再细分,8b-word-list_01-13.png
NV1573,1574,8B,Unit 3,anybody,anybody,/ˈenibɒdi/,pron.,任何人,p.29,单词,否,是,1384,A核心,保留在主词表,普通词,与浙江中考考频表词头直接匹配,"",8b-word-list_01-13.png
NV1574,1575,8B,Unit 3,remain,remain,/rɪˈmeɪn/,v.,继续存在；保持不变,p.29,单词,否,是,426,A核心,保留在主词表,普通词,与浙江中考考频表词头直接匹配,"",8b-word-list_01-13.png
NV1575,1576,8B,Unit 3,not only … but also …,not only ... but also ...,,,不但……而且……,p.29,多词表达,否,否,,A核心,保留在主词表,短语或固定表达,教材明确列出的短语或句型，应独立掌握,后续需结合短语考查价值再细分,8b-word-list_01-13.png
NV1576,1577,8B,Unit 3,Thompson,thompson,/ˈtɒmpsən/,,汤普森,p.29,单词,是,否,,C剔除,从学生主词表剔除,人名,人物名、姓氏或虚构人物名,"",8b-word-list_01-13.png
NV1577,1578,8B,Unit 4,wonder,wonder,/ˈwʌndə(r)/,n. v.,n. 奇观；惊叹 v. 琢磨；想知道；感到诧异,p.31,单词,否,是,790,A核心,保留在主词表,普通词,与浙江中考考频表词头直接匹配,"",8b-word-list_01-13.png
NV1578,1579,8B,Unit 4,measurement,measurement,/ˈmeʒəmənt/,n.,数量；测量,p.32,单词,否,否,,B认读,保留在认读区,普通词,教材词汇，但未与浙江中考考频表词头直接匹配,需在样章阶段复核是否升级为核心,8b-word-list_01-13.png
NV1579,1580,8B,Unit 4,square kilometre,square kilometre,,,平方千米,p.32,多词表达,否,否,,A核心,保留在主词表,短语或固定表达,教材明确列出的短语或句型，应独立掌握,后续需结合短语考查价值再细分,8b-word-list_01-13.png
NV1580,1581,8B,Unit 4,below,below,/bɪˈləʊ/,prep. adv.,prep. 在（或到）……下面；少于；低于 adv. 在（或到）下面,p.32,单词,否,是,1454,A核心,保留在主词表,普通词,与浙江中考考频表词头直接匹配,"",8b-word-list_01-13.png
NV1581,1582,8B,Unit 4,level,level,/ˈlevl/,n.,高度；水平；程度,p.32,单词,否,是,338,A核心,保留在主词表,普通词,与浙江中考考频表词头直接匹配,"",8b-word-list_01-13.png
NV1582,1583,8B,Unit 4,surface,surface,/ˈsɜːfɪs/,n.,表面；表层,p.32,单词,否,是,1016,A核心,保留在主词表,普通词,与浙江中考考频表词头直接匹配,"",8b-word-list_01-13.png
NV1583,1584,8B,Unit 4,depth,depth,/depθ/,n.,深（度）；纵深,p.33,单词,否,否,,B认读,保留在认读区,普通词,教材词汇，但未与浙江中考考频表词头直接匹配,需在样章阶段复核是否升级为核心,8b-word-list_01-13.png
NV1584,1585,8B,Unit 4,dive,dive,/daɪv/,v. & n.,潜水；跳水；俯冲,p.33,单词,否,是,5175,A核心,保留在主词表,普通词,与浙江中考考频表词头直接匹配,"",8b-word-list_01-13.png
NV1585,1586,8B,Unit 4,research,research,/rɪˈsɜːtʃ/,v. & n.,研究；调查,p.33,单词,否,是,362,A核心,保留在主词表,普通词,与浙江中考考频表词头直接匹配,"",8b-word-list_01-13.png
NV1586,1587,8B,Unit 4,vessel,vessel,/ˈvesl/,n.,大船；轮船,p.33,单词,否,是,2957,A核心,保留在主词表,普通词,与浙江中考考频表词头直接匹配,"",8b-word-list_01-13.png
NV1587,1588,8B,Unit 4,unusual,unusual,/ʌnˈjuːʒuəl/,adj.,特别的；不寻常的,p.33,单词,否,是,2048,A核心,保留在主词表,普通词,与浙江中考考频表词头直接匹配,"",8b-word-list_01-13.png
NV1588,1589,8B,Unit 4,bottom,bottom,/ˈbɒtəm/,n.,底部；最下部,p.33,单词,否,是,1516,A核心,保留在主词表,普通词,与浙江中考考频表词头直接匹配,"",8b-word-list_01-13.png
NV1589,1590,8B,Unit 4,waterfall,waterfall,/ˈwɔːtəfɔːl/,n.,瀑布,p.34,单词,否,是,8238,A核心,保留在主词表,普通词,与浙江中考考频表词头直接匹配,"",8b-word-list_01-13.png
NV1590,1591,8B,Unit 4,civilization,civilization,/ˌsɪvəlaɪˈzeɪʃn/,(= civilisation) n.,文明,p.34,单词,否,是,3482,A核心,保留在主词表,普通词,与浙江中考考频表词头直接匹配,"",8b-word-list_01-13.png
NV1591,1592,8B,Unit 4,means,means,/miːnz/,n.,(pl. means) 方式；途径,p.34,单词,否,否,,B认读,保留在认读区,普通词,教材词汇，但未与浙江中考考频表词头直接匹配,需在样章阶段复核是否升级为核心,8b-word-list_01-13.png
NV1592,1593,8B,Unit 4,development,development,/dɪˈveləpmənt/,n.,发展；壮大,p.34,单词,否,是,448,A核心,保留在主词表,普通词,与浙江中考考频表词头直接匹配,"",8b-word-list_01-13.png
NV1593,1594,8B,Unit 4,desert,desert,/ˈdezət/,n.,沙漠；荒原,p.34,单词,否,是,2210,A核心,保留在主词表,普通词,与浙江中考考频表词头直接匹配,"",8b-word-list_01-13.png
NV1594,1595,8B,Unit 4,cubic,cubic,/ˈkjuːbɪk/,adj.,立方的,p.35,单词,否,是,7909,A核心,保留在主词表,普通词,与浙江中考考频表词头直接匹配,"",8b-word-list_01-13.png
NV1595,1596,8B,Unit 4,mile,mile,/maɪl/,n.,英里,p.35,单词,否,否,,B认读,保留在认读区,普通词,教材词汇，但未与浙江中考考频表词头直接匹配,需在样章阶段复核是否升级为核心,8b-word-list_01-13.png
NV1596,1597,8B,Unit 4,pool,pool,/puːl/,n.,池塘；水坑,p.35,单词,否,否,,B认读,保留在认读区,普通词,教材词汇，但未与浙江中考考频表词头直接匹配,需在样章阶段复核是否升级为核心,8b-word-list_01-13.png
NV1597,1598,8B,Unit 4,climber,climber,/ˈklaɪmə(r)/,n.,攀登者；登山者,p.36,单词,否,是,8782,A核心,保留在主词表,普通词,与浙江中考考频表词头直接匹配,"",8b-word-list_01-13.png
NV1598,1599,8B,Unit 4,northern,northern,/ˈnɔːðən/,adj.,北部的；向北的,p.36,单词,否,是,1561,A核心,保留在主词表,普通词,与浙江中考考频表词头直接匹配,"",8b-word-list_01-13.png
NV1599,1600,8B,Unit 4,distance,distance,/ˈdɪstəns/,n.,距离；遥远,p.36,单词,否,是,1239,A核心,保留在主词表,普通词,与浙江中考考频表词头直接匹配,"",8b-word-list_01-13.png
NV1600,1601,8B,Unit 4,survive,survive,/səˈvaɪv/,v.,生存；存活；艰难度过,p.36,单词,否,是,1346,A核心,保留在主词表,普通词,与浙江中考考频表词头直接匹配,"",8b-word-list_01-13.png
NV1601,1602,8B,Unit 4,condition,condition,/kənˈdɪʃn/,n.,状态；境况,p.36,单词,否,是,629,A核心,保留在主词表,普通词,与浙江中考考频表词头直接匹配,"",8b-word-list_01-13.png
NV1602,1603,8B,Unit 4,degree,degree,/dɪˈgriː/,n.,度；度数；程度,p.36,单词,否,是,789,A核心,保留在主词表,普通词,与浙江中考考频表词头直接匹配,"",8b-word-list_01-13.png
NV1603,1604,8B,Unit 4,cliff,cliff,/klɪf/,n.,悬崖；峭壁,p.36,单词,否,否,,B认读,保留在认读区,普通词,教材词汇，但未与浙江中考考频表词头直接匹配,需在样章阶段复核是否升级为核心,8b-word-list_01-13.png
NV1604,1605,8B,Unit 4,changeable,changeable,/ˈtʃeɪndʒəbl/,adj.,可能变化的；易变的；常变的,p.36,单词,否,否,,B认读,保留在认读区,普通词,教材词汇，但未与浙江中考考频表词头直接匹配,需在样章阶段复核是否升级为核心,8b-word-list_01-13.png
NV1605,1606,8B,Unit 4,death,death,/deθ/,n.,死亡；毁灭；破灭,p.36,单词,否,是,417,A核心,保留在主词表,普通词,与浙江中考考频表词头直接匹配,"",8b-word-list_01-13.png
NV1606,1607,8B,Unit 4,determined,determined,/dɪˈtɜːmɪnd/,adj.,有决心的；坚决的,p.36,单词,否,是,5994,A核心,保留在主词表,普通词,与浙江中考考频表词头直接匹配,"",8b-word-list_01-13.png
NV1607,1608,8B,Unit 4,above,above,/əˈbʌv/,prep. adv.,prep. 在（或向）上面；超过 adv. 在（或向）上面；在（或向）高处；超过,p.36,单词,否,是,894,A核心,保留在主词表,普通词,与浙江中考考频表词头直接匹配,"",8b-word-list_01-13.png
NV1608,1609,8B,Unit 4,teammate,teammate,/ˈtiːmeɪt/,n.,同队队员；队友,p.36,单词,否,是,4273,A核心,保留在主词表,普通词,与浙江中考考频表词头直接匹配,"",8b-word-list_01-13.png
NV1609,1610,8B,Unit 4,shoulder,shoulder,/ˈʃəʊldə(r)/,n.,肩膀；肩部,p.36,单词,否,是,987,A核心,保留在主词表,普通词,与浙江中考考频表词头直接匹配,"",8b-word-list_01-13.png
NV1610,1611,8B,Unit 4,bit by bit,bit by bit,,,一点一点地；逐渐地,p.36,多词表达,否,否,,A核心,保留在主词表,短语或固定表达,教材明确列出的短语或句型，应独立掌握,后续需结合短语考查价值再细分,8b-word-list_01-13.png
NV1611,1612,8B,Unit 4,ladder,ladder,/ˈlædə(r)/,n.,梯子；阶梯；途径,p.37,单词,否,否,,B认读,保留在认读区,普通词,教材词汇，但未与浙江中考考频表词头直接匹配,需在样章阶段复核是否升级为核心,8b-word-list_01-13.png
NV1612,1613,8B,Unit 4,measure,measure,/ˈmeʒə(r)/,v. n.,v. 测量；量度为 n. 措施；度量单位,p.37,单词,否,否,,B认读,保留在认读区,普通词,教材词汇，但未与浙江中考考频表词头直接匹配,需在样章阶段复核是否升级为核心,8b-word-list_01-13.png
NV1613,1614,8B,Unit 4,successfully,successfully,/səkˈsesfəli/,adv.,成功地；顺利地,p.37,单词,否,是,3197,A核心,保留在主词表,普通词,与浙江中考考频表词头直接匹配,"",8b-word-list_01-13.png
NV1614,1615,8B,Unit 4,risk,risk,/rɪsk/,v. n.,v. 使……冒风险（或面临危险） n. 危险；风险,p.37,单词,否,是,650,A核心,保留在主词表,普通词,与浙江中考考频表词头直接匹配,"",8b-word-list_01-13.png
NV1615,1616,8B,Unit 4,curiosity,curiosity,/ˌkjʊəriˈɒsəti/,n.,好奇心；求知欲,p.37,单词,否,否,,B认读,保留在认读区,普通词,教材词汇，但未与浙江中考考频表词头直接匹配,需在样章阶段复核是否升级为核心,8b-word-list_01-13.png
NV1616,1617,8B,Unit 4,ambition,ambition,/æmˈbɪʃn/,n.,追求的目标；野心；雄心,p.37,单词,否,是,4321,A核心,保留在主词表,普通词,与浙江中考考频表词头直接匹配,"",8b-word-list_01-13.png
NV1617,1618,8B,Unit 4,explorer,explorer,/ɪkˈsplɔːrə(r)/,n.,探险者；勘探者,p.37,单词,否,否,,B认读,保留在认读区,普通词,教材词汇，但未与浙江中考考频表词头直接匹配,需在样章阶段复核是否升级为核心,8b-word-list_01-13.png
NV1618,1619,8B,Unit 4,simply,simply,/ˈsɪmpli/,adv.,仅仅；只；简单地,p.37,单词,否,是,583,A核心,保留在主词表,普通词,与浙江中考考频表词头直接匹配,"",8b-word-list_01-13.png
NV1619,1620,8B,Unit 4,risky,risky,/ˈrɪski/,adj.,有危险（或风险）的,p.38,单词,否,否,,B认读,保留在认读区,普通词,教材词汇，但未与浙江中考考频表词头直接匹配,需在样章阶段复核是否升级为核心,8b-word-list_01-13.png
NV1620,1621,8B,Unit 4,southern,southern,/ˈsʌðən/,adj.,南部的；向南的,p.38,单词,否,是,1106,A核心,保留在主词表,普通词,与浙江中考考频表词头直接匹配,"",8b-word-list_01-13.png
NV1621,1622,8B,Unit 4,located,located,/ləʊˈkeɪtɪd/,adj.,位于；坐落在,p.38,单词,否,否,,B认读,保留在认读区,普通词,教材词汇，但未与浙江中考考频表词头直接匹配,需在样章阶段复核是否升级为核心,8b-word-list_01-13.png
NV1622,1623,8B,Unit 4,freshwater,freshwater,/ˈfreʃwɔːtə(r)/,adj.,淡水的；淡水中生长的,p.38,单词,否,是,9715,A核心,保留在主词表,普通词,与浙江中考考频表词头直接匹配,"",8b-word-list_01-13.png
NV1623,1624,8B,Unit 4,type,type,/taɪp/,n.,类型；种类,p.38,单词,否,是,590,A核心,保留在主词表,普通词,与浙江中考考频表词头直接匹配,"",8b-word-list_01-13.png
NV1624,1625,8B,Unit 4,attract,attract,/əˈtrækt/,v.,吸引；招引；引起（反应）,p.38,单词,否,是,1877,A核心,保留在主词表,普通词,与浙江中考考频表词头直接匹配,"",8b-word-list_01-13.png
NV1625,1626,8B,Unit 4,curious,curious,/ˈkjʊəriəs/,adj.,好奇的；求知欲强的,p.38,单词,否,否,,B认读,保留在认读区,普通词,教材词汇，但未与浙江中考考频表词头直接匹配,需在样章阶段复核是否升级为核心,8b-word-list_01-13.png
NV1626,1627,8B,Unit 4,traveller,traveller,/ˈtrævələ(r)/,(= traveler) n.,旅行者；游客,p.38,单词,否,否,,B认读,保留在认读区,普通词,教材词汇，但未与浙江中考考频表词头直接匹配,需在样章阶段复核是否升级为核心,8b-word-list_01-13.png
NV1627,1628,8B,Unit 4,natural,natural,/ˈnætʃrəl/,adj.,自然的；天然的；天生的,p.38,单词,否,是,715,A核心,保留在主词表,普通词,与浙江中考考频表词头直接匹配,"",8b-word-list_01-13.png
NV1628,1629,8B,Unit 4,underwater,underwater,/ˌʌndəˈwɔːtə(r)/,adj. adv.,adj. 水下的；用于水下的 adv. 在水下,p.39,单词,否,是,9303,A核心,保留在主词表,普通词,与浙江中考考频表词头直接匹配,"",8b-word-list_01-13.png
NV1629,1630,8B,Unit 4,northeastern,northeastern,/ˌnɔːθˈiːstən/,adj.,东北的；东北方向的,p.39,单词,否,否,,B认读,保留在认读区,普通词,教材词汇，但未与浙江中考考频表词头直接匹配,需在样章阶段复核是否升级为核心,8b-word-list_01-13.png
NV1630,1631,8B,Unit 4,coast,coast,/kəʊst/,n.,海岸；海滨,p.39,单词,否,是,2452,A核心,保留在主词表,普通词,与浙江中考考频表词头直接匹配,"",8b-word-list_01-13.png
NV1631,1632,8B,Unit 4,coral,coral,/ˈkɒrəl/,n.,珊瑚；珊瑚虫,p.39,单词,否,是,6119,A核心,保留在主词表,普通词,与浙江中考考频表词头直接匹配,"",8b-word-list_01-13.png
NV1632,1633,8B,Unit 4,reef,reef,/riːf/,n.,礁；礁脉,p.39,单词,否,否,,B认读,保留在认读区,普通词,教材词汇，但未与浙江中考考频表词头直接匹配,需在样章阶段复核是否升级为核心,8b-word-list_01-13.png
NV1633,1634,8B,Unit 4,include,include,/ɪnˈkluːd/,v.,包含；包括,p.39,单词,否,是,292,A核心,保留在主词表,普通词,与浙江中考考频表词头直接匹配,"",8b-word-list_01-13.png
NV1634,1635,8B,Unit 4,sand,sand,/sænd/,n.,沙子,p.39,单词,否,是,2219,A核心,保留在主词表,普通词,与浙江中考考频表词头直接匹配,"",8b-word-list_01-13.png
NV1635,1636,8B,Unit 4,alive,alive,/əˈlaɪv/,adj.,活着；在世；有活力,p.39,单词,否,是,1537,A核心,保留在主词表,普通词,与浙江中考考频表词头直接匹配,"",8b-word-list_01-13.png
NV1636,1637,8B,Unit 4,structure,structure,/ˈstrʌktʃə(r)/,n.,结构（体）；构造；体系,p.39,单词,否,是,951,A核心,保留在主词表,普通词,与浙江中考考频表词头直接匹配,"",8b-word-list_01-13.png
NV1637,1638,8B,Unit 4,snorkel,snorkel,/ˈsnɔːkl/,v. n.,v. 使用呼吸管潜泳 n. （浮潜用的）呼吸管,p.39,单词,否,否,,B认读,保留在认读区,普通词,教材词汇，但未与浙江中考考频表词头直接匹配,需在样章阶段复核是否升级为核心,8b-word-list_01-13.png
NV1638,1639,8B,Unit 4,school,school,/skuːl/,n.,（鱼、鲸、海豚等的）群,p.39,单词,否,否,,B认读,保留在认读区,普通词,教材词汇，但未与浙江中考考频表词头直接匹配,需在样章阶段复核是否升级为核心,8b-word-list_01-13.png
NV1639,1640,8B,Unit 4,turtle,turtle,/ˈtɜːtl/,n.,海龟；龟,p.39,单词,否,是,6583,A核心,保留在主词表,普通词,与浙江中考考频表词头直接匹配,"",8b-word-list_01-13.png
NV1640,1641,8B,Unit 4,lifetime,lifetime,/ˈlaɪftaɪm/,n.,一生；终身,p.39,单词,否,是,2784,A核心,保留在主词表,普通词,与浙江中考考频表词头直接匹配,"",8b-word-list_01-13.png
NV1641,1642,8B,Unit 4,Nile River,nile river,/naɪl/,,尼罗河,p.32,多词表达,是,否,,C剔除,从学生主词表剔除,具体地名,城市、景点、地理实体或历史地点专名,"",8b-word-list_01-13.png
NV1642,1643,8B,Unit 4,Angel Falls,angel falls,/ˈeɪndʒl/,,天使瀑布,p.32,多词表达,是,否,,C剔除,从学生主词表剔除,具体地名,城市、景点、地理实体或历史地点专名,"",8b-word-list_01-13.png
NV1643,1644,8B,Unit 4,Mount Qomolangma,mount qomolangma,/ˌtʃəʊməʊ ˈlɑːŋmə/,,珠穆朗玛峰,p.32,多词表达,是,否,,C剔除,从学生主词表剔除,具体地名,城市、景点、地理实体或历史地点专名,"",8b-word-list_01-13.png
NV1644,1645,8B,Unit 4,Dead Sea,dead sea,,,死海,p.32,多词表达,是,否,,C剔除,从学生主词表剔除,具体地名,城市、景点、地理实体或历史地点专名,"",8b-word-list_01-13.png
NV1645,1646,8B,Unit 4,Sahara Desert,sahara desert,/səˈhɑːrə/,,撒哈拉沙漠,p.32,多词表达,是,否,,C剔除,从学生主词表剔除,具体地名,城市、景点、地理实体或历史地点专名,"",8b-word-list_01-13.png
NV1646,1647,8B,Unit 4,Mariana Trench,mariana trench,/ˌmæriˈænə/ /trentʃ/,,马里亚纳海沟,p.32,多词表达,是,否,,C剔除,从学生主词表剔除,具体地名,城市、景点、地理实体或历史地点专名,"",8b-word-list_01-13.png
NV1647,1648,8B,Unit 4,Titanic,titanic,/taɪˈtænɪk/,,泰坦尼克号,p.33,单词,是,否,,C剔除,从学生主词表剔除,命名实体,具体船名，不作为学生背诵词条,"",8b-word-list_01-13.png
NV1648,1649,8B,Unit 4,Yangtze River,yangtze river,/ˈjæŋtsi/,,长江,p.34,多词表达,是,否,,C剔除,从学生主词表剔除,具体地名,城市、景点、地理实体或历史地点专名,"",8b-word-list_01-13.png
NV1649,1650,8B,Unit 4,Egypt,egypt,/ˈiːdʒɪpt/,,埃及,p.34,单词,是,否,,D复核,等待人工确认,国家或大洲,属于地名，但常见国家和大洲名称可能具有认读价值,确认是剔除还是放入认读区,8b-word-list_01-13.png
NV1650,1651,8B,Unit 4,Taklimakan Desert,taklimakan desert,/ˌtæklməˈkæn/,,塔克拉玛干沙漠,p.34,多词表达,是,否,,C剔除,从学生主词表剔除,具体地名,城市、景点、地理实体或历史地点专名,"",8b-word-list_01-13.png
NV1651,1652,8B,Unit 4,Mount Kilimanjaro,mount kilimanjaro,/ˌkɪlɪmənˈdʒɑːrəʊ/,,乞力马扎罗山,p.35,多词表达,是,否,,C剔除,从学生主词表剔除,具体地名,城市、景点、地理实体或历史地点专名,"",8b-word-list_01-13.png
NV1652,1653,8B,Unit 4,Inga Falls,inga falls,/ˈɪŋgə/,,印加瀑布,p.35,多词表达,是,否,,C剔除,从学生主词表剔除,具体地名,城市、景点、地理实体或历史地点专名,"",8b-word-list_01-13.png
NV1653,1654,8B,Unit 4,East African Rift Valley,east african rift valley,/rɪft/ /ˈvæli/,,东非大裂谷,p.35,多词表达,是,否,,C剔除,从学生主词表剔除,具体地名,城市、景点、地理实体或历史地点专名,"",8b-word-list_01-13.png
NV1654,1655,8B,Unit 4,Victoria Falls,victoria falls,/vɪkˈtɔːriə/,,维多利亚瀑布,p.35,多词表达,是,否,,C剔除,从学生主词表剔除,具体地名,城市、景点、地理实体或历史地点专名,"",8b-word-list_01-13.png
NV1655,1656,8B,Unit 4,George Mallory,george mallory,/dʒɔːdʒ/ /ˈmæləri/,,乔治·马洛里,p.37,多词表达,是,否,,C剔除,从学生主词表剔除,人名,人物名、姓氏或虚构人物名,"",8b-word-list_01-13.png
NV1656,1657,8B,Unit 4,Siberia,siberia,/saɪˈbɪəriə/,,西伯利亚,p.38,单词,是,否,,C剔除,从学生主词表剔除,具体地名,城市、景点、地理实体或历史地点专名,"",8b-word-list_01-13.png
NV1657,1658,8B,Unit 4,Lake Baikal,lake baikal,/ˈbaɪkæl/,,贝加尔湖,p.38,多词表达,是,否,,C剔除,从学生主词表剔除,具体地名,城市、景点、地理实体或历史地点专名,"",8b-word-list_01-13.png
NV1658,1659,8B,Unit 4,Belgium,belgium,/ˈbeldʒəm/,,比利时,p.38,单词,是,否,,D复核,等待人工确认,国家或大洲,属于地名，但常见国家和大洲名称可能具有认读价值,确认是剔除还是放入认读区,8b-word-list_01-13.png
NV1659,1660,8B,Unit 4,Great Barrier Reef,great barrier reef,/ˈbæriə(r)/,,大堡礁,p.39,多词表达,是,否,,C剔除,从学生主词表剔除,具体地名,城市、景点、地理实体或历史地点专名,"",8b-word-list_01-13.png
NV1660,1661,8B,Unit 5,temper,temper,/ˈtempə(r)/,n.,脾气；怒气,p.41,单词,否,否,,B认读,保留在认读区,普通词,教材词汇，但未与浙江中考考频表词头直接匹配,需在样章阶段复核是否升级为核心,8b-word-list_01-13.png
NV1661,1662,8B,Unit 5,earthquake,earthquake,/ˈɜːθkweɪk/,n.,地震,p.42,单词,否,是,4298,A核心,保留在主词表,普通词,与浙江中考考频表词头直接匹配,"",8b-word-list_01-13.png
NV1662,1663,8B,Unit 5,typhoon,typhoon,/taɪˈfuːn/,n.,台风,p.42,单词,否,否,,B认读,保留在认读区,普通词,教材词汇，但未与浙江中考考频表词头直接匹配,需在样章阶段复核是否升级为核心,8b-word-list_01-13.png
NV1663,1664,8B,Unit 5,wildfire,wildfire,/ˈwaɪldfaɪə(r)/,n.,野火,p.42,单词,否,否,,B认读,保留在认读区,普通词,教材词汇，但未与浙江中考考频表词头直接匹配,需在样章阶段复核是否升级为核心,8b-word-list_01-13.png
NV1664,1665,8B,Unit 5,snowstorm,snowstorm,/ˈsnəʊstɔːm/,n.,雪暴；暴风雪,p.42,单词,否,否,,B认读,保留在认读区,普通词,教材词汇，但未与浙江中考考频表词头直接匹配,需在样章阶段复核是否升级为核心,8b-word-list_01-13.png
NV1665,1666,8B,Unit 5,flood,flood,/flʌd/,n. v.,n. 水灾；洪水 v. 泛滥；淹没,p.42,单词,否,是,3608,A核心,保留在主词表,普通词,与浙江中考考频表词头直接匹配,"",8b-word-list_01-13.png
NV1666,1667,8B,Unit 5,drought,drought,/draʊt/,n.,久旱；旱灾,p.42,单词,否,否,,B认读,保留在认读区,普通词,教材词汇，但未与浙江中考考频表词头直接匹配,需在样章阶段复核是否升级为核心,8b-word-list_01-13.png
NV1667,1668,8B,Unit 5,warn,warn,/wɔːn/,v.,警告；提醒注意,p.42,单词,否,否,,B认读,保留在认读区,普通词,教材词汇，但未与浙江中考考频表词头直接匹配,需在样章阶段复核是否升级为核心,8b-word-list_01-13.png
NV1668,1669,8B,Unit 5,do chores,do chores,,,做家务,p.42,多词表达,否,否,,A核心,保留在主词表,短语或固定表达,教材明确列出的短语或句型，应独立掌握,后续需结合短语考查价值再细分,8b-word-list_01-13.png
NV1669,1670,8B,Unit 5,wave,wave,/weɪv/,n. v.,n. 波浪；波；挥手 v. 挥手；挥舞,p.43,单词,否,是,1402,A核心,保留在主词表,普通词,与浙江中考考频表词头直接匹配,"",8b-word-list_01-13.png
NV1670,1671,8B,Unit 5,tsunami,tsunami,/tsuːˈnɑːmi/,n.,海啸,p.43,单词,否,否,,B认读,保留在认读区,普通词,教材词汇，但未与浙江中考考频表词头直接匹配,需在样章阶段复核是否升级为核心,8b-word-list_01-13.png
NV1671,1672,8B,Unit 5,interview,interview,/ˈɪntəvjuː/,n. v.,n. 采访；面试 v. 采访；对（某人）进行面试,p.43,单词,否,是,945,A核心,保留在主词表,普通词,与浙江中考考频表词头直接匹配,"",8b-word-list_01-13.png
NV1672,1673,8B,Unit 5,possibly,possibly,/ˈpɒsəbli/,adv.,可能；或许,p.43,单词,否,是,1704,A核心,保留在主词表,普通词,与浙江中考考频表词头直接匹配,"",8b-word-list_01-13.png
NV1673,1674,8B,Unit 5,report,report,/rɪˈpɔːt/,n. & v.,汇报；报道,p.43,单词,否,是,450,A核心,保留在主词表,普通词,与浙江中考考频表词头直接匹配,"",8b-word-list_01-13.png
NV1674,1675,8B,Unit 5,neighbourhood,neighbourhood,/ˈneɪbəhʊd/,n.,街区；临近的地方,p.43,单词,否,否,,B认读,保留在认读区,普通词,教材词汇，但未与浙江中考考频表词头直接匹配,需在样章阶段复核是否升级为核心,8b-word-list_01-13.png
NV1675,1676,8B,Unit 5,roof,roof,/ruːf/,n.,屋顶；顶部,p.43,单词,否,是,2148,A核心,保留在主词表,普通词,与浙江中考考频表词头直接匹配,"",8b-word-list_01-13.png
NV1676,1677,8B,Unit 5,nearly,nearly,/ˈnɪəli/,adv.,几乎；差不多；将近,p.43,单词,否,是,599,A核心,保留在主词表,普通词,与浙江中考考频表词头直接匹配,"",8b-word-list_01-13.png
NV1677,1678,8B,Unit 5,trouble,trouble,/ˈtrʌbl/,n. v.,n. 苦恼；困难 v. 使忧虑、苦恼；劳驾；麻烦,p.43,单词,否,是,982,A核心,保留在主词表,普通词,与浙江中考考频表词头直接匹配,"",8b-word-list_01-13.png
NV1678,1679,8B,Unit 5,relative,relative,/ˈrelətɪv/,n.,亲戚；亲属,p.44,单词,否,是,2444,A核心,保留在主词表,普通词,与浙江中考考频表词头直接匹配,"",8b-word-list_01-13.png
NV1679,1680,8B,Unit 5,truck,truck,/trʌk/,n.,卡车,p.44,单词,否,是,1241,A核心,保留在主词表,普通词,与浙江中考考频表词头直接匹配,"",8b-word-list_01-13.png
NV1680,1681,8B,Unit 5,supply,supply,/səˈplaɪ/,n. v.,n. 供应（量）；(pl. supplies) 补给（品） v. 供应；供给,p.44,单词,否,是,1499,A核心,保留在主词表,普通词,与浙江中考考频表词头直接匹配,"",8b-word-list_01-13.png
NV1681,1682,8B,Unit 5,preparation,preparation,/ˌprepəˈreɪʃn/,n.,准备（工作）；预备,p.44,单词,否,是,2529,A核心,保留在主词表,普通词,与浙江中考考频表词头直接匹配,"",8b-word-list_01-13.png
NV1682,1683,8B,Unit 5,make preparations,make preparations,,,作准备,p.44,多词表达,否,否,,A核心,保留在主词表,短语或固定表达,教材明确列出的短语或句型，应独立掌握,后续需结合短语考查价值再细分,8b-word-list_01-13.png
NV1683,1684,8B,Unit 5,power,power,/ˈpaʊə(r)/,n.,电力供应；能量；力量,p.45,单词,否,否,,B认读,保留在认读区,普通词,教材词汇，但未与浙江中考考频表词头直接匹配,需在样章阶段复核是否升级为核心,8b-word-list_01-13.png
NV1684,1685,8B,Unit 5,soundly,soundly,/ˈsaʊndli/,adv.,（睡觉）酣畅地；可靠地；完全彻底地,p.45,单词,否,否,,B认读,保留在认读区,普通词,教材词汇，但未与浙江中考考频表词头直接匹配,需在样章阶段复核是否升级为核心,8b-word-list_01-13.png
NV1685,1686,8B,Unit 5,thick,thick,/θɪk/,adj.,厚的；浓密的,p.45,单词,否,是,1730,A核心,保留在主词表,普通词,与浙江中考考频表词头直接匹配,"",8b-word-list_01-13.png
NV1686,1687,8B,Unit 5,beat,beat,/biːt/,v.,"(beat, beaten /ˈbiːtn/) 敲；打",p.45,单词,否,是,1037,A核心,保留在主词表,普通词,与浙江中考考频表词头直接匹配,"",8b-word-list_01-13.png
NV1687,1688,8B,Unit 5,hide,hide,/haɪd/,v.,"(hid /hɪd/, hidden /ˈhɪdn/) 躲藏；隐蔽",p.45,单词,否,是,1259,A核心,保留在主词表,普通词,与浙江中考考频表词头直接匹配,"",8b-word-list_01-13.png
NV1688,1689,8B,Unit 5,tornado,tornado,/tɔːˈneɪdəʊ/,n.,龙卷风；旋风,p.45,单词,否,否,,B认读,保留在认读区,普通词,教材词汇，但未与浙江中考考频表词头直接匹配,需在样章阶段复核是否升级为核心,8b-word-list_01-13.png
NV1689,1690,8B,Unit 5,worst,worst,/wɜːst/,adj. & adv.,最坏（的）；最糟（的）,p.46,单词,否,是,38159,A核心,保留在主词表,普通词,与浙江中考考频表词头直接匹配,"",8b-word-list_01-13.png
NV1690,1691,8B,Unit 5,schoolgirl,schoolgirl,/ˈskuːlgɜːl/,n.,（学校的）女生,p.46,单词,否,否,,B认读,保留在认读区,普通词,教材词汇，但未与浙江中考考频表词头直接匹配,需在样章阶段复核是否升级为核心,8b-word-list_01-13.png
NV1691,1692,8B,Unit 5,froth,froth,/frɒθ/,n.,泡；泡沫,p.46,单词,否,否,,B认读,保留在认读区,普通词,教材词汇，但未与浙江中考考频表词头直接匹配,需在样章阶段复核是否升级为核心,8b-word-list_01-13.png
NV1692,1693,8B,Unit 5,refuse,refuse,/rɪˈfjuːz/,v.,拒绝；退却,p.46,单词,否,是,1251,A核心,保留在主词表,普通词,与浙江中考考频表词头直接匹配,"",8b-word-list_01-13.png
NV1693,1694,8B,Unit 5,security,security,/sɪˈkjʊərəti/,n.,安全；保安；保障,p.46,单词,否,是,661,A核心,保留在主词表,普通词,与浙江中考考频表词头直接匹配,"",8b-word-list_01-13.png
NV1694,1695,8B,Unit 5,guard,guard,/gɑːd/,n. v.,n. 卫兵；保卫 v. 保卫,p.46,单词,否,是,1288,A核心,保留在主词表,普通词,与浙江中考考频表词头直接匹配,"",8b-word-list_01-13.png
NV1695,1696,8B,Unit 5,security guard,security guard,,,保安人员,p.46,多词表达,否,否,,A核心,保留在主词表,短语或固定表达,教材明确列出的短语或句型，应独立掌握,后续需结合短语考查价值再细分,8b-word-list_01-13.png
NV1696,1697,8B,Unit 5,nearby,nearby,/ˌnɪəˈbaɪ/,adj. adv.,adj. 附近的 adv. 在附近,p.46,单词,否,是,2439,A核心,保留在主词表,普通词,与浙江中考考频表词头直接匹配,"",8b-word-list_01-13.png
NV1697,1698,8B,Unit 5,scream,scream,/skriːm/,v.,尖叫,p.46,单词,否,是,2130,A核心,保留在主词表,普通词,与浙江中考考频表词头直接匹配,"",8b-word-list_01-13.png
NV1698,1699,8B,Unit 5,thankfully,thankfully,/ˈθæŋkfəli/,adv.,幸亏；感激地,p.47,单词,否,是,12214,A核心,保留在主词表,普通词,与浙江中考考频表词头直接匹配,"",8b-word-list_01-13.png
NV1699,1700,8B,Unit 5,knowledge,knowledge,/ˈnɒlɪdʒ/,n.,知识；学问,p.47,单词,否,是,840,A核心,保留在主词表,普通词,与浙江中考考频表词头直接匹配,"",8b-word-list_01-13.png
NV1700,1701,8B,Unit 5,thinking,thinking,/ˈθɪŋkɪŋ/,n.,思考；想法,p.47,单词,否,是,1703,A核心,保留在主词表,普通词,与浙江中考考频表词头直接匹配,"",8b-word-list_01-13.png
NV1701,1702,8B,Unit 5,except for,except for,,,除……之外,p.47,多词表达,否,否,,A核心,保留在主词表,短语或固定表达,教材明确列出的短语或句型，应独立掌握,后续需结合短语考查价值再细分,8b-word-list_01-13.png
NV1702,1703,8B,Unit 5,as soon as,as soon as,,,一……就……,p.47,多词表达,否,否,,A核心,保留在主词表,短语或固定表达,教材明确列出的短语或句型，应独立掌握,后续需结合短语考查价值再细分,8b-word-list_01-13.png
NV1703,1704,8B,Unit 5,hero,hero,/ˈhɪərəʊ/,n.,(pl. heroes) 英雄；男主角；偶像,p.47,单词,否,否,,B认读,保留在认读区,普通词,教材词汇，但未与浙江中考考频表词头直接匹配,需在样章阶段复核是否升级为核心,8b-word-list_01-13.png
NV1704,1705,8B,Unit 5,landslide,landslide,/ˈlændslaɪd/,n.,（山坡或悬崖的）滑坡；塌方,p.48,单词,否,否,,B认读,保留在认读区,普通词,教材词汇，但未与浙江中考考频表词头直接匹配,需在样章阶段复核是否升级为核心,8b-word-list_01-13.png
NV1705,1706,8B,Unit 5,safeguard,safeguard,/ˈseɪfgɑːd/,v. n.,v. 保护；捍卫 n. 安全设施,p.48,单词,否,否,,B认读,保留在认读区,普通词,教材词汇，但未与浙江中考考频表词头直接匹配,需在样章阶段复核是否升级为核心,8b-word-list_01-13.png
NV1706,1707,8B,Unit 5,floodwater,floodwater,/ˈflʌdwɔːtə(r)/,n.,洪水,p.48,单词,否,否,,B认读,保留在认读区,普通词,教材词汇，但未与浙江中考考频表词头直接匹配,需在样章阶段复核是否升级为核心,8b-word-list_01-13.png
NV1707,1708,8B,Unit 5,manpower,manpower,/ˈmænpaʊə(r)/,n.,劳动力；人力,p.48,单词,否,否,,B认读,保留在认读区,普通词,教材词汇，但未与浙江中考考频表词头直接匹配,需在样章阶段复核是否升级为核心,8b-word-list_01-13.png
NV1708,1709,8B,Unit 5,heartbeat,heartbeat,/ˈhɑːtbiːt/,n.,心跳（声）,p.48,单词,否,否,,B认读,保留在认读区,普通词,教材词汇，但未与浙江中考考频表词头直接匹配,需在样章阶段复核是否升级为核心,8b-word-list_01-13.png
NV1709,1710,8B,Unit 5,rescue,rescue,/ˈreskjuː/,n. v.,n. 救援 v. 援救；营救,p.48,单词,否,是,3845,A核心,保留在主词表,普通词,与浙江中考考频表词头直接匹配,"",8b-word-list_01-13.png
NV1710,1711,8B,Unit 5,heatwave,heatwave,/ˈhiːtweɪv/,n.,热浪,p.48,单词,否,否,,B认读,保留在认读区,普通词,教材词汇，但未与浙江中考考频表词头直接匹配,需在样章阶段复核是否升级为核心,8b-word-list_01-13.png
NV1711,1712,8B,Unit 5,since,since,/sɪns/,prep. adv. conj.,"prep., adv. & conj. 自……以后；从……以来 conj. 既然；由于",p.48,单词,否,否,,B认读,保留在认读区,普通词,教材词汇，但未与浙江中考考频表词头直接匹配,需在样章阶段复核是否升级为核心,8b-word-list_01-13.png
NV1712,1713,8B,Unit 5,southwestern,southwestern,/ˌsaʊθˈwestən/,adj.,西南的；西南方向的,p.48,单词,否,是,7590,A核心,保留在主词表,普通词,与浙江中考考频表词头直接匹配,"",8b-word-list_01-13.png
NV1713,1714,8B,Unit 5,firefighter,firefighter,/ˈfaɪəfaɪtə(r)/,n.,消防队员,p.48,单词,否,是,5574,A核心,保留在主词表,普通词,与浙江中考考频表词头直接匹配,"",8b-word-list_01-13.png
NV1714,1715,8B,Unit 5,volunteer,volunteer,/ˌvɒlənˈtɪə(r)/,n. v.,n. 志愿者；自告奋勇者 v. 自愿做；义务做,p.48,单词,否,是,2298,A核心,保留在主词表,普通词,与浙江中考考频表词头直接匹配,"",8b-word-list_01-13.png
NV1715,1716,8B,Unit 5,terribly,terribly,/ˈterəbli/,adv.,非常糟地；非常,p.49,单词,否,是,4920,A核心,保留在主词表,普通词,与浙江中考考频表词头直接匹配,"",8b-word-list_01-13.png
NV1716,1717,8B,Unit 5,alarm,alarm,/əˈlɑːm/,n.,警报（器）；惊恐,p.49,单词,否,是,3721,A核心,保留在主词表,普通词,与浙江中考考频表词头直接匹配,"",8b-word-list_01-13.png
NV1717,1718,8B,Unit 5,alarm clock,alarm clock,,,闹钟,p.49,多词表达,否,否,,A核心,保留在主词表,短语或固定表达,教材明确列出的短语或句型，应独立掌握,后续需结合短语考查价值再细分,8b-word-list_01-13.png
NV1718,1719,8B,Unit 5,wake up,wake up,,,醒来,p.49,多词表达,否,否,,A核心,保留在主词表,短语或固定表达,教材明确列出的短语或句型，应独立掌握,后续需结合短语考查价值再细分,8b-word-list_01-13.png
NV1719,1720,8B,Unit 5,go off,go off,,,（警报器等）突然发出巨响,p.49,多词表达,否,否,,A核心,保留在主词表,短语或固定表达,教材明确列出的短语或句型，应独立掌握,后续需结合短语考查价值再细分,8b-word-list_01-13.png
NV1720,1721,8B,Unit 5,review,review,/rɪˈvjuː/,v. n.,v. 复习；回顾；复查 n. 回顾；审查,p.49,单词,否,是,1388,A核心,保留在主词表,普通词,与浙江中考考频表词头直接匹配,"",8b-word-list_01-13.png
NV1721,1722,8B,Unit 5,sudden,sudden,/ˈsʌdn/,adj.,突然的；骤然的,p.49,单词,否,是,2885,A核心,保留在主词表,普通词,与浙江中考考频表词头直接匹配,"",8b-word-list_01-13.png
NV1722,1723,8B,Unit 5,all of a sudden,all of a sudden,,,突然；猛地,p.49,多词表达,否,否,,A核心,保留在主词表,短语或固定表达,教材明确列出的短语或句型，应独立掌握,后续需结合短语考查价值再细分,8b-word-list_01-13.png
NV1723,1724,8B,Unit 5,thunder,thunder,/ˈθʌndə(r)/,n. v.,n. 雷；雷声 v. 打雷；发出雷鸣般响声,p.49,单词,否,否,,B认读,保留在认读区,普通词,教材词汇，但未与浙江中考考频表词头直接匹配,需在样章阶段复核是否升级为核心,8b-word-list_01-13.png
NV1724,1725,8B,Unit 5,by the time,by the time,,,到……的时候,p.49,多词表达,否,否,,A核心,保留在主词表,短语或固定表达,教材明确列出的短语或句型，应独立掌握,后续需结合短语考查价值再细分,8b-word-list_01-13.png
NV1725,1726,8B,Unit 5,usual,usual,/ˈjuːʒuəl/,adj.,通常的；寻常的,p.49,单词,否,是,2375,A核心,保留在主词表,普通词,与浙江中考考频表词头直接匹配,"",8b-word-list_01-13.png
NV1726,1727,8B,Unit 5,out of breath,out of breath,,,上气不接下气,p.49,多词表达,否,否,,A核心,保留在主词表,短语或固定表达,教材明确列出的短语或句型，应独立掌握,后续需结合短语考查价值再细分,8b-word-list_01-13.png
NV1727,1728,8B,Unit 5,rainstorm,rainstorm,/ˈreɪnstɔːm/,n.,暴风雨,p.49,单词,否,是,18257,A核心,保留在主词表,普通词,与浙江中考考频表词头直接匹配,"",8b-word-list_01-13.png
NV1728,1729,8B,Unit 5,as a result,as a result,,,因此,p.49,多词表达,否,否,,A核心,保留在主词表,短语或固定表达,教材明确列出的短语或句型，应独立掌握,后续需结合短语考查价值再细分,8b-word-list_01-13.png
NV1729,1730,8B,Unit 5,unlucky,unlucky,/ʌnˈlʌki/,adj.,不幸的；不顺利的；不吉利的,p.49,单词,否,是,14138,A核心,保留在主词表,普通词,与浙江中考考频表词头直接匹配,"",8b-word-list_01-13.png
NV1730,1731,8B,Unit 5,rainy,rainy,/ˈreɪni/,adj.,阴雨的；多雨的,p.49,单词,否,是,7602,A核心,保留在主词表,普通词,与浙江中考考频表词头直接匹配,"",8b-word-list_01-13.png
NV1731,1732,8B,Unit 5,go wrong,go wrong,,,出现问题；发生故障；搞错,p.49,多词表达,否,否,,A核心,保留在主词表,短语或固定表达,教材明确列出的短语或句型，应独立掌握,后续需结合短语考查价值再细分,8b-word-list_01-13.png
NV1732,1733,8B,Unit 5,Tilly,tilly,/ˈtɪli/,,蒂莉,p.46,单词,是,否,,C剔除,从学生主词表剔除,人名,人物名、姓氏或虚构人物名,"",8b-word-list_01-13.png
NV1733,1734,8B,Unit 5,Phuket,phuket,/ˌpuːˈket/,,普吉岛,p.46,单词,是,否,,C剔除,从学生主词表剔除,具体地名,城市、景点、地理实体或历史地点专名,"",8b-word-list_01-13.png
NV1734,1735,8B,Unit 5,Indonesia,indonesia,/ˌɪndəˈniːʒə/,,印度尼西亚,p.46,单词,是,否,,D复核,等待人工确认,国家或大洲,属于地名，但常见国家和大洲名称可能具有认读价值,确认是剔除还是放入认读区,8b-word-list_01-13.png
NV1735,1736,8B,Unit 5,Japan,japan,/dʒəˈpæn/,,日本,p.48,单词,是,否,,D复核,等待人工确认,国家或大洲,属于地名，但常见国家和大洲名称可能具有认读价值,确认是剔除还是放入认读区,8b-word-list_01-13.png
NV1736,1737,8B,Unit 6,shake,shake,/ʃeɪk/,v.,"(shook /ʃʊk/, shaken /ˈʃeɪkən/) 与（某人）握手；摇动",p.52,单词,否,是,943,A核心,保留在主词表,普通词,与浙江中考考频表词头直接匹配,"",8b-word-list_01-13.png
NV1737,1738,8B,Unit 6,bow,bow,/baʊ/,v. & n.,鞠躬,p.52,单词,否,是,4130,A核心,保留在主词表,普通词,与浙江中考考频表词头直接匹配,"",8b-word-list_01-13.png
NV1738,1739,8B,Unit 6,bump,bump,/bʌmp/,v. n.,v. 碰；撞 n. 碰撞；（撞击造成的）肿块,p.52,单词,否,否,,B认读,保留在认读区,普通词,教材词汇，但未与浙江中考考频表词头直接匹配,需在样章阶段复核是否升级为核心,8b-word-list_01-13.png
NV1739,1740,8B,Unit 6,fist,fist,/fɪst/,n.,拳头,p.52,单词,否,是,3911,A核心,保留在主词表,普通词,与浙江中考考频表词头直接匹配,"",8b-word-list_01-13.png
NV1740,1741,8B,Unit 6,rub,rub,/rʌb/,v.,摩擦；揉,p.52,单词,否,否,,B认读,保留在认读区,普通词,教材词汇，但未与浙江中考考频表词头直接匹配,需在样章阶段复核是否升级为核心,8b-word-list_01-13.png
NV1741,1742,8B,Unit 6,kiss,kiss,/kɪs/,v. n.,v. 亲吻 n. 吻,p.52,单词,否,是,2316,A核心,保留在主词表,普通词,与浙江中考考频表词头直接匹配,"",8b-word-list_01-13.png
NV1742,1743,8B,Unit 6,cheek,cheek,/tʃiːk/,n.,脸颊,p.52,单词,否,否,,B认读,保留在认读区,普通词,教材词汇，但未与浙江中考考频表词头直接匹配,需在样章阶段复核是否升级为核心,8b-word-list_01-13.png
NV1743,1744,8B,Unit 6,hug,hug,/hʌg/,v. & n.,拥抱,p.52,单词,否,是,3888,A核心,保留在主词表,普通词,与浙江中考考频表词头直接匹配,"",8b-word-list_01-13.png
NV1744,1745,8B,Unit 6,embarrassed,embarrassed,/ɪmˈbærəst/,adj.,尴尬的,p.52,单词,否,是,4645,A核心,保留在主词表,普通词,与浙江中考考频表词头直接匹配,"",8b-word-list_01-13.png
NV1745,1746,8B,Unit 6,confused,confused,/kənˈfjuːzd/,adj.,困惑的,p.52,单词,否,否,,B认读,保留在认读区,普通词,教材词汇，但未与浙江中考考频表词头直接匹配,需在样章阶段复核是否升级为核心,8b-word-list_01-13.png
NV1746,1747,8B,Unit 6,formal,formal,/ˈfɔːml/,adj.,正式的,p.52,单词,否,是,2225,A核心,保留在主词表,普通词,与浙江中考考频表词头直接匹配,"",8b-word-list_01-13.png
NV1747,1748,8B,Unit 6,curry,curry,/ˈkʌri/,n.,咖喱菜,p.53,单词,否,否,,B认读,保留在认读区,普通词,教材词汇，但未与浙江中考考频表词头直接匹配,需在样章阶段复核是否升级为核心,8b-word-list_01-13.png
NV1748,1749,8B,Unit 6,rude,rude,/ruːd/,adj.,粗鲁的,p.53,单词,否,是,6815,A核心,保留在主词表,普通词,与浙江中考考频表词头直接匹配,"",8b-word-list_01-13.png
NV1749,1750,8B,Unit 6,uncommon,uncommon,/ʌnˈkɒmən/,adj.,罕见的；不寻常的,p.53,单词,否,是,6822,A核心,保留在主词表,普通词,与浙江中考考频表词头直接匹配,"",8b-word-list_01-13.png
NV1750,1751,8B,Unit 6,palm,palm,/pɑːm/,n.,手掌,p.53,单词,否,否,,B认读,保留在认读区,普通词,教材词汇，但未与浙江中考考频表词头直接匹配,需在样章阶段复核是否升级为核心,8b-word-list_01-13.png
NV1751,1752,8B,Unit 6,namaste,namaste,,,有礼了（印度人行合十礼时口中所念之词）,p.53,单词,否,否,,B认读,保留在认读区,外语或文化用语,无普通英语词性，主要用于课文理解,"",8b-word-list_01-13.png
NV1752,1753,8B,Unit 6,fork,fork,/fɔːk/,n.,叉子,p.53,单词,否,是,3787,A核心,保留在主词表,普通词,与浙江中考考频表词头直接匹配,"",8b-word-list_01-13.png
NV1753,1754,8B,Unit 6,Indian,indian,/ˈɪndiən/,adj. n.,adj. 印度的；印度人的 n. 印度人,p.53,单词,是,是,,A核心,保留在主词表,普通词,具有明确词性，并与浙江中考考频表词头匹配,"",8b-word-list_01-13.png
NV1754,1755,8B,Unit 6,manner,manner,/ˈmænə(r)/,n.,方式；(pl. manners) 礼仪,p.54,单词,否,是,1828,A核心,保留在主词表,普通词,与浙江中考考频表词头直接匹配,"",8b-word-list_01-13.png
NV1755,1756,8B,Unit 6,so … that,so ... that,,,如此……以至于,p.54,多词表达,否,否,,A核心,保留在主词表,短语或固定表达,教材明确列出的短语或句型，应独立掌握,后续需结合短语考查价值再细分,8b-word-list_01-13.png
NV1756,1757,8B,Unit 6,confusing,confusing,/kənˈfjuːzɪŋ/,adj.,令人困惑的；难以理解的,p.54,单词,否,否,,B认读,保留在认读区,普通词,教材词汇，但未与浙江中考考频表词头直接匹配,需在样章阶段复核是否升级为核心,8b-word-list_01-13.png
NV1757,1758,8B,Unit 6,unless,unless,/ənˈles/,conj.,除非；如果不,p.54,单词,否,是,1336,A核心,保留在主词表,普通词,与浙江中考考频表词头直接匹配,"",8b-word-list_01-13.png
NV1758,1759,8B,Unit 6,proper,proper,/ˈprɒpə(r)/,adj.,恰当的；正确的,p.54,单词,否,是,2069,A核心,保留在主词表,普通词,与浙江中考考频表词头直接匹配,"",8b-word-list_01-13.png
NV1759,1760,8B,Unit 6,sit up,sit up,,,坐直,p.54,多词表达,否,否,,A核心,保留在主词表,短语或固定表达,教材明确列出的短语或句型，应独立掌握,后续需结合短语考查价值再细分,8b-word-list_01-13.png
NV1760,1761,8B,Unit 6,keep … off,keep ... off,,,使不碰到；使避开,p.54,多词表达,否,否,,A核心,保留在主词表,短语或固定表达,教材明确列出的短语或句型，应独立掌握,后续需结合短语考查价值再细分,8b-word-list_01-13.png
NV1761,1762,8B,Unit 6,elbow,elbow,/ˈelbəʊ/,n.,手肘,p.54,单词,否,是,3536,A核心,保留在主词表,普通词,与浙江中考考频表词头直接匹配,"",8b-word-list_01-13.png
NV1762,1763,8B,Unit 6,serving,serving,/ˈsɜːvɪŋ/,adj. n.,adj. 分菜用的 n. 一份食物,p.54,单词,否,否,,B认读,保留在认读区,普通词,教材词汇，但未与浙江中考考频表词头直接匹配,需在样章阶段复核是否升级为核心,8b-word-list_01-13.png
NV1763,1764,8B,Unit 6,chopstick,chopstick,/ˈtʃɒpstɪk/,n.,(usually pl.) 筷子,p.54,单词,否,否,,B认读,保留在认读区,普通词,教材词汇，但未与浙江中考考频表词头直接匹配,需在样章阶段复核是否升级为核心,8b-word-list_01-13.png
NV1764,1765,8B,Unit 6,serving chopsticks,serving chopsticks,,,公筷,p.54,多词表达,否,否,,A核心,保留在主词表,短语或固定表达,教材明确列出的短语或句型，应独立掌握,后续需结合短语考查价值再细分,8b-word-list_01-13.png
NV1765,1766,8B,Unit 6,embarrassing,embarrassing,/ɪmˈbærəsɪŋ/,adj.,使人难堪的,p.55,单词,否,是,5733,A核心,保留在主词表,普通词,与浙江中考考频表词头直接匹配,"",8b-word-list_01-13.png
NV1766,1767,8B,Unit 6,be/get used to,be/get used to,,,习惯于,p.55,多词表达,否,否,,A核心,保留在主词表,短语或固定表达,教材明确列出的短语或句型，应独立掌握,后续需结合短语考查价值再细分,8b-word-list_01-13.png
NV1767,1768,8B,Unit 6,cultural,cultural,/ˈkʌltʃərəl/,adj.,与文化有关的；文化的,p.55,单词,否,是,933,A核心,保留在主词表,普通词,与浙江中考考频表词头直接匹配,"",8b-word-list_01-13.png
NV1768,1769,8B,Unit 6,hear from,hear from,,,得到……消息,p.56,多词表达,否,否,,A核心,保留在主词表,短语或固定表达,教材明确列出的短语或句型，应独立掌握,后续需结合短语考查价值再细分,8b-word-list_01-13.png
NV1769,1770,8B,Unit 6,custom,custom,/ˈkʌstəm/,n.,习俗,p.56,单词,否,是,3012,A核心,保留在主词表,普通词,与浙江中考考频表词头直接匹配,"",8b-word-list_01-13.png
NV1770,1771,8B,Unit 6,occasion,occasion,/əˈkeɪʒn/,n.,场合；重大活动,p.56,单词,否,否,,B认读,保留在认读区,普通词,教材词汇，但未与浙江中考考频表词头直接匹配,需在样章阶段复核是否升级为核心,8b-word-list_01-13.png
NV1771,1772,8B,Unit 6,nicely,nicely,/ˈnaɪsli/,adv.,漂亮地；令人愉快地,p.56,单词,否,是,6095,A核心,保留在主词表,普通词,与浙江中考考频表词头直接匹配,"",8b-word-list_01-13.png
NV1772,1773,8B,Unit 6,blouse,blouse,/blaʊz/,n.,（女式）衬衫或短上衣,p.56,单词,否,是,6681,A核心,保留在主词表,普通词,与浙江中考考频表词头直接匹配,"",8b-word-list_01-13.png
NV1773,1774,8B,Unit 6,private,private,/ˈpraɪvət/,adj.,不喜欢谈论私事的；私人的,p.56,单词,否,是,672,A核心,保留在主词表,普通词,与浙江中考考频表词头直接匹配,"",8b-word-list_01-13.png
NV1774,1775,8B,Unit 6,whether,whether,/ˈweðə(r)/,conj.,是否,p.56,单词,否,是,321,A核心,保留在主词表,普通词,与浙江中考考频表词头直接匹配,"",8b-word-list_01-13.png
NV1775,1776,8B,Unit 6,married,married,/ˈmærid/,adj.,已婚的；婚姻的,p.56,单词,否,否,,B认读,保留在认读区,普通词,教材词汇，但未与浙江中考考频表词头直接匹配,需在样章阶段复核是否升级为核心,8b-word-list_01-13.png
NV1776,1777,8B,Unit 6,merci,merci,,,谢谢（法语）,p.57,单词,否,否,,B认读,保留在认读区,外语或文化用语,无普通英语词性，主要用于课文理解,"",8b-word-list_01-13.png
NV1777,1778,8B,Unit 6,go a long way,go a long way,,,帮助很大,p.57,多词表达,否,否,,A核心,保留在主词表,短语或固定表达,教材明确列出的短语或句型，应独立掌握,后续需结合短语考查价值再细分,8b-word-list_01-13.png
NV1778,1779,8B,Unit 6,au revoir,au revoir,,,再见（法语）,p.57,多词表达,否,否,,A核心,保留在主词表,短语或固定表达,教材明确列出的短语或句型，应独立掌握,后续需结合短语考查价值再细分,8b-word-list_01-13.png
NV1779,1780,8B,Unit 6,unsafe,unsafe,/ʌnˈseɪf/,adj.,不安全的；危险的,p.58,单词,否,是,9332,A核心,保留在主词表,普通词,与浙江中考考频表词头直接匹配,"",8b-word-list_01-13.png
NV1780,1781,8B,Unit 6,improper,improper,/ɪmˈprɒpə(r)/,adj.,不合适的,p.58,单词,否,否,,B认读,保留在认读区,普通词,教材词汇，但未与浙江中考考频表词头直接匹配,需在样章阶段复核是否升级为核心,8b-word-list_01-13.png
NV1781,1782,8B,Unit 6,informal,informal,/ɪnˈfɔːml/,adj.,非正式的,p.58,单词,否,是,4570,A核心,保留在主词表,普通词,与浙江中考考频表词头直接匹配,"",8b-word-list_01-13.png
NV1782,1783,8B,Unit 6,jeans,jeans,/dʒiːnz/,n.,牛仔裤,p.58,单词,否,是,3444,A核心,保留在主词表,普通词,与浙江中考考频表词头直接匹配,"",8b-word-list_01-13.png
NV1783,1784,8B,Unit 6,marry,marry,/ˈmæri/,v.,结婚；娶；嫁,p.58,单词,否,是,1337,A核心,保留在主词表,普通词,与浙江中考考频表词头直接匹配,"",8b-word-list_01-13.png
NV1784,1785,8B,Unit 6,congratulate,congratulate,/kənˈgrætʃuleɪt/,v.,祝贺,p.58,单词,否,是,8516,A核心,保留在主词表,普通词,与浙江中考考频表词头直接匹配,"",8b-word-list_01-13.png
NV1785,1786,8B,Unit 6,Asian,asian,/ˈeɪʃn/,adj. n.,adj. 亚洲的 n. 亚洲人,p.58,单词,是,是,,A核心,保留在主词表,普通词,具有明确词性，并与浙江中考考频表词头匹配,"",8b-word-list_01-13.png
NV1786,1787,8B,Unit 6,tradition,tradition,/trəˈdɪʃn/,n.,传统,p.58,单词,否,是,1247,A核心,保留在主词表,普通词,与浙江中考考频表词头直接匹配,"",8b-word-list_01-13.png
NV1787,1788,8B,Unit 6,firstly,firstly,/ˈfɜːstli/,adv.,第一；首先,p.58,单词,否,是,22107,A核心,保留在主词表,普通词,与浙江中考考频表词头直接匹配,"",8b-word-list_01-13.png
NV1788,1789,8B,Unit 6,secondly,secondly,/ˈsekəndli/,adv.,第二；其次,p.58,单词,否,是,6993,A核心,保留在主词表,普通词,与浙江中考考频表词头直接匹配,"",8b-word-list_01-13.png
NV1789,1790,8B,Unit 6,thirdly,thirdly,/ˈθɜːdli/,adv.,第三,p.58,单词,否,是,20527,A核心,保留在主词表,普通词,与浙江中考考频表词头直接匹配,"",8b-word-list_01-13.png
NV1790,1791,8B,Unit 6,correctly,correctly,/kəˈrektli/,adv.,正确地；得体地,p.58,单词,否,是,4403,A核心,保留在主词表,普通词,与浙江中考考频表词头直接匹配,"",8b-word-list_01-13.png
NV1791,1792,8B,Unit 6,receive,receive,/rɪˈsiːv/,v.,收到,p.59,单词,否,是,497,A核心,保留在主词表,普通词,与浙江中考考频表词头直接匹配,"",8b-word-list_01-13.png
NV1792,1793,8B,Unit 6,sign-off,sign-off,/ˈsaɪn ɒf/,n.,结束写信,p.59,单词,否,否,,B认读,保留在认读区,普通词,教材词汇，但未与浙江中考考频表词头直接匹配,需在样章阶段复核是否升级为核心,8b-word-list_01-13.png
NV1793,1794,8B,Unit 6,main,main,/meɪn/,adj.,主要的,p.59,单词,否,是,889,A核心,保留在主词表,普通词,与浙江中考考频表词头直接匹配,"",8b-word-list_01-13.png
NV1794,1795,8B,Unit 6,in one's forties,in one's forties,,,四十多岁,p.59,多词表达,否,否,,A核心,保留在主词表,短语或固定表达,教材明确列出的短语或句型，应独立掌握,后续需结合短语考查价值再细分,8b-word-list_01-13.png
NV1795,1796,8B,Unit 6,FALSE,false,/fɔːls/,adj.,错误的；不真实的,p.59,单词,是,否,,B认读,保留在认读区,普通词,具有明确词性，但未与浙江中考考频表词头直接匹配,"",8b-word-list_01-13.png
NV1796,1797,8B,Unit 6,impression,impression,/ɪmˈpreʃn/,n.,印象,p.59,单词,否,是,2553,A核心,保留在主词表,普通词,与浙江中考考频表词头直接匹配,"",8b-word-list_01-13.png
NV1797,1798,8B,Unit 6,cheer,cheer,/tʃɪə(r)/,n. v.,n. 欢呼 v. 庆祝,p.59,单词,否,是,4665,A核心,保留在主词表,普通词,与浙江中考考频表词头直接匹配,"",8b-word-list_01-13.png
NV1798,1799,8B,Unit 6,cheers,cheers,/tʃɪəz/,interj.,再见；干杯,p.59,单词,否,否,,B认读,保留在认读区,普通词,教材词汇，但未与浙江中考考频表词头直接匹配,需在样章阶段复核是否升级为核心,8b-word-list_01-13.png
NV1799,1800,8B,Unit 6,Ji-Hoon,ji-hoon,,,智勋（朝鲜或韩国人名）,p.52,单词,是,否,,C剔除,从学生主词表剔除,人名,人物名、姓氏或虚构人物名,"",8b-word-list_01-13.png
NV1800,1801,8B,Unit 6,Kaito,kaito,,,海斗（日本人名）,p.52,单词,是,否,,C剔除,从学生主词表剔除,人名,人物名、姓氏或虚构人物名,"",8b-word-list_01-13.png
NV1801,1802,8B,Unit 6,Marie,marie,/məˈriː/,,玛丽,p.52,单词,是,否,,C剔除,从学生主词表剔除,人名,人物名、姓氏或虚构人物名,"",8b-word-list_01-13.png
NV1802,1803,8B,Unit 6,Türkiye,türkiye,/tɜːkijə/,,土耳其,p.55,单词,是,否,,D复核,等待人工确认,国家或大洲,属于地名，但常见国家和大洲名称可能具有认读价值,确认是剔除还是放入认读区,8b-word-list_01-13.png
NV1803,1804,8B,Unit 6,Mexico,mexico,/ˈmeksɪkəʊ/,,墨西哥,p.55,单词,是,否,,D复核,等待人工确认,国家或大洲,属于地名，但常见国家和大洲名称可能具有认读价值,确认是剔除还是放入认读区,8b-word-list_01-13.png
NV1804,1805,8B,Unit 6,Peru,peru,/pəˈruː/,,秘鲁,p.55,单词,是,否,,D复核,等待人工确认,国家或大洲,属于地名，但常见国家和大洲名称可能具有认读价值,确认是剔除还是放入认读区,8b-word-list_01-13.png
NV1805,1806,8B,Unit 6,Germany,germany,/ˈdʒɜːməni/,,德国,p.55,单词,是,否,,D复核,等待人工确认,国家或大洲,属于地名，但常见国家和大洲名称可能具有认读价值,确认是剔除还是放入认读区,8b-word-list_01-13.png
NV1806,1807,8B,Unit 6,Paris,paris,/ˈpæris/,,巴黎（法国首都）,p.56,单词,是,否,,C剔除,从学生主词表剔除,具体地名,城市、景点、地理实体或历史地点专名,"",8b-word-list_01-13.png
NV1807,1808,8B,Unit 7,a good read,a good read,,,好的读物；好书（或文章等）,p.61,多词表达,否,否,,A核心,保留在主词表,短语或固定表达,教材明确列出的短语或句型，应独立掌握,后续需结合短语考查价值再细分,8b-word-list_01-13.png
NV1808,1809,8B,Unit 7,adventure,adventure,/ədˈventʃə(r)/,n.,冒险；冒险经历,p.62,单词,否,是,2879,A核心,保留在主词表,普通词,与浙江中考考频表词头直接匹配,"",8b-word-list_01-13.png
NV1809,1810,8B,Unit 7,fantasy,fantasy,/ˈfæntəsi/,n.,幻想；幻想作品,p.62,单词,否,是,2983,A核心,保留在主词表,普通词,与浙江中考考频表词头直接匹配,"",8b-word-list_01-13.png
NV1810,1811,8B,Unit 7,mystery,mystery,/ˈmɪstri/,n.,悬疑小说（或电影、戏剧）；神秘的事物；奥秘,p.62,单词,否,是,2346,A核心,保留在主词表,普通词,与浙江中考考频表词头直接匹配,"",8b-word-list_01-13.png
NV1811,1812,8B,Unit 7,fiction,fiction,/ˈfɪkʃn/,n.,小说,p.62,单词,否,是,2779,A核心,保留在主词表,普通词,与浙江中考考频表词头直接匹配,"",8b-word-list_01-13.png
NV1812,1813,8B,Unit 7,science fiction,science fiction,,,科幻小说（或影片等）,p.62,多词表达,否,否,,A核心,保留在主词表,短语或固定表达,教材明确列出的短语或句型，应独立掌握,后续需结合短语考查价值再细分,8b-word-list_01-13.png
NV1813,1814,8B,Unit 7,detective,detective,/dɪˈtektɪv/,n.,侦探,p.62,单词,否,是,3823,A核心,保留在主词表,普通词,与浙江中考考频表词头直接匹配,"",8b-word-list_01-13.png
NV1814,1815,8B,Unit 7,alien,alien,/ˈeɪliən/,n.,外星人,p.62,单词,否,是,4008,A核心,保留在主词表,普通词,与浙江中考考频表词头直接匹配,"",8b-word-list_01-13.png
NV1815,1816,8B,Unit 7,attack,attack,/əˈtæk/,v. & n.,攻击；进攻,p.62,单词,否,否,,B认读,保留在认读区,普通词,教材词汇，但未与浙江中考考频表词头直接匹配,需在样章阶段复核是否升级为核心,8b-word-list_01-13.png
NV1816,1817,8B,Unit 7,historical,historical,/hɪˈstɒrɪkl/,adj.,历史的；有关历史的,p.63,单词,否,是,1476,A核心,保留在主词表,普通词,与浙江中考考频表词头直接匹配,"",8b-word-list_01-13.png
NV1817,1818,8B,Unit 7,force,force,/fɔːs/,v. n.,v. 强迫；迫使；用力推动 n. 力；武力,p.63,单词,否,是,372,A核心,保留在主词表,普通词,与浙江中考考频表词头直接匹配,"",8b-word-list_01-13.png
NV1818,1819,8B,Unit 7,steal,steal,/stiːl/,v.,"(stole /stəʊl/, stolen /ˈstəʊlən/) 偷；窃取",p.63,单词,否,是,1794,A核心,保留在主词表,普通词,与浙江中考考频表词头直接匹配,"",8b-word-list_01-13.png
NV1819,1820,8B,Unit 7,punish,punish,/ˈpʌnɪʃ/,v.,惩罚；处罚,p.63,单词,否,是,3892,A核心,保留在主词表,普通词,与浙江中考考频表词头直接匹配,"",8b-word-list_01-13.png
NV1820,1821,8B,Unit 7,idiom,idiom,/ˈɪdiəm/,n.,习语；成语,p.63,单词,否,否,,B认读,保留在认读区,普通词,教材词汇，但未与浙江中考考频表词头直接匹配,需在样章阶段复核是否升级为核心,8b-word-list_01-13.png
NV1821,1822,8B,Unit 7,recently,recently,/ˈriːsntli/,adv.,最近；不久前,p.64,单词,否,是,699,A核心,保留在主词表,普通词,与浙江中考考频表词头直接匹配,"",8b-word-list_01-13.png
NV1822,1823,8B,Unit 7,lost,lost,/lɒst/,adj.,迷路的；丢失的；失去的,p.64,单词,否,是,2691,A核心,保留在主词表,普通词,与浙江中考考频表词头直接匹配,"",8b-word-list_01-13.png
NV1823,1824,8B,Unit 7,get lost,get lost,,,迷路,p.64,多词表达,否,否,,A核心,保留在主词表,短语或固定表达,教材明确列出的短语或句型，应独立掌握,后续需结合短语考查价值再细分,8b-word-list_01-13.png
NV1824,1825,8B,Unit 7,hear of,hear of,,,听说；得知,p.65,多词表达,否,否,,A核心,保留在主词表,短语或固定表达,教材明确列出的短语或句型，应独立掌握,后续需结合短语考查价值再细分,8b-word-list_01-13.png
NV1825,1826,8B,Unit 7,recommend,recommend,/ˌrekəˈmend/,v.,推荐；建议,p.65,单词,否,是,1695,A核心,保留在主词表,普通词,与浙江中考考频表词头直接匹配,"",8b-word-list_01-13.png
NV1826,1827,8B,Unit 7,society,society,/səˈsaɪəti/,n.,社会；社团,p.65,单词,否,是,507,A核心,保留在主词表,普通词,与浙江中考考频表词头直接匹配,"",8b-word-list_01-13.png
NV1827,1828,8B,Unit 7,literary,literary,/ˈlɪtərəri/,adj.,文学的；文学上的,p.65,单词,否,否,,B认读,保留在认读区,普通词,教材词汇，但未与浙江中考考频表词头直接匹配,需在样章阶段复核是否升级为核心,8b-word-list_01-13.png
NV1828,1829,8B,Unit 7,base,base,/beɪs/,v. n.,v. 把（总部等）设在 n. 根基；基础；根据地,p.65,单词,否,是,536,A核心,保留在主词表,普通词,与浙江中考考频表词头直接匹配,"",8b-word-list_01-13.png
NV1829,1830,8B,Unit 7,base on,base on,,,以……为基础；以……为根据,p.65,多词表达,否,否,,A核心,保留在主词表,短语或固定表达,教材明确列出的短语或句型，应独立掌握,后续需结合短语考查价值再细分,8b-word-list_01-13.png
NV1830,1831,8B,Unit 7,summary,summary,/ˈsʌməri/,n.,总结；概要,p.66,单词,否,否,,B认读,保留在认读区,普通词,教材词汇，但未与浙江中考考频表词头直接匹配,需在样章阶段复核是否升级为核心,8b-word-list_01-13.png
NV1831,1832,8B,Unit 7,spoiled,spoiled,/spɔɪld/,(= spoilt /spɔɪlt/) adj.,宠坏的；娇惯坏的,p.66,单词,否,否,,B认读,保留在认读区,普通词,教材词汇，但未与浙江中考考频表词头直接匹配,需在样章阶段复核是否升级为核心,8b-word-list_01-13.png
NV1832,1833,8B,Unit 7,selfish,selfish,/ˈselfɪʃ/,adj.,自私的,p.66,单词,否,否,,B认读,保留在认读区,普通词,教材词汇，但未与浙江中考考频表词头直接匹配,需在样章阶段复核是否升级为核心,8b-word-list_01-13.png
NV1833,1834,8B,Unit 7,lock,lock,/lɒk/,v. n.,v. 用锁锁上 n. 锁,p.66,单词,否,是,2235,A核心,保留在主词表,普通词,与浙江中考考频表词头直接匹配,"",8b-word-list_01-13.png
NV1834,1835,8B,Unit 7,lock up,lock up,,,锁好（建筑物的）门,p.66,多词表达,否,否,,A核心,保留在主词表,短语或固定表达,教材明确列出的短语或句型，应独立掌握,后续需结合短语考查价值再细分,8b-word-list_01-13.png
NV1835,1836,8B,Unit 7,unlock,unlock,/ʌnˈlɒk/,v.,开……的锁；发现；揭开,p.66,单词,否,否,,B认读,保留在认读区,普通词,教材词汇，但未与浙江中考考频表词头直接匹配,需在样章阶段复核是否升级为核心,8b-word-list_01-13.png
NV1836,1837,8B,Unit 7,hidden,hidden,/ˈhɪdn/,adj.,隐藏的；秘密的,p.66,单词,否,否,,B认读,保留在认读区,普通词,教材词汇，但未与浙江中考考频表词头直接匹配,需在样章阶段复核是否升级为核心,8b-word-list_01-13.png
NV1837,1838,8B,Unit 7,nobody,nobody,/ˈnəʊbədi/,pron.,没有人；谁也不,p.66,单词,否,是,1152,A核心,保留在主词表,普通词,与浙江中考考频表词头直接匹配,"",8b-word-list_01-13.png
NV1838,1839,8B,Unit 7,therefore,therefore,/ˈðeəfɔː(r)/,adv.,因此；所以,p.66,单词,否,是,1162,A核心,保留在主词表,普通词,与浙江中考考频表词头直接匹配,"",8b-word-list_01-13.png
NV1839,1840,8B,Unit 7,state,state,/steɪt/,n. v.,n. 状态；国家；州 v. 陈述；说明,p.66,单词,否,是,137,A核心,保留在主词表,普通词,与浙江中考考频表词头直接匹配,"",8b-word-list_01-13.png
NV1840,1841,8B,Unit 7,weak,weak,/wiːk/,adj.,虚弱的；（能力）弱的,p.66,单词,否,是,2081,A核心,保留在主词表,普通词,与浙江中考考频表词头直接匹配,"",8b-word-list_01-13.png
NV1841,1842,8B,Unit 7,secretly,secretly,/ˈsiːkrətli/,adv.,秘密地,p.66,单词,否,是,6190,A核心,保留在主词表,普通词,与浙江中考考频表词头直接匹配,"",8b-word-list_01-13.png
NV1842,1843,8B,Unit 7,prove,prove,/pruːv/,v.,"(proved, proved 或 proved, proven /ˈpruːvn/) 证明；证实；显示是",p.66,单词,否,是,867,A核心,保留在主词表,普通词,与浙江中考考频表词头直接匹配,"",8b-word-list_01-13.png
NV1843,1844,8B,Unit 7,get to one's feet,get to one's feet,,,站起身来,p.66,多词表达,否,否,,A核心,保留在主词表,短语或固定表达,教材明确列出的短语或句型，应独立掌握,后续需结合短语考查价值再细分,8b-word-list_01-13.png
NV1844,1845,8B,Unit 7,day by day,day by day,,,一天天；逐日,p.66,多词表达,否,否,,A核心,保留在主词表,短语或固定表达,教材明确列出的短语或句型，应独立掌握,后续需结合短语考查价值再细分,8b-word-list_01-13.png
NV1845,1846,8B,Unit 7,build-up,build-up,/ˈbɪldʌp/,n.,准备期；准备过程,p.67,单词,否,否,,B认读,保留在认读区,普通词,教材词汇，但未与浙江中考考频表词头直接匹配,需在样章阶段复核是否升级为核心,8b-word-list_01-13.png
NV1846,1847,8B,Unit 7,climax,climax,/ˈklaɪmæks/,n.,高潮；极点,p.67,单词,否,否,,B认读,保留在认读区,普通词,教材词汇，但未与浙江中考考频表词头直接匹配,需在样章阶段复核是否升级为核心,8b-word-list_01-13.png
NV1847,1848,8B,Unit 7,effect,effect,/ɪˈfekt/,n.,影响；结果,p.67,单词,否,是,427,A核心,保留在主词表,普通词,与浙江中考考频表词头直接匹配,"",8b-word-list_01-13.png
NV1848,1849,8B,Unit 7,in time,in time,,,来得及；及时,p.68,多词表达,否,否,,A核心,保留在主词表,短语或固定表达,教材明确列出的短语或句型，应独立掌握,后续需结合短语考查价值再细分,8b-word-list_01-13.png
NV1849,1850,8B,Unit 7,reader,reader,/ˈriːdə(r)/,n.,读者；简易读物,p.68,单词,否,是,1272,A核心,保留在主词表,普通词,与浙江中考考频表词头直接匹配,"",8b-word-list_01-13.png
NV1850,1851,8B,Unit 7,librarian,librarian,/laɪˈbreəriən/,n.,图书管理员；图书馆馆长,p.68,单词,否,是,7630,A核心,保留在主词表,普通词,与浙江中考考频表词头直接匹配,"",8b-word-list_01-13.png
NV1851,1852,8B,Unit 7,consider,consider,/kənˈsɪdə(r)/,v.,认为；仔细考虑,p.68,单词,否,是,394,A核心,保留在主词表,普通词,与浙江中考考频表词头直接匹配,"",8b-word-list_01-13.png
NV1852,1853,8B,Unit 7,enemy,enemy,/ˈenəmi/,n.,敌人,p.68,单词,否,是,1601,A核心,保留在主词表,普通词,与浙江中考考频表词头直接匹配,"",8b-word-list_01-13.png
NV1853,1854,8B,Unit 7,naughty,naughty,/ˈnɔːti/,adj.,淘气的,p.68,单词,否,否,,B认读,保留在认读区,普通词,教材词汇，但未与浙江中考考频表词头直接匹配,需在样章阶段复核是否升级为核心,8b-word-list_01-13.png
NV1854,1855,8B,Unit 7,gentle,gentle,/ˈdʒentl/,adj.,温柔的,p.68,单词,否,是,3416,A核心,保留在主词表,普通词,与浙江中考考频表词头直接匹配,"",8b-word-list_01-13.png
NV1855,1856,8B,Unit 7,defeat,defeat,/dɪˈfiːt/,v. n.,v. 击败；战胜 n. 失败；击败,p.68,单词,否,是,3348,A核心,保留在主词表,普通词,与浙江中考考频表词头直接匹配,"",8b-word-list_01-13.png
NV1856,1857,8B,Unit 7,recommendation,recommendation,/ˌrekəmenˈdeɪʃn/,n.,推荐；提议,p.69,单词,否,否,,B认读,保留在认读区,普通词,教材词汇，但未与浙江中考考频表词头直接匹配,需在样章阶段复核是否升级为核心,8b-word-list_01-13.png
NV1857,1858,8B,Unit 7,basic,basic,/ˈbeɪsɪk/,adj.,基本的；初步的,p.69,单词,否,是,1145,A核心,保留在主词表,普通词,与浙江中考考频表词头直接匹配,"",8b-word-list_01-13.png
NV1858,1859,8B,Unit 7,American,american,/əˈmerɪkən/,adj. n.,adj. 美国的；美洲的 n. 美国人；美洲人,p.69,单词,是,是,,A核心,保留在主词表,普通词,具有明确词性，并与浙江中考考频表词头匹配,"",8b-word-list_01-13.png
NV1859,1860,8B,Unit 7,bone,bone,/bəʊn/,n.,骨头,p.69,单词,否,是,1447,A核心,保留在主词表,普通词,与浙江中考考频表词头直接匹配,"",8b-word-list_01-13.png
NV1860,1861,8B,Unit 7,doubt,doubt,/daʊt/,v. n.,v. 怀疑 n. 疑惑；不确定,p.69,单词,否,是,1916,A核心,保留在主词表,普通词,与浙江中考考频表词头直接匹配,"",8b-word-list_01-13.png
NV1861,1862,8B,Unit 7,destroy,destroy,/dɪˈstrɔɪ/,v.,破坏；摧毁,p.69,单词,否,是,1422,A核心,保留在主词表,普通词,与浙江中考考频表词头直接匹配,"",8b-word-list_01-13.png
NV1862,1863,8B,Unit 7,introduction,introduction,/ˌɪntrəˈdʌkʃn/,n.,介绍；序言；采用,p.69,单词,否,是,2921,A核心,保留在主词表,普通词,与浙江中考考频表词头直接匹配,"",8b-word-list_01-13.png
NV1863,1864,8B,Unit 7,Journey to the West,journey to the west,,,《西游记》,p.62,多词表达,是,否,,C剔除,从学生主词表剔除,作品名称,作品或艺术品专名，不作为学生背诵词条,可保留在文化附录,8b-word-list_01-13.png
NV1864,1865,8B,Unit 7,Harry Potter and the Philosopher's Stone,harry potter and the philosopher's stone,,,《哈利·波特与魔法石》,p.62,多词表达,是,否,,C剔除,从学生主词表剔除,作品名称,作品或艺术品专名，不作为学生背诵词条,可保留在文化附录,8b-word-list_01-13.png
NV1865,1866,8B,Unit 7,The Time Machine,the time machine,,,《时间机器》,p.62,多词表达,是,否,,C剔除,从学生主词表剔除,作品名称,作品或艺术品专名，不作为学生背诵词条,可保留在文化附录,8b-word-list_01-13.png
NV1866,1867,8B,Unit 7,The Final Problem,the final problem,,,《最后一案》,p.62,多词表达,是,否,,C剔除,从学生主词表剔除,作品名称,作品或艺术品专名，不作为学生背诵词条,可保留在文化附录,8b-word-list_01-13.png
NV1867,1868,8B,Unit 7,The Three-Body Problem,the three-body problem,,,《三体》,p.62,多词表达,是,否,,C剔除,从学生主词表剔除,作品名称,作品或艺术品专名，不作为学生背诵词条,可保留在文化附录,8b-word-list_01-13.png
NV1868,1869,8B,Unit 7,Around the World in Eighty Days,around the world in eighty days,,,《八十天环游世界》,p.62,多词表达,是,否,,C剔除,从学生主词表剔除,作品名称,作品或艺术品专名，不作为学生背诵词条,可保留在文化附录,8b-word-list_01-13.png
NV1869,1870,8B,Unit 7,Sherlock Holmes,sherlock holmes,,,夏洛克·福尔摩斯,p.62,多词表达,是,否,,C剔除,从学生主词表剔除,人名,人物名、姓氏或虚构人物名,"",8b-word-list_01-13.png
NV1870,1871,8B,Unit 7,The Romance of the Three Kingdoms,the romance of the three kingdoms,,,《三国演义》,p.63,多词表达,是,否,,C剔除,从学生主词表剔除,作品名称,作品或艺术品专名，不作为学生背诵词条,可保留在文化附录,8b-word-list_01-13.png
NV1871,1872,8B,Unit 7,Oliver Twist,oliver twist,,,《雾都孤儿》,p.63,多词表达,是,否,,C剔除,从学生主词表剔除,作品名称,作品或艺术品专名，不作为学生背诵词条,可保留在文化附录,8b-word-list_01-13.png
NV1872,1873,8B,Unit 7,Charles Dickens,charles dickens,,,查尔斯·狄更斯,p.63,多词表达,是,否,,C剔除,从学生主词表剔除,人名,人物名、姓氏或虚构人物名,"",8b-word-list_01-13.png
NV1873,1874,8B,Unit 7,Alice's Adventures in Wonderland,alice's adventures in wonderland,,,《爱丽丝梦游仙境》,p.64,多词表达,是,否,,C剔除,从学生主词表剔除,作品名称,作品或艺术品专名，不作为学生背诵词条,可保留在文化附录,8b-word-list_01-13.png
NV1874,1875,8B,Unit 7,Lewis Carroll,lewis carroll,,,刘易斯·卡罗尔,p.64,多词表达,是,否,,C剔除,从学生主词表剔除,人名,人物名、姓氏或虚构人物名,"",8b-word-list_01-13.png
NV1875,1876,8B,Unit 7,The Adventures of Tom Sawyer,the adventures of tom sawyer,,,《汤姆·索亚历险记》,p.64,多词表达,是,否,,C剔除,从学生主词表剔除,作品名称,作品或艺术品专名，不作为学生背诵词条,可保留在文化附录,8b-word-list_01-13.png
NV1876,1877,8B,Unit 7,The Little Prince,the little prince,,,《小王子》,p.65,多词表达,是,否,,C剔除,从学生主词表剔除,作品名称,作品或艺术品专名，不作为学生背诵词条,可保留在文化附录,8b-word-list_01-13.png
NV1877,1878,8B,Unit 7,The Little Match Girl,the little match girl,,,《卖火柴的小女孩》,p.65,多词表达,是,否,,C剔除,从学生主词表剔除,作品名称,作品或艺术品专名，不作为学生背诵词条,可保留在文化附录,8b-word-list_01-13.png
NV1878,1879,8B,Unit 7,Outlaws of the Marsh,outlaws of the marsh,,,《水浒传》,p.65,多词表达,是,否,,C剔除,从学生主词表剔除,作品名称,作品或艺术品专名，不作为学生背诵词条,可保留在文化附录,8b-word-list_01-13.png
NV1879,1880,8B,Unit 7,My Childhood,my childhood,,,《童年》,p.66,多词表达,是,否,,C剔除,从学生主词表剔除,作品名称,作品或艺术品专名，不作为学生背诵词条,可保留在文化附录,8b-word-list_01-13.png
NV1880,1881,8B,Unit 7,The Wonderful Wizard of Oz,the wonderful wizard of oz,,,《绿野仙踪》,p.66,多词表达,是,否,,C剔除,从学生主词表剔除,作品名称,作品或艺术品专名，不作为学生背诵词条,可保留在文化附录,8b-word-list_01-13.png
NV1881,1882,8B,Unit 7,A Dream of Red Mansions,a dream of red mansions,,,《红楼梦》,p.66,多词表达,是,否,,C剔除,从学生主词表剔除,作品名称,作品或艺术品专名，不作为学生背诵词条,可保留在文化附录,8b-word-list_01-13.png
NV1882,1883,8B,Unit 7,Treasure Island,treasure island,,,《金银岛》,p.66,多词表达,是,否,,C剔除,从学生主词表剔除,作品名称,作品或艺术品专名，不作为学生背诵词条,可保留在文化附录,8b-word-list_01-13.png
NV1883,1884,8B,Unit 7,Red Star over China,red star over china,,,《红星照耀中国》,p.66,多词表达,是,否,,C剔除,从学生主词表剔除,作品名称,作品或艺术品专名，不作为学生背诵词条,可保留在文化附录,8b-word-list_01-13.png
NV1884,1885,8B,Unit 7,The Secret Garden,the secret garden,,,《秘密花园》,p.66,多词表达,是,否,,C剔除,从学生主词表剔除,作品名称,作品或艺术品专名，不作为学生背诵词条,可保留在文化附录,8b-word-list_01-13.png
NV1885,1886,8B,Unit 7,Frances Hodgson Burnett,frances hodgson burnett,,,弗朗西斯·霍奇森·伯内特,p.66,多词表达,是,否,,C剔除,从学生主词表剔除,人名,人物名、姓氏或虚构人物名,"",8b-word-list_01-13.png
NV1886,1887,8B,Unit 7,Lennox,lennox,,,伦诺克斯,p.66,单词,是,否,,C剔除,从学生主词表剔除,人名,人物名、姓氏或虚构人物名,"",8b-word-list_01-13.png
NV1887,1888,8B,Unit 7,Craven,craven,,,克雷文,p.66,单词,是,否,,C剔除,从学生主词表剔除,人名,人物名、姓氏或虚构人物名,"",8b-word-list_01-13.png
NV1888,1889,8B,Unit 7,Dickon,dickon,,,迪康,p.66,单词,是,否,,C剔除,从学生主词表剔除,人名,人物名、姓氏或虚构人物名,"",8b-word-list_01-13.png
NV1889,1890,8B,Unit 7,Colin,colin,,,科林,p.66,单词,是,否,,C剔除,从学生主词表剔除,人名,人物名、姓氏或虚构人物名,"",8b-word-list_01-13.png
NV1890,1891,8B,Unit 7,The Old Man and the Sea,the old man and the sea,,,《老人与海》,p.69,多词表达,是,否,,C剔除,从学生主词表剔除,作品名称,作品或艺术品专名，不作为学生背诵词条,可保留在文化附录,8b-word-list_01-13.png
NV1891,1892,8B,Unit 7,Ernest Hemingway,ernest hemingway,,,欧内斯特·海明威,p.69,多词表达,是,否,,C剔除,从学生主词表剔除,人名,人物名、姓氏或虚构人物名,"",8b-word-list_01-13.png
NV1892,1893,8B,Unit 7,Pulitzer Prize,pulitzer prize,,,普利策奖,p.69,多词表达,是,否,,B认读,保留在认读区,缩写或背景概念,有课文理解价值，但不建议作为重点默写词,"",8b-word-list_01-13.png
NV1893,1894,8B,Unit 8,make a difference,make a difference,,,有（重要）作用,p.71,多词表达,否,否,,A核心,保留在主词表,短语或固定表达,教材明确列出的短语或句型，应独立掌握,后续需结合短语考查价值再细分,8b-word-list_01-13.png
NV1894,1895,8B,Unit 8,visitor,visitor,/ˈvɪzɪtə(r)/,n.,参观者；来访者,p.72,单词,否,是,1706,A核心,保留在主词表,普通词,与浙江中考考频表词头直接匹配,"",8b-word-list_01-13.png
NV1895,1896,8B,Unit 8,elderly,elderly,/ˈeldəli/,adj.,年纪较大的；上了年纪的,p.72,单词,否,否,,B认读,保留在认读区,普通词,教材词汇，但未与浙江中考考频表词头直接匹配,需在样章阶段复核是否升级为核心,8b-word-list_01-13.png
NV1896,1897,8B,Unit 8,the elderly,the elderly,,,老人；上了年纪的人,p.72,多词表达,否,否,,A核心,保留在主词表,短语或固定表达,教材明确列出的短语或句型，应独立掌握,后续需结合短语考查价值再细分,8b-word-list_01-13.png
NV1897,1898,8B,Unit 8,organization,organization,/ˌɔːgənaɪˈzeɪʃn/,(= organisation) n.,组织；团体；机构,p.72,单词,否,是,595,A核心,保留在主词表,普通词,与浙江中考考频表词头直接匹配,"",8b-word-list_01-13.png
NV1898,1899,8B,Unit 8,stadium,stadium,/ˈsteɪdiəm/,n.,体育馆；运动场,p.72,单词,否,否,,B认读,保留在认读区,普通词,教材词汇，但未与浙江中考考频表词头直接匹配,需在样章阶段复核是否升级为核心,8b-word-list_01-13.png
NV1899,1900,8B,Unit 8,provide,provide,/prəˈvaɪd/,v.,提供；给予,p.72,单词,否,是,262,A核心,保留在主词表,普通词,与浙江中考考频表词头直接匹配,"",8b-word-list_01-13.png
NV1900,1901,8B,Unit 8,owner,owner,/ˈəʊnə(r)/,n.,主人；物主,p.73,单词,否,是,1022,A核心,保留在主词表,普通词,与浙江中考考频表词头直接匹配,"",8b-word-list_01-13.png
NV1901,1902,8B,Unit 8,cage,cage,/keɪdʒ/,n.,笼子,p.73,单词,否,是,4176,A核心,保留在主词表,普通词,与浙江中考考频表词头直接匹配,"",8b-word-list_01-13.png
NV1902,1903,8B,Unit 8,donation,donation,/dəʊˈneɪʃn/,n.,捐赠物；捐赠,p.73,单词,否,是,4374,A核心,保留在主词表,普通词,与浙江中考考频表词头直接匹配,"",8b-word-list_01-13.png
NV1903,1904,8B,Unit 8,interviewer,interviewer,/ˈɪntəvjuːə(r)/,n.,面试官；采访者,p.73,单词,否,是,7965,A核心,保留在主词表,普通词,与浙江中考考频表词头直接匹配,"",8b-word-list_01-13.png
NV1904,1905,8B,Unit 8,shelter,shelter,/ˈʃeltə(r)/,n.,庇护所；居所,p.73,单词,否,是,2891,A核心,保留在主词表,普通词,与浙江中考考频表词头直接匹配,"",8b-word-list_01-13.png
NV1905,1906,8B,Unit 8,youth,youth,/juːθ/,n.,青年；青年时期,p.74,单词,否,是,1401,A核心,保留在主词表,普通词,与浙江中考考频表词头直接匹配,"",8b-word-list_01-13.png
NV1906,1907,8B,Unit 8,active,active,/ˈæktɪv/,adj.,活跃的；积极的,p.74,单词,否,是,1448,A核心,保留在主词表,普通词,与浙江中考考频表词头直接匹配,"",8b-word-list_01-13.png
NV1907,1908,8B,Unit 8,come along,come along,,,赶快；跟着来,p.74,多词表达,否,否,,A核心,保留在主词表,短语或固定表达,教材明确列出的短语或句型，应独立掌握,后续需结合短语考查价值再细分,8b-word-list_01-13.png
NV1908,1909,8B,Unit 8,army,army,/ˈɑːmi/,n.,军队,p.75,单词,否,是,1544,A核心,保留在主词表,普通词,与浙江中考考频表词头直接匹配,"",8b-word-list_01-13.png
NV1909,1910,8B,Unit 8,primary,primary,/ˈpraɪməri/,adj.,小学教育的；首要的,p.75,单词,否,是,1509,A核心,保留在主词表,普通词,与浙江中考考频表词头直接匹配,"",8b-word-list_01-13.png
NV1910,1911,8B,Unit 8,help out,help out,,,分担工作；帮忙做,p.75,多词表达,否,否,,A核心,保留在主词表,短语或固定表达,教材明确列出的短语或句型，应独立掌握,后续需结合短语考查价值再细分,8b-word-list_01-13.png
NV1911,1912,8B,Unit 8,charity,charity,/ˈtʃærəti/,n.,慈善机构（或组织）；慈善事业,p.75,单词,否,是,3308,A核心,保留在主词表,普通词,与浙江中考考频表词头直接匹配,"",8b-word-list_01-13.png
NV1912,1913,8B,Unit 8,warmly,warmly,/ˈwɔːmli/,adv.,热情地；温暖地,p.75,单词,否,是,11289,A核心,保留在主词表,普通词,与浙江中考考频表词头直接匹配,"",8b-word-list_01-13.png
NV1913,1914,8B,Unit 8,lady,lady,/ˈleɪdi/,n.,女士；淑女,p.76,单词,否,是,1522,A核心,保留在主词表,普通词,与浙江中考考频表词头直接匹配,"",8b-word-list_01-13.png
NV1914,1915,8B,Unit 8,gentleman,gentleman,/ˈdʒentlmən/,n.,(pl. gentlemen /ˈdʒentlmən/) 先生；君子,p.76,单词,否,是,2463,A核心,保留在主词表,普通词,与浙江中考考频表词头直接匹配,"",8b-word-list_01-13.png
NV1915,1916,8B,Unit 8,bark,bark,/bɑːk/,v. n.,v. （狗）吠叫 n. 狗叫声,p.76,单词,否,是,5906,A核心,保留在主词表,普通词,与浙江中考考频表词头直接匹配,"",8b-word-list_01-13.png
NV1916,1917,8B,Unit 8,sign up,sign up,,,报名,p.76,多词表达,否,否,,A核心,保留在主词表,短语或固定表达,教材明确列出的短语或句型，应独立掌握,后续需结合短语考查价值再细分,8b-word-list_01-13.png
NV1917,1918,8B,Unit 8,ever since,ever since,,,自从；自……以后,p.76,多词表达,否,否,,A核心,保留在主词表,短语或固定表达,教材明确列出的短语或句型，应独立掌握,后续需结合短语考查价值再细分,8b-word-list_01-13.png
NV1918,1919,8B,Unit 8,adult,adult,/ˈædʌlt; əˈdʌlt/,n. adj.,n. 成年人 adj. 成年的；成熟的,p.76,单词,否,是,970,A核心,保留在主词表,普通词,与浙江中考考频表词头直接匹配,"",8b-word-list_01-13.png
NV1919,1920,8B,Unit 8,missing,missing,/ˈmɪsɪŋ/,adj.,失踪的；丢失的,p.76,单词,否,否,,B认读,保留在认读区,普通词,教材词汇，但未与浙江中考考频表词头直接匹配,需在样章阶段复核是否升级为核心,8b-word-list_01-13.png
NV1920,1921,8B,Unit 8,practical,practical,/ˈpræktɪkl/,adj.,实用的；实际的,p.77,单词,否,是,2295,A核心,保留在主词表,普通词,与浙江中考考频表词头直接匹配,"",8b-word-list_01-13.png
NV1921,1922,8B,Unit 8,life-saving,life-saving,/ˈlaɪf seɪvɪŋ/,adj.,救命的；救生的,p.77,单词,否,否,,B认读,保留在认读区,普通词,教材词汇，但未与浙江中考考频表词头直接匹配,需在样章阶段复核是否升级为核心,8b-word-list_01-13.png
NV1922,1923,8B,Unit 8,teamwork,teamwork,/ˈtiːmwɜːk/,n.,团队合作,p.77,单词,否,是,12126,A核心,保留在主词表,普通词,与浙江中考考频表词头直接匹配,"",8b-word-list_01-13.png
NV1923,1924,8B,Unit 8,successful,successful,/səkˈsesfl/,adj.,成功的；有成就的,p.77,单词,否,是,1102,A核心,保留在主词表,普通词,与浙江中考考频表词头直接匹配,"",8b-word-list_01-13.png
NV1924,1925,8B,Unit 8,most of all,most of all,,,最主要的是,p.77,多词表达,否,否,,A核心,保留在主词表,短语或固定表达,教材明确列出的短语或句型，应独立掌握,后续需结合短语考查价值再细分,8b-word-list_01-13.png
NV1925,1926,8B,Unit 8,value,value,/ˈvæljuː/,n.,重要作用；价值,p.77,单词,否,是,499,A核心,保留在主词表,普通词,与浙江中考考频表词头直接匹配,"",8b-word-list_01-13.png
NV1926,1927,8B,Unit 8,voluntary,voluntary,/ˈvɒləntri/,adj.,自愿的；无偿的,p.77,单词,否,是,4745,A核心,保留在主词表,普通词,与浙江中考考频表词头直接匹配,"",8b-word-list_01-13.png
NV1927,1928,8B,Unit 8,ordinary,ordinary,/ˈɔːdnri/,adj.,平凡的；普通的,p.77,单词,否,是,2282,A核心,保留在主词表,普通词,与浙江中考考频表词头直接匹配,"",8b-word-list_01-13.png
NV1928,1929,8B,Unit 8,worth,worth,/wɜːθ/,adj.,值得；有价值,p.77,单词,否,是,1357,A核心,保留在主词表,普通词,与浙江中考考频表词头直接匹配,"",8b-word-list_01-13.png
NV1929,1930,8B,Unit 8,audience,audience,/ˈɔːdiəns/,n.,听众；观众,p.77,单词,否,是,1075,A核心,保留在主词表,普通词,与浙江中考考频表词头直接匹配,"",8b-word-list_01-13.png
NV1930,1931,8B,Unit 8,willing,willing,/ˈwɪlɪŋ/,adj.,乐意的；愿意的,p.77,单词,否,是,1278,A核心,保留在主词表,普通词,与浙江中考考频表词头直接匹配,"",8b-word-list_01-13.png
NV1931,1932,8B,Unit 8,on the go,on the go,,,忙碌的,p.78,多词表达,否,否,,A核心,保留在主词表,短语或固定表达,教材明确列出的短语或句型，应独立掌握,后续需结合短语考查价值再细分,8b-word-list_01-13.png
NV1932,1933,8B,Unit 8,in need,in need,,,处于贫困中；生活困难,p.78,多词表达,否,否,,A核心,保留在主词表,短语或固定表达,教材明确列出的短语或句型，应独立掌握,后续需结合短语考查价值再细分,8b-word-list_01-13.png
NV1933,1934,8B,Unit 8,success,success,/səkˈses/,n.,成功,p.78,单词,否,是,777,A核心,保留在主词表,普通词,与浙江中考考频表词头直接匹配,"",8b-word-list_01-13.png
NV1934,1935,8B,Unit 8,elder,elder,/ˈeldə(r)/,adj.,（尤指家庭中两个成员）年龄较长的,p.78,单词,否,是,4088,A核心,保留在主词表,普通词,与浙江中考考频表词头直接匹配,"",8b-word-list_01-13.png
NV1935,1936,8B,Unit 8,donate,donate,/dəʊˈneɪt/,v.,捐赠；赠送,p.78,单词,否,是,4127,A核心,保留在主词表,普通词,与浙江中考考频表词头直接匹配,"",8b-word-list_01-13.png
NV1936,1937,8B,Unit 8,pocket,pocket,/ˈpɒkɪt/,n.,口袋,p.78,单词,否,是,1625,A核心,保留在主词表,普通词,与浙江中考考频表词头直接匹配,"",8b-word-list_01-13.png
NV1937,1938,8B,Unit 8,effort,effort,/ˈefət/,n.,努力；艰难的尝试,p.78,单词,否,是,454,A核心,保留在主词表,普通词,与浙江中考考频表词头直接匹配,"",8b-word-list_01-13.png
NV1938,1939,8B,Unit 8,hand out,hand out,,,分发,p.78,多词表达,否,否,,A核心,保留在主词表,短语或固定表达,教材明确列出的短语或句型，应独立掌握,后续需结合短语考查价值再细分,8b-word-list_01-13.png
NV1939,1940,8B,Unit 8,familiar with,familiar with,,,通晓；熟悉,p.79,多词表达,否,否,,A核心,保留在主词表,短语或固定表达,教材明确列出的短语或句型，应独立掌握,后续需结合短语考查价值再细分,8b-word-list_01-13.png
NV1940,1941,8B,Unit 8,talent,talent,/ˈtælənt/,n.,才能；天赋；天才,p.79,单词,否,是,2041,A核心,保留在主词表,普通词,与浙江中考考频表词头直接匹配,"",8b-word-list_01-13.png
NV1941,1942,8B,Unit 8,madam,madam,/ˈmædəm/,n.,（正式、礼貌的称呼）女士；夫人,p.79,单词,否,是,17770,A核心,保留在主词表,普通词,与浙江中考考频表词头直接匹配,"",8b-word-list_01-13.png
NV1942,1943,8B,Unit 8,advertisement,advertisement,/ədˈvɜːtɪsmənt; ˌædvərˈtaɪzmənt/,(= ad /æd/) n.,广告；启事,p.79,单词,否,是,6035,A核心,保留在主词表,普通词,与浙江中考考频表词头直接匹配,"",8b-word-list_01-13.png
NV1943,1944,8B,Unit 8,Robert,robert,/ˈrɒbət/,,罗伯特,p.73,单词,是,否,,C剔除,从学生主词表剔除,人名,人物名、姓氏或虚构人物名,"",8b-word-list_01-13.png
NV1944,1945,8B,Unit 8,Rose,rose,/rəʊz/,,罗斯；罗丝,p.73,单词,是,否,,C剔除,从学生主词表剔除,人名,人物名、姓氏或虚构人物名,"",8b-word-list_01-13.png
NV1945,1946,8B,Unit 8,United Nations Peacekeeping,united nations peacekeeping,/ˈpiːskiːpɪŋ/,,联合国维和部队,p.75,多词表达,是,否,,C剔除,从学生主词表剔除,组织名称,具体组织或机构名称，不作为学生背诵词条,可保留在文化附录,8b-word-list_01-13.png
NV1946,1947,8B,Unit 8,Argentina,argentina,/ˌɑːdʒənˈtiːnə/,,阿根廷,p.75,单词,是,否,,D复核,等待人工确认,国家或大洲,属于地名，但常见国家和大洲名称可能具有认读价值,确认是剔除还是放入认读区,8b-word-list_01-13.png
NV1947,1948,8B,Unit 8,Blue Sky Rescue,blue sky rescue,,,蓝天救援队,p.76,多词表达,是,否,,C剔除,从学生主词表剔除,组织名称,具体组织或机构名称，不作为学生背诵词条,可保留在文化附录,8b-word-list_01-13.png
NV1948,1949,8B,Unit 8,Philippines,philippines,/ˈfɪlɪpiːnz/,,菲律宾,p.76,单词,是,否,,D复核,等待人工确认,国家或大洲,属于地名，但常见国家和大洲名称可能具有认读价值,确认是剔除还是放入认读区,8b-word-list_01-13.png
NV1949,1950,9A,Unit 1,bring about,bring about,,,带来；引起,p.1,多词表达,否,否,,A核心,保留在主词表,短语或固定表达,教材明确列出的短语或句型，应独立掌握,后续需结合短语考查价值再细分,9a-word-list_01-10.png
NV1950,1951,9A,Unit 1,rough,rough,/rʌf/,adj.,崎岖的,p.2,单词,否,是,2643,A核心,保留在主词表,普通词,与浙江中考考频表词头直接匹配,"",9a-word-list_01-10.png
NV1951,1952,9A,Unit 1,be covered with,be covered with,,,被……覆盖,p.2,多词表达,否,否,,A核心,保留在主词表,短语或固定表达,教材明确列出的短语或句型，应独立掌握,后续需结合短语考查价值再细分,9a-word-list_01-10.png
NV1952,1953,9A,Unit 1,sandstorm,sandstorm,/'sændstɔːm/,n.,沙尘暴,p.3,单词,否,否,,B认读,保留在认读区,普通词,教材词汇，但未与浙江中考考频表词头直接匹配,需在样章阶段复核是否升级为核心,9a-word-list_01-10.png
NV1953,1954,9A,Unit 1,farmland,farmland,/'fɑːmlænd/,n.,耕地,p.3,单词,否,否,,B认读,保留在认读区,普通词,教材词汇，但未与浙江中考考频表词头直接匹配,需在样章阶段复核是否升级为核心,9a-word-list_01-10.png
NV1954,1955,9A,Unit 1,shortage,shortage,/'ʃɔːtɪdʒ/,n.,短缺,p.3,单词,否,否,,B认读,保留在认读区,普通词,教材词汇，但未与浙江中考考频表词头直接匹配,需在样章阶段复核是否升级为核心,9a-word-list_01-10.png
NV1955,1956,9A,Unit 1,lack,lack,/læk/,n.,缺乏,p.3,单词,否,是,1233,A核心,保留在主词表,普通词,与浙江中考考频表词头直接匹配,"",9a-word-list_01-10.png
NV1956,1957,9A,Unit 1,bush,bush,/bʊʃ/,n.,灌木,p.3,单词,否,是,4294,A核心,保留在主词表,普通词,与浙江中考考频表词头直接匹配,"",9a-word-list_01-10.png
NV1957,1958,9A,Unit 1,root,root,/ruːt/,n.,根,p.3,单词,否,是,1743,A核心,保留在主词表,普通词,与浙江中考考频表词头直接匹配,"",9a-word-list_01-10.png
NV1958,1959,9A,Unit 1,soil,soil,/sɔɪl/,n.,土壤,p.3,单词,否,是,1801,A核心,保留在主词表,普通词,与浙江中考考频表词头直接匹配,"",9a-word-list_01-10.png
NV1959,1960,9A,Unit 1,sandy,sandy,/'sændi/,adj.,铺满沙子的；含沙的,p.3,单词,否,否,,B认读,保留在认读区,普通词,教材词汇，但未与浙江中考考频表词头直接匹配,需在样章阶段复核是否升级为核心,9a-word-list_01-10.png
NV1960,1961,9A,Unit 1,government,government,/'gʌvənmənt/,n.,政府,p.3,单词,否,是,201,A核心,保留在主词表,普通词,与浙江中考考频表词头直接匹配,"",9a-word-list_01-10.png
NV1961,1962,9A,Unit 1,support,support,/sə'pɔːt/,n. & v.,支持,p.3,单词,否,是,524,A核心,保留在主词表,普通词,与浙江中考考频表词头直接匹配,"",9a-word-list_01-10.png
NV1962,1963,9A,Unit 1,corn,corn,/kɔːn/,n.,玉米；谷物,p.3,单词,否,是,2464,A核心,保留在主词表,普通词,与浙江中考考频表词头直接匹配,"",9a-word-list_01-10.png
NV1963,1964,9A,Unit 1,high-tech,high-tech,/ˌhaɪ'tek/,adj.,高科技的,p.4,单词,否,否,,B认读,保留在认读区,普通词,教材词汇，但未与浙江中考考频表词头直接匹配,需在样章阶段复核是否升级为核心,9a-word-list_01-10.png
NV1964,1965,9A,Unit 1,greenhouse,greenhouse,/'griːnhaʊs/,n.,温室,p.4,单词,否,否,,B认读,保留在认读区,普通词,教材词汇，但未与浙江中考考频表词头直接匹配,需在样章阶段复核是否升级为核心,9a-word-list_01-10.png
NV1965,1966,9A,Unit 1,highway,highway,/'haɪweɪ/,n.,公路,p.4,单词,否,是,2599,A核心,保留在主词表,普通词,与浙江中考考频表词头直接匹配,"",9a-word-list_01-10.png
NV1966,1967,9A,Unit 1,railway,railway,/'reɪlweɪ/,n.,铁路,p.4,单词,否,是,8524,A核心,保留在主词表,普通词,与浙江中考考频表词头直接匹配,"",9a-word-list_01-10.png
NV1967,1968,9A,Unit 1,attraction,attraction,/ə'trækʃn/,n.,向往的地方；吸引力,p.4,单词,否,是,3830,A核心,保留在主词表,普通词,与浙江中考考频表词头直接匹配,"",9a-word-list_01-10.png
NV1968,1969,9A,Unit 1,product,product,/'prɒdʌkt/,n.,产品,p.4,单词,否,是,569,A核心,保留在主词表,普通词,与浙江中考考频表词头直接匹配,"",9a-word-list_01-10.png
NV1969,1970,9A,Unit 1,greatly,greatly,/'greɪtli/,adv.,大大地；非常,p.4,单词,否,是,3459,A核心,保留在主词表,普通词,与浙江中考考频表词头直接匹配,"",9a-word-list_01-10.png
NV1970,1971,9A,Unit 1,socialist,socialist,/'səʊʃəlɪst/,adj. n.,adj. 社会主义的 n. 社会主义者,p.4,单词,否,否,,B认读,保留在认读区,普通词,教材词汇，但未与浙江中考考频表词头直接匹配,需在样章阶段复核是否升级为核心,9a-word-list_01-10.png
NV1971,1972,9A,Unit 1,e-payment,e-payment,/iː'peɪmənt/,n.,电子支付,p.4,单词,否,否,,B认读,保留在认读区,普通词,教材词汇，但未与浙江中考考频表词头直接匹配,需在样章阶段复核是否升级为核心,9a-word-list_01-10.png
NV1972,1973,9A,Unit 1,housing,housing,/'haʊzɪŋ/,n.,住房；住宅,p.4,单词,否,否,,B认读,保留在认读区,普通词,教材词汇，但未与浙江中考考频表词头直接匹配,需在样章阶段复核是否升级为核心,9a-word-list_01-10.png
NV1973,1974,9A,Unit 1,digital,digital,/'dɪdʒɪtl/,adj.,电子的,p.5,单词,否,否,,B认读,保留在认读区,普通词,教材词汇，但未与浙江中考考频表词头直接匹配,需在样章阶段复核是否升级为核心,9a-word-list_01-10.png
NV1974,1975,9A,Unit 1,audio,audio,/'ɔːdiəʊ/,adj. n.,adj. 音频的 n. 音频,p.5,单词,否,否,,B认读,保留在认读区,普通词,教材词汇，但未与浙江中考考频表词头直接匹配,需在样章阶段复核是否升级为核心,9a-word-list_01-10.png
NV1975,1976,9A,Unit 1,dirt,dirt,/dɜːt/,n.,泥土；尘土,p.5,单词,否,否,,B认读,保留在认读区,普通词,教材词汇，但未与浙江中考考频表词头直接匹配,需在样章阶段复核是否升级为核心,9a-word-list_01-10.png
NV1976,1977,9A,Unit 1,track,track,/træk/,n.,小路；轨道,p.5,单词,否,是,1144,A核心,保留在主词表,普通词,与浙江中考考频表词头直接匹配,"",9a-word-list_01-10.png
NV1977,1978,9A,Unit 1,wide,wide,/waɪd/,adj.,宽的；宽阔的,p.5,单词,否,否,,B认读,保留在认读区,普通词,教材词汇，但未与浙江中考考频表词头直接匹配,需在样章阶段复核是否升级为核心,9a-word-list_01-10.png
NV1978,1979,9A,Unit 1,link,link,/lɪŋk/,n. v.,n. 交通路线；联系 v. 连接,p.6,单词,否,是,1739,A核心,保留在主词表,普通词,与浙江中考考频表词头直接匹配,"",9a-word-list_01-10.png
NV1979,1980,9A,Unit 1,port,port,/pɔːt/,n.,港口,p.6,单词,否,是,2734,A核心,保留在主词表,普通词,与浙江中考考频表词头直接匹配,"",9a-word-list_01-10.png
NV1980,1981,9A,Unit 1,capital,capital,/'kæpɪtl/,n.,首都,p.6,单词,否,是,1062,A核心,保留在主词表,普通词,与浙江中考考频表词头直接匹配,"",9a-word-list_01-10.png
NV1981,1982,9A,Unit 1,Kenyan,kenyan,/'kenjən/,n. adj.,n. 肯尼亚人 adj. 肯尼亚的；肯尼亚人的,p.6,单词,是,否,,B认读,保留在认读区,普通词,具有明确词性，但未与浙江中考考频表词头直接匹配,"",9a-word-list_01-10.png
NV1982,1983,9A,Unit 1,benefit,benefit,/'benɪfɪt/,v. n.,v. 得益于；使受益 n. 优势；益处,p.6,单词,否,是,813,A核心,保留在主词表,普通词,与浙江中考考频表词头直接匹配,"",9a-word-list_01-10.png
NV1983,1984,9A,Unit 1,be happy with,be happy with,,,对……感到满意,p.6,多词表达,否,否,,A核心,保留在主词表,短语或固定表达,教材明确列出的短语或句型，应独立掌握,后续需结合短语考查价值再细分,9a-word-list_01-10.png
NV1984,1985,9A,Unit 1,convenient,convenient,/kən'viːniənt/,adj.,方便的,p.6,单词,否,是,5428,A核心,保留在主词表,普通词,与浙江中考考频表词头直接匹配,"",9a-word-list_01-10.png
NV1985,1986,9A,Unit 1,business,business,/'bɪznəs/,n.,生意；商业,p.6,单词,否,是,246,A核心,保留在主词表,普通词,与浙江中考考频表词头直接匹配,"",9a-word-list_01-10.png
NV1986,1987,9A,Unit 1,ease,ease,/iːz/,n.,容易；自在,p.6,单词,否,否,,B认读,保留在认读区,普通词,教材词汇，但未与浙江中考考频表词头直接匹配,需在样章阶段复核是否升级为核心,9a-word-list_01-10.png
NV1987,1988,9A,Unit 1,with ease,with ease,,,轻而易举地,p.6,多词表达,否,否,,A核心,保留在主词表,短语或固定表达,教材明确列出的短语或句型，应独立掌握,后续需结合短语考查价值再细分,9a-word-list_01-10.png
NV1988,1989,9A,Unit 1,lorry,lorry,/'lɒri/,n.,卡车,p.6,单词,否,否,,B认读,保留在认读区,普通词,教材词汇，但未与浙江中考考频表词头直接匹配,需在样章阶段复核是否升级为核心,9a-word-list_01-10.png
NV1989,1990,9A,Unit 1,manager,manager,/'mænɪdʒə(r)/,n.,经理,p.6,单词,否,是,878,A核心,保留在主词表,普通词,与浙江中考考频表词头直接匹配,"",9a-word-list_01-10.png
NV1990,1991,9A,Unit 1,conclusion,conclusion,/kən'kluːʒn/,n.,总结,p.7,单词,否,是,1672,A核心,保留在主词表,普通词,与浙江中考考频表词头直接匹配,"",9a-word-list_01-10.png
NV1991,1992,9A,Unit 1,narrow,narrow,/'nærəʊ/,adj.,狭窄的,p.8,单词,否,否,,B认读,保留在认读区,普通词,教材词汇，但未与浙江中考考频表词头直接匹配,需在样章阶段复核是否升级为核心,9a-word-list_01-10.png
NV1992,1993,9A,Unit 1,villager,villager,/'vɪlɪdʒə(r)/,n.,村民,p.8,单词,否,是,6182,A核心,保留在主词表,普通词,与浙江中考考频表词头直接匹配,"",9a-word-list_01-10.png
NV1993,1994,9A,Unit 1,the Olympics,the olympics,/ə'lɪmpɪks/,,(=the Olympic Games) 奥林匹克运动会,p.8,多词表达,是,否,,D复核,等待人工确认,赛事专名,常见赛事名称可能具有认读价值,确认是认读还是剔除,9a-word-list_01-10.png
NV1994,1995,9A,Unit 1,lead,lead,/liːd/,v. n.,"(led /led/, led) 带领；过（某种生活） n. 领先地位；主角",p.8,单词,否,否,,B认读,保留在认读区,普通词,教材词汇，但未与浙江中考考频表词头直接匹配,需在样章阶段复核是否升级为核心,9a-word-list_01-10.png
NV1995,1996,9A,Unit 1,man-made,man-made,/ˌmæn'meɪd/,adj.,人造的；非天然的,p.8,单词,否,否,,B认读,保留在认读区,普通词,教材词汇，但未与浙江中考考频表词头直接匹配,需在样章阶段复核是否升级为核心,9a-word-list_01-10.png
NV1996,1997,9A,Unit 1,miracle,miracle,/'mɪrəkl/,n.,奇迹,p.8,单词,否,否,,B认读,保留在认读区,普通词,教材词汇，但未与浙江中考考频表词头直接匹配,需在样章阶段复核是否升级为核心,9a-word-list_01-10.png
NV1997,1998,9A,Unit 1,junior,junior,/'dʒuːniə(r)/,adj.,低年级的；初级的,p.9,单词,否,是,2467,A核心,保留在主词表,普通词,与浙江中考考频表词头直接匹配,"",9a-word-list_01-10.png
NV1998,1999,9A,Unit 1,flat,flat,/flæt/,n.,公寓,p.9,单词,否,是,2585,A核心,保留在主词表,普通词,与浙江中考考频表词头直接匹配,"",9a-word-list_01-10.png
NV1999,2000,9A,Unit 1,discussion,discussion,/dɪ'skʌʃn/,n.,讨论,p.9,单词,否,是,1042,A核心,保留在主词表,普通词,与浙江中考考频表词头直接匹配,"",9a-word-list_01-10.png
NV2000,2001,9A,Unit 1,aspect,aspect,/'æspekt/,n.,方面,p.9,单词,否,否,,B认读,保留在认读区,普通词,教材词汇，但未与浙江中考考频表词头直接匹配,需在样章阶段复核是否升级为核心,9a-word-list_01-10.png
NV2001,2002,9A,Unit 1,Mombasa,mombasa,/mɔːm'bæsə/,,蒙巴萨（肯尼亚城市）,p.6,单词,是,否,,C剔除,从学生主词表剔除,具体地名,城市、景点、地理实体或历史地点专名,"",9a-word-list_01-10.png
NV2002,2003,9A,Unit 2,inspiring,inspiring,/ɪn'spaɪərɪŋ/,adj.,鼓舞人心的；激励的,p.11,单词,否,否,,B认读,保留在认读区,普通词,教材词汇，但未与浙江中考考频表词头直接匹配,需在样章阶段复核是否升级为核心,9a-word-list_01-10.png
NV2003,2004,9A,Unit 2,admire,admire,/əd'maɪə(r)/,v.,钦佩；赞赏,p.12,单词,否,是,3298,A核心,保留在主词表,普通词,与浙江中考考频表词头直接匹配,"",9a-word-list_01-10.png
NV2004,2005,9A,Unit 2,historian,historian,/hɪ'stɔːriən/,n.,历史学家,p.12,单词,否,是,2558,A核心,保留在主词表,普通词,与浙江中考考频表词头直接匹配,"",9a-word-list_01-10.png
NV2005,2006,9A,Unit 2,researcher,researcher,/rɪ'sɜːtʃə(r)/,n.,研究人员,p.12,单词,否,是,1178,A核心,保留在主词表,普通词,与浙江中考考频表词头直接匹配,"",9a-word-list_01-10.png
NV2006,2007,9A,Unit 2,chemist,chemist,/'kemɪst/,n.,化学家,p.12,单词,否,否,,B认读,保留在认读区,普通词,教材词汇，但未与浙江中考考频表词头直接匹配,需在样章阶段复核是否升级为核心,9a-word-list_01-10.png
NV2007,2008,9A,Unit 2,physicist,physicist,/'fɪzɪsɪst/,n.,物理学家,p.12,单词,否,否,,B认读,保留在认读区,普通词,教材词汇，但未与浙江中考考频表词头直接匹配,需在样章阶段复核是否升级为核心,9a-word-list_01-10.png
NV2008,2009,9A,Unit 2,hunger,hunger,/'hʌŋgə(r)/,n.,饥饿,p.12,单词,否,是,4628,A核心,保留在主词表,普通词,与浙江中考考频表词头直接匹配,"",9a-word-list_01-10.png
NV2009,2010,9A,Unit 2,chemistry,chemistry,/'kemɪstri/,n.,化学,p.12,单词,否,是,4780,A核心,保留在主词表,普通词,与浙江中考考频表词头直接匹配,"",9a-word-list_01-10.png
NV2010,2011,9A,Unit 2,drop out (of sth),drop out (of sth),,,辍学；不再参加,p.12,多词表达,否,否,,A核心,保留在主词表,短语或固定表达,教材明确列出的短语或句型，应独立掌握,后续需结合短语考查价值再细分,9a-word-list_01-10.png
NV2011,2012,9A,Unit 2,calendar,calendar,/'kælɪndə(r)/,n.,日历,p.12,单词,否,是,4733,A核心,保留在主词表,普通词,与浙江中考考频表词头直接匹配,"",9a-word-list_01-10.png
NV2012,2013,9A,Unit 2,discovery,discovery,/dɪ'skʌvəri/,n.,发现,p.12,单词,否,是,2241,A核心,保留在主词表,普通词,与浙江中考考频表词头直接匹配,"",9a-word-list_01-10.png
NV2013,2014,9A,Unit 2,century,century,/'sentʃəri/,n.,世纪,p.13,单词,否,是,605,A核心,保留在主词表,普通词,与浙江中考考频表词头直接匹配,"",9a-word-list_01-10.png
NV2014,2015,9A,Unit 2,wounded,wounded,/'wuːndɪd/,adj.,受伤的；负伤的,p.13,单词,否,否,,B认读,保留在认读区,普通词,教材词汇，但未与浙江中考考频表词头直接匹配,需在样章阶段复核是否升级为核心,9a-word-list_01-10.png
NV2015,2016,9A,Unit 2,soldier,soldier,/'səʊldʒə(r)/,n.,士兵,p.13,单词,否,是,1004,A核心,保留在主词表,普通词,与浙江中考考频表词头直接匹配,"",9a-word-list_01-10.png
NV2016,2017,9A,Unit 2,British,british,/'brɪtɪʃ/,adj. n.,adj. 英国的；英国人的 n. 英国人,p.13,单词,是,是,,A核心,保留在主词表,普通词,具有明确词性，并与浙江中考考频表词头匹配,"",9a-word-list_01-10.png
NV2017,2018,9A,Unit 2,airway,airway,/'eəweɪ/,n.,（飞机的）航线；航路,p.13,单词,否,否,,B认读,保留在认读区,普通词,教材词汇，但未与浙江中考考频表词头直接匹配,需在样章阶段复核是否升级为核心,9a-word-list_01-10.png
NV2018,2019,9A,Unit 2,nation,nation,/'neɪʃn/,n.,国家；民族,p.13,单词,否,否,,B认读,保留在认读区,普通词,教材词汇，但未与浙江中考考频表词头直接匹配,需在样章阶段复核是否升级为核心,9a-word-list_01-10.png
NV2019,2020,9A,Unit 2,spread,spread,/spred/,n. v.,"n. 传播；散布 v. (spread, spread) 传播；散布",p.13,单词,否,是,1375,A核心,保留在主词表,普通词,与浙江中考考频表词头直接匹配,"",9a-word-list_01-10.png
NV2020,2021,9A,Unit 2,disease,disease,/dɪ'ziːz/,n.,疾病,p.13,单词,否,是,775,A核心,保留在主词表,普通词,与浙江中考考频表词头直接匹配,"",9a-word-list_01-10.png
NV2021,2022,9A,Unit 2,pioneer,pioneer,/ˌpaɪə'nɪə(r)/,n.,先驱；先锋,p.13,单词,否,是,4513,A核心,保留在主词表,普通词,与浙江中考考频表词头直接匹配,"",9a-word-list_01-10.png
NV2022,2023,9A,Unit 2,admirable,admirable,/'ædmərəbl/,adj.,令人钦佩的,p.13,单词,否,否,,B认读,保留在认读区,普通词,教材词汇，但未与浙江中考考频表词头直接匹配,需在样章阶段复核是否升级为核心,9a-word-list_01-10.png
NV2023,2024,9A,Unit 2,pyramid,pyramid,/'pɪrəmɪd/,n.,金字塔,p.14,单词,否,否,,B认读,保留在认读区,普通词,教材词汇，但未与浙江中考考频表词头直接匹配,需在样章阶段复核是否升级为核心,9a-word-list_01-10.png
NV2024,2025,9A,Unit 2,balance,balance,/'bæləns/,n. v.,n. 平衡 v. 保持平衡,p.14,单词,否,是,1636,A核心,保留在主词表,普通词,与浙江中考考频表词头直接匹配,"",9a-word-list_01-10.png
NV2025,2026,9A,Unit 2,courage,courage,/'kʌrɪdʒ/,n.,勇气；勇敢,p.14,单词,否,是,3346,A核心,保留在主词表,普通词,与浙江中考考频表词头直接匹配,"",9a-word-list_01-10.png
NV2026,2027,9A,Unit 2,wisdom,wisdom,/'wɪzdəm/,n.,智慧；学问,p.14,单词,否,否,,B认读,保留在认读区,普通词,教材词汇，但未与浙江中考考频表词头直接匹配,需在样章阶段复核是否升级为核心,9a-word-list_01-10.png
NV2027,2028,9A,Unit 2,look up to sb,look up to sb,,,钦佩；仰慕,p.14,多词表达,否,否,,A核心,保留在主词表,短语或固定表达,教材明确列出的短语或句型，应独立掌握,后续需结合短语考查价值再细分,9a-word-list_01-10.png
NV2028,2029,9A,Unit 2,inspiration,inspiration,/ˌɪnspə'reɪʃn/,n.,鼓舞人心的人（或事物）,p.14,单词,否,是,4090,A核心,保留在主词表,普通词,与浙江中考考频表词头直接匹配,"",9a-word-list_01-10.png
NV2029,2030,9A,Unit 2,brave,brave,/breɪv/,adj. v.,adj. 勇敢的；无畏的 v. 勇敢面对；经受（困难）,p.14,单词,否,是,4901,A核心,保留在主词表,普通词,与浙江中考考频表词头直接匹配,"",9a-word-list_01-10.png
NV2030,2031,9A,Unit 2,necessary,necessary,/'nesəsəri/,adj.,必要的；必需的,p.15,单词,否,是,983,A核心,保留在主词表,普通词,与浙江中考考频表词头直接匹配,"",9a-word-list_01-10.png
NV2031,2032,9A,Unit 2,seed,seed,/siːd/,n.,种子,p.15,单词,否,是,1929,A核心,保留在主词表,普通词,与浙江中考考频表词头直接匹配,"",9a-word-list_01-10.png
NV2032,2033,9A,Unit 2,childhood,childhood,/'tʃaɪldhʊd/,n.,童年,p.15,单词,否,是,2119,A核心,保留在主词表,普通词,与浙江中考考频表词头直接匹配,"",9a-word-list_01-10.png
NV2033,2034,9A,Unit 2,come true,come true,,,实现；成为现实,p.15,多词表达,否,否,,A核心,保留在主词表,短语或固定表达,教材明确列出的短语或句型，应独立掌握,后续需结合短语考查价值再细分,9a-word-list_01-10.png
NV2034,2035,9A,Unit 2,dynasty,dynasty,/'dɪməsti; 'daɪməsti/,n.,朝代；王朝,p.15,单词,否,是,10811,A核心,保留在主词表,普通词,与浙江中考考频表词头直接匹配,"",9a-word-list_01-10.png
NV2035,2036,9A,Unit 2,western,western,/'westən/,adj.,西方的；西部的,p.15,单词,否,是,1080,A核心,保留在主词表,普通词,与浙江中考考频表词头直接匹配,"",9a-word-list_01-10.png
NV2036,2037,9A,Unit 2,scientific,scientific,/ˌsaɪən'tɪfɪk/,adj.,科学（上）的,p.16,单词,否,是,1610,A核心,保留在主词表,普通词,与浙江中考考频表词头直接匹配,"",9a-word-list_01-10.png
NV2037,2038,9A,Unit 2,biologist,biologist,/baɪ'ɒlədʒɪst/,n.,生物学家,p.16,单词,否,否,,B认读,保留在认读区,普通词,教材词汇，但未与浙江中考考频表词头直接匹配,需在样章阶段复核是否升级为核心,9a-word-list_01-10.png
NV2038,2039,9A,Unit 2,whole,whole,/həʊl/,adj.,所有的；完全的,p.16,单词,否,是,467,A核心,保留在主词表,普通词,与浙江中考考频表词头直接匹配,"",9a-word-list_01-10.png
NV2039,2040,9A,Unit 2,bank,bank,/bæŋk/,n.,银行,p.16,单词,否,否,,B认读,保留在认读区,普通词,教材词汇，但未与浙江中考考频表词头直接匹配,需在样章阶段复核是否升级为核心,9a-word-list_01-10.png
NV2040,2041,9A,Unit 2,forever,forever,/fər'evə(r)/,adv.,永远,p.16,单词,否,是,2093,A核心,保留在主词表,普通词,与浙江中考考频表词头直接匹配,"",9a-word-list_01-10.png
NV2041,2042,9A,Unit 2,radio,radio,/'reɪdiəʊ/,n.,无线电；收音机,p.16,单词,否,是,905,A核心,保留在主词表,普通词,与浙江中考考频表词头直接匹配,"",9a-word-list_01-10.png
NV2042,2043,9A,Unit 2,leave behind,leave behind,,,留下；遗留,p.16,多词表达,否,否,,A核心,保留在主词表,短语或固定表达,教材明确列出的短语或句型，应独立掌握,后续需结合短语考查价值再细分,9a-word-list_01-10.png
NV2043,2044,9A,Unit 2,collection,collection,/kə'lekʃn/,n.,收集物；收藏品,p.16,单词,否,是,1046,A核心,保留在主词表,普通词,与浙江中考考频表词头直接匹配,"",9a-word-list_01-10.png
NV2044,2045,9A,Unit 2,live on,live on,,,继续存在；继续活着,p.16,多词表达,否,否,,A核心,保留在主词表,短语或固定表达,教材明确列出的短语或句型，应独立掌握,后续需结合短语考查价值再细分,9a-word-list_01-10.png
NV2045,2046,9A,Unit 2,exploration,exploration,/ˌeksplə'reɪʃn/,n.,探索,p.16,单词,否,否,,B认读,保留在认读区,普通词,教材词汇，但未与浙江中考考频表词头直接匹配,需在样章阶段复核是否升级为核心,9a-word-list_01-10.png
NV2046,2047,9A,Unit 2,universe,universe,/'juːnɪvɜːs/,n.,宇宙,p.18,单词,否,是,2132,A核心,保留在主词表,普通词,与浙江中考考频表词头直接匹配,"",9a-word-list_01-10.png
NV2047,2048,9A,Unit 2,socialism,socialism,/'səʊʃəlɪzəm/,n.,社会主义,p.18,单词,否,否,,B认读,保留在认读区,普通词,教材词汇，但未与浙江中考考频表词头直接匹配,需在样章阶段复核是否升级为核心,9a-word-list_01-10.png
NV2048,2049,9A,Unit 2,hole,hole,/həʊl/,n.,洞；孔,p.18,单词,否,是,1215,A核心,保留在主词表,普通词,与浙江中考考频表词头直接匹配,"",9a-word-list_01-10.png
NV2049,2050,9A,Unit 2,daughter,daughter,/'dɔːtə(r)/,n.,女儿,p.18,单词,否,否,,B认读,保留在认读区,普通词,教材词汇，但未与浙江中考考频表词头直接匹配,需在样章阶段复核是否升级为核心,9a-word-list_01-10.png
NV2050,2051,9A,Unit 2,herself,herself,/hɜː'self; hə'self/,pron.,她自己；她本人,p.18,单词,否,否,,B认读,保留在认读区,普通词,教材词汇，但未与浙江中考考频表词头直接匹配,需在样章阶段复核是否升级为核心,9a-word-list_01-10.png
NV2051,2052,9A,Unit 2,flight,flight,/flaɪt/,n.,飞行；航班,p.18,单词,否,是,1299,A核心,保留在主词表,普通词,与浙江中考考频表词头直接匹配,"",9a-word-list_01-10.png
NV2052,2053,9A,Unit 2,woodwork,woodwork,/'wʊdwɜːk/,n.,木工手艺,p.19,单词,否,否,,B认读,保留在认读区,普通词,教材词汇，但未与浙江中考考频表词头直接匹配,需在样章阶段复核是否升级为核心,9a-word-list_01-10.png
NV2053,2054,9A,Unit 2,inventor,inventor,/ɪn'ventə(r)/,n.,发明家,p.19,单词,否,是,8339,A核心,保留在主词表,普通词,与浙江中考考频表词头直接匹配,"",9a-word-list_01-10.png
NV2054,2055,9A,Unit 2,above all,above all,,,最重要的是；尤其是,p.19,多词表达,否,否,,A核心,保留在主词表,短语或固定表达,教材明确列出的短语或句型，应独立掌握,后续需结合短语考查价值再细分,9a-word-list_01-10.png
NV2055,2056,9A,Unit 2,thinker,thinker,/'θɪŋkə(r)/,n.,思想家,p.19,单词,否,是,6494,A核心,保留在主词表,普通词,与浙江中考考频表词头直接匹配,"",9a-word-list_01-10.png
NV2056,2057,9A,Unit 2,period,period,/'pɪəriəd/,n.,时期；一段时间,p.19,单词,否,是,617,A核心,保留在主词表,普通词,与浙江中考考频表词头直接匹配,"",9a-word-list_01-10.png
NV2057,2058,9A,Unit 2,kingdom,kingdom,/'kɪŋdəm/,n.,王国,p.19,单词,否,是,4528,A核心,保留在主词表,普通词,与浙江中考考频表词头直接匹配,"",9a-word-list_01-10.png
NV2058,2059,9A,Unit 2,kindness,kindness,/'kaɪndnəs/,n.,善良,p.19,单词,否,是,7816,A核心,保留在主词表,普通词,与浙江中考考频表词头直接匹配,"",9a-word-list_01-10.png
NV2059,2060,9A,Unit 2,whether,whether,/'weðə(r)/,conj.,是否,p.19,单词,否,是,321,A核心,保留在主词表,普通词,与浙江中考考频表词头直接匹配,"",9a-word-list_01-10.png
NV2060,2061,9A,Unit 2,mankind,mankind,/mæn'kaɪnd/,n.,人类,p.19,单词,否,否,,B认读,保留在认读区,普通词,教材词汇，但未与浙江中考考频表词头直接匹配,需在样章阶段复核是否升级为核心,9a-word-list_01-10.png
NV2061,2062,9A,Unit 2,Michael Faraday,michael faraday,/'maɪkl/ /'færədeɪ/,,迈克尔·法拉第,p.12,多词表达,是,否,,C剔除,从学生主词表剔除,人名,人物名、姓氏或虚构人物名,"",9a-word-list_01-10.png
NV2062,2063,9A,Unit 2,Marie Curie,marie curie,/'kjʊəri/,,玛丽·居里,p.12,多词表达,是,否,,C剔除,从学生主词表剔除,人名,人物名、姓氏或虚构人物名,"",9a-word-list_01-10.png
NV2063,2064,9A,Unit 2,Nobel Prize,nobel prize,/nəʊ'bel/,,诺贝尔奖,p.12,多词表达,是,否,,B认读,保留在认读区,缩写或背景概念,有课文理解价值，但不建议作为重点默写词,"",9a-word-list_01-10.png
NV2064,2065,9A,Unit 2,Isaac Newton,isaac newton,/'aɪzək/ /'njuːtn/,,艾萨克·牛顿,p.13,多词表达,是,否,,C剔除,从学生主词表剔除,人名,人物名、姓氏或虚构人物名,"",9a-word-list_01-10.png
NV2065,2066,9A,Unit 2,Isambard Brunel,isambard brunel,/'ɪzmbɑːd/ /bruː'nel/,,伊桑巴德·布鲁内尔,p.13,多词表达,是,否,,C剔除,从学生主词表剔除,人名,人物名、姓氏或虚构人物名,"",9a-word-list_01-10.png
NV2066,2067,9A,Unit 2,Alan Turing,alan turing,/'ælən/ /'tjʊərɪŋ/,,阿兰·图灵,p.13,多词表达,是,否,,C剔除,从学生主词表剔除,人名,人物名、姓氏或虚构人物名,"",9a-word-list_01-10.png
NV2067,2068,9A,Unit 2,I.M. Pei,i.m. pei,/peɪ/,,贝聿铭,p.14,多词表达,是,否,,C剔除,从学生主词表剔除,人名,人物名、姓氏或虚构人物名,"",9a-word-list_01-10.png
NV2068,2069,9A,Unit 2,Louvre Museum,louvre museum,/'luːvrə/,,卢浮宫博物馆,p.14,多词表达,是,否,,C剔除,从学生主词表剔除,具体地名,城市、景点、地理实体或历史地点专名,"",9a-word-list_01-10.png
NV2069,2070,9A,Unit 2,Confucius,confucius,/kən'fjuːʃəs/,,孔子,p.15,单词,是,否,,C剔除,从学生主词表剔除,人名,人物名、姓氏或虚构人物名,"",9a-word-list_01-10.png
NV2070,2071,9A,Unit 2,Victor Hugo,victor hugo,/'vɪktə(r)/ /'hjuːgəʊ/,,维克多·雨果,p.15,多词表达,是,否,,C剔除,从学生主词表剔除,人名,人物名、姓氏或虚构人物名,"",9a-word-list_01-10.png
NV2071,2072,9A,Unit 2,Western Regions,western regions,/'riːdʒənz/,,西域,p.15,多词表达,是,否,,C剔除,从学生主词表剔除,具体地名,城市、景点、地理实体或历史地点专名,"",9a-word-list_01-10.png
NV2072,2073,9A,Unit 2,the Silk Road,the silk road,,,丝绸之路,p.15,多词表达,是,否,,C剔除,从学生主词表剔除,具体地名,城市、景点、地理实体或历史地点专名,"",9a-word-list_01-10.png
NV2073,2074,9A,Unit 2,Irène,irène,/aɪ'riːn/,,艾琳,p.18,单词,是,否,,C剔除,从学生主词表剔除,人名,人物名、姓氏或虚构人物名,"",9a-word-list_01-10.png
NV2074,2075,9A,Unit 2,Amelia Earhart,amelia earhart,/ə'miːljə/ /'eəhɑːt/,,阿梅莉亚·埃尔哈特,p.18,多词表达,是,否,,C剔除,从学生主词表剔除,人名,人物名、姓氏或虚构人物名,"",9a-word-list_01-10.png
NV2075,2076,9A,Unit 2,Atlantic Ocean,atlantic ocean,/ət'læntɪk/,,大西洋,p.18,多词表达,是,否,,C剔除,从学生主词表剔除,具体地名,城市、景点、地理实体或历史地点专名,"",9a-word-list_01-10.png
NV2076,2077,9A,Unit 2,BCE,bce,/ˌbiː siː 'iː/,,(before the Common Era /'ɪərə/) 公元前,p.19,单词,是,否,,B认读,保留在认读区,缩写或背景概念,有课文理解价值，但不建议作为重点默写词,"",9a-word-list_01-10.png
NV2077,2078,9A,Unit 2,the Warring States Period,the warring states period,,,战国时期,p.19,多词表达,是,否,,C剔除,从学生主词表剔除,具体地名,城市、景点、地理实体或历史地点专名,"",9a-word-list_01-10.png
NV2078,2079,9A,Unit 3,learner,learner,/'lɜːnə(r)/,n.,学习者,p.21,单词,否,是,5130,A核心,保留在主词表,普通词,与浙江中考考频表词头直接匹配,"",9a-word-list_01-10.png
NV2079,2080,9A,Unit 3,flashcard,flashcard,/'flæʃkɑːd/,n.,（用于学习的）卡片；抽认卡,p.22,单词,否,否,,B认读,保留在认读区,普通词,教材词汇，但未与浙江中考考频表词头直接匹配,需在样章阶段复核是否升级为核心,9a-word-list_01-10.png
NV2080,2081,9A,Unit 3,project,project,/'prɒdʒekt/,n.,计划；项目,p.22,单词,否,是,534,A核心,保留在主词表,普通词,与浙江中考考频表词头直接匹配,"",9a-word-list_01-10.png
NV2081,2082,9A,Unit 3,website,website,/'websaɪt/,n.,网站,p.22,单词,否,是,4998,A核心,保留在主词表,普通词,与浙江中考考频表词头直接匹配,"",9a-word-list_01-10.png
NV2082,2083,9A,Unit 3,hands-on,hands-on,/ˌhændz'ɒn/,adj.,动手的；实际操作的,p.22,单词,否,否,,B认读,保留在认读区,普通词,教材词汇，但未与浙江中考考频表词头直接匹配,需在样章阶段复核是否升级为核心,9a-word-list_01-10.png
NV2083,2084,9A,Unit 3,experiment,experiment,/ɪk'sperɪmənt/,n.,实验；试验,p.22,单词,否,是,2000,A核心,保留在主词表,普通词,与浙江中考考频表词头直接匹配,"",9a-word-list_01-10.png
NV2084,2085,9A,Unit 3,look up,look up,,,查阅；检查,p.23,多词表达,否,否,,A核心,保留在主词表,短语或固定表达,教材明确列出的短语或句型，应独立掌握,后续需结合短语考查价值再细分,9a-word-list_01-10.png
NV2085,2086,9A,Unit 3,dictionary,dictionary,/'dɪkʃənri/,n.,词典；字典,p.23,单词,否,是,8650,A核心,保留在主词表,普通词,与浙江中考考频表词头直接匹配,"",9a-word-list_01-10.png
NV2086,2087,9A,Unit 3,aloud,aloud,/ə'laʊd/,adv.,出声地；大声地,p.23,单词,否,是,5765,A核心,保留在主词表,普通词,与浙江中考考频表词头直接匹配,"",9a-word-list_01-10.png
NV2087,2088,9A,Unit 3,dialogue,dialogue,/'daɪəlɒg/,n.,(=dialog) 对话；对白,p.23,单词,否,是,2811,A核心,保留在主词表,普通词,与浙江中考考频表词头直接匹配,"",9a-word-list_01-10.png
NV2088,2089,9A,Unit 3,suit,suit,/suːt/,v. n.,v. 适合；有利于 n. 套装,p.23,单词,否,是,1415,A核心,保留在主词表,普通词,与浙江中考考频表词头直接匹配,"",9a-word-list_01-10.png
NV2089,2090,9A,Unit 3,general,general,/'dʒenrəl/,adj.,总的；大体的,p.23,单词,否,是,804,A核心,保留在主词表,普通词,与浙江中考考频表词头直接匹配,"",9a-word-list_01-10.png
NV2090,2091,9A,Unit 3,in general,in general,,,总的来说；通常,p.23,多词表达,否,否,,A核心,保留在主词表,短语或固定表达,教材明确列出的短语或句型，应独立掌握,后续需结合短语考查价值再细分,9a-word-list_01-10.png
NV2091,2092,9A,Unit 3,speed,speed,/spiːd/,n. v.,n. 速度 v. (sped; sped/speeded; speeded) 加速；促进,p.23,单词,否,是,1394,A核心,保留在主词表,普通词,与浙江中考考频表词头直接匹配,"",9a-word-list_01-10.png
NV2092,2093,9A,Unit 3,grammar,grammar,/'græmə(r)/,n.,语法,p.23,单词,否,是,8522,A核心,保留在主词表,普通词,与浙江中考考频表词头直接匹配,"",9a-word-list_01-10.png
NV2093,2094,9A,Unit 3,podcast,podcast,/'pɒdkɑːst/,n.,播客,p.24,单词,否,否,,B认读,保留在认读区,普通词,教材词汇，但未与浙江中考考频表词头直接匹配,需在样章阶段复核是否升级为核心,9a-word-list_01-10.png
NV2094,2095,9A,Unit 3,zero,zero,/'zɪərəʊ/,num.,零；最低程度,p.24,单词,否,是,4934,A核心,保留在主词表,普通词,与浙江中考考频表词头直接匹配,"",9a-word-list_01-10.png
NV2095,2096,9A,Unit 3,come across,come across,,,（偶然）遇见；发现,p.24,多词表达,否,否,,A核心,保留在主词表,短语或固定表达,教材明确列出的短语或句型，应独立掌握,后续需结合短语考查价值再细分,9a-word-list_01-10.png
NV2096,2097,9A,Unit 3,step by step,step by step,,,逐步地；循序渐进地,p.24,多词表达,否,否,,A核心,保留在主词表,短语或固定表达,教材明确列出的短语或句型，应独立掌握,后续需结合短语考查价值再细分,9a-word-list_01-10.png
NV2097,2098,9A,Unit 3,build up,build up,,,增加；加强；创建,p.24,多词表达,否,否,,A核心,保留在主词表,短语或固定表达,教材明确列出的短语或句型，应独立掌握,后续需结合短语考查价值再细分,9a-word-list_01-10.png
NV2098,2099,9A,Unit 3,actively,actively,/'æktɪvli/,adv.,积极地,p.24,单词,否,是,4345,A核心,保留在主词表,普通词,与浙江中考考频表词头直接匹配,"",9a-word-list_01-10.png
NV2099,2100,9A,Unit 3,enjoyable,enjoyable,/ɪn'dʒɔɪəbl/,adj.,有趣的；使人快乐的,p.24,单词,否,是,9207,A核心,保留在主词表,普通词,与浙江中考考频表词头直接匹配,"",9a-word-list_01-10.png
NV2100,2101,9A,Unit 3,strategy,strategy,/'strætədʒi/,n.,策略,p.24,单词,否,否,,B认读,保留在认读区,普通词,教材词汇，但未与浙江中考考频表词头直接匹配,需在样章阶段复核是否升级为核心,9a-word-list_01-10.png
NV2101,2102,9A,Unit 3,put off,put off,,,推迟；拖延,p.24,多词表达,否,否,,A核心,保留在主词表,短语或固定表达,教材明确列出的短语或句型，应独立掌握,后续需结合短语考查价值再细分,9a-word-list_01-10.png
NV2102,2103,9A,Unit 3,correct,correct,/kə'rekt/,adj.,正确的；恰当的,p.25,单词,否,是,1804,A核心,保留在主词表,普通词,与浙江中考考频表词头直接匹配,"",9a-word-list_01-10.png
NV2103,2104,9A,Unit 3,suggest,suggest,/sə'dʒest/,v.,建议；提议,p.25,单词,否,是,430,A核心,保留在主词表,普通词,与浙江中考考频表词头直接匹配,"",9a-word-list_01-10.png
NV2104,2105,9A,Unit 3,method,method,/'meθəd/,n.,方法,p.25,单词,否,是,999,A核心,保留在主词表,普通词,与浙江中考考频表词头直接匹配,"",9a-word-list_01-10.png
NV2105,2106,9A,Unit 3,summarize,summarize,/'sʌməraɪz/,v.,(=summarise) 总结；概括,p.25,单词,否,否,,B认读,保留在认读区,普通词,教材词汇，但未与浙江中考考频表词头直接匹配,需在样章阶段复核是否升级为核心,9a-word-list_01-10.png
NV2106,2107,9A,Unit 3,growth,growth,/grəʊθ/,n.,成长；增加,p.26,单词,否,是,787,A核心,保留在主词表,普通词,与浙江中考考频表词头直接匹配,"",9a-word-list_01-10.png
NV2107,2108,9A,Unit 3,mindset,mindset,/'maɪndset/,n.,观念模式,p.26,单词,否,否,,B认读,保留在认读区,普通词,教材词汇，但未与浙江中考考频表词头直接匹配,需在样章阶段复核是否升级为核心,9a-word-list_01-10.png
NV2108,2109,9A,Unit 3,material,material,/mə'tɪəriəl/,n.,材料,p.26,单词,否,是,641,A核心,保留在主词表,普通词,与浙江中考考频表词头直接匹配,"",9a-word-list_01-10.png
NV2109,2110,9A,Unit 3,in part,in part,,,在某种程度上；部分地,p.26,多词表达,否,否,,A核心,保留在主词表,短语或固定表达,教材明确列出的短语或句型，应独立掌握,后续需结合短语考查价值再细分,9a-word-list_01-10.png
NV2110,2111,9A,Unit 3,guidance,guidance,/'gaɪdns/,n.,指导,p.26,单词,否,否,,B认读,保留在认读区,普通词,教材词汇，但未与浙江中考考频表词头直接匹配,需在样章阶段复核是否升级为核心,9a-word-list_01-10.png
NV2111,2112,9A,Unit 3,feedback,feedback,/'fiːdbæk/,n.,反馈的意见,p.26,单词,否,是,3918,A核心,保留在主词表,普通词,与浙江中考考频表词头直接匹配,"",9a-word-list_01-10.png
NV2112,2113,9A,Unit 3,addition,addition,/ə'dɪʃn/,n.,添加；加法,p.26,单词,否,是,2059,A核心,保留在主词表,普通词,与浙江中考考频表词头直接匹配,"",9a-word-list_01-10.png
NV2113,2114,9A,Unit 3,in addition,in addition,,,另外；此外,p.26,多词表达,否,否,,A核心,保留在主词表,短语或固定表达,教材明确列出的短语或句型，应独立掌握,后续需结合短语考查价值再细分,9a-word-list_01-10.png
NV2114,2115,9A,Unit 3,resource,resource,/rɪ'sɔːs/,n.,资源；资料,p.26,单词,否,是,769,A核心,保留在主词表,普通词,与浙江中考考频表词头直接匹配,"",9a-word-list_01-10.png
NV2115,2116,9A,Unit 3,textbook,textbook,/'tekstbʊk/,n.,教科书；课本,p.26,单词,否,是,4514,A核心,保留在主词表,普通词,与浙江中考考频表词头直接匹配,"",9a-word-list_01-10.png
NV2116,2117,9A,Unit 3,advantage,advantage,/əd'vɑːntɪdʒ/,n.,优势；优点,p.27,单词,否,是,1305,A核心,保留在主词表,普通词,与浙江中考考频表词头直接匹配,"",9a-word-list_01-10.png
NV2117,2118,9A,Unit 3,take advantage of,take advantage of,,,利用,p.27,多词表达,否,否,,A核心,保留在主词表,短语或固定表达,教材明确列出的短语或句型，应独立掌握,后续需结合短语考查价值再细分,9a-word-list_01-10.png
NV2118,2119,9A,Unit 3,efficiently,efficiently,/ɪ'fɪʃntli/,adv.,效率高地,p.27,单词,否,否,,B认读,保留在认读区,普通词,教材词汇，但未与浙江中考考频表词头直接匹配,需在样章阶段复核是否升级为核心,9a-word-list_01-10.png
NV2119,2120,9A,Unit 3,valley,valley,/'væli/,n.,山谷；溪谷,p.27,单词,否,是,3176,A核心,保留在主词表,普通词,与浙江中考考频表词头直接匹配,"",9a-word-list_01-10.png
NV2120,2121,9A,Unit 3,pronunciation,pronunciation,/prəˌnʌnsi'eɪʃn/,n.,发音；读音,p.28,单词,否,是,15985,A核心,保留在主词表,普通词,与浙江中考考频表词头直接匹配,"",9a-word-list_01-10.png
NV2121,2122,9A,Unit 3,click,click,/klɪk/,v.,（用鼠标或在触摸板上）点击；（使）发出咔嗒声,p.28,单词,否,是,3824,A核心,保留在主词表,普通词,与浙江中考考频表词头直接匹配,"",9a-word-list_01-10.png
NV2122,2123,9A,Unit 3,magazine,magazine,/ˌmægə'ziːn/,n.,杂志；期刊,p.29,单词,否,是,1002,A核心,保留在主词表,普通词,与浙江中考考频表词头直接匹配,"",9a-word-list_01-10.png
NV2123,2124,9A,Unit 3,open up,open up,,,打开；开放,p.29,多词表达,否,否,,A核心,保留在主词表,短语或固定表达,教材明确列出的短语或句型，应独立掌握,后续需结合短语考查价值再细分,9a-word-list_01-10.png
NV2124,2125,9A,Unit 3,shelf,shelf,/ʃelf/,n.,(pl. shelves) （墙壁、书橱等的）架子；搁板,p.29,单词,否,是,2965,A核心,保留在主词表,普通词,与浙江中考考频表词头直接匹配,"",9a-word-list_01-10.png
NV2125,2126,9A,Unit 3,Frank,frank,/fræŋk/,,弗兰克,p.24,单词,是,否,,C剔除,从学生主词表剔除,人名,人物名、姓氏或虚构人物名,"",9a-word-list_01-10.png
NV2126,2127,9A,Unit 3,HSK,hsk,,,汉语水平考试,p.24,单词,是,否,,B认读,保留在认读区,缩写或背景概念,有课文理解价值，但不建议作为重点默写词,"",9a-word-list_01-10.png
NV2127,2128,9A,Unit 3,Cathy,cathy,/'kæθiː/,,凯茜,p.24,单词,是,否,,C剔除,从学生主词表剔除,人名,人物名、姓氏或虚构人物名,"",9a-word-list_01-10.png
NV2128,2129,9A,Unit 3,Terry,terry,/'teri/,,特里；特丽,p.25,单词,是,否,,C剔除,从学生主词表剔除,人名,人物名、姓氏或虚构人物名,"",9a-word-list_01-10.png
NV2129,2130,9A,Unit 3,schoolwork,schoolwork,/'skuːlwɜːk/,n.,学校作业,p.29,单词,否,是,17697,A核心,保留在主词表,普通词,与浙江中考考频表词头直接匹配,"",9a-word-list_01-10.png
NV2130,2131,9A,Unit 3,print,print,/prɪnt/,n. v.,n. 印刷品 v. 打印,p.29,单词,否,是,2221,A核心,保留在主词表,普通词,与浙江中考考频表词头直接匹配,"",9a-word-list_01-10.png
NV2131,2132,9A,Unit 3,newspaper,newspaper,/'njuːzpeɪpə(r)/,n.,报纸,p.29,单词,否,是,1065,A核心,保留在主词表,普通词,与浙江中考考频表词头直接匹配,"",9a-word-list_01-10.png
NV2132,2133,9A,Unit 3,e-book,e-book,/'iːbʊk/,n.,电子书,p.29,单词,否,否,,B认读,保留在认读区,普通词,教材词汇，但未与浙江中考考频表词头直接匹配,需在样章阶段复核是否升级为核心,9a-word-list_01-10.png
NV2133,2134,9A,Unit 3,recent,recent,/'riːsnt/,adj.,最近的；最新的,p.29,单词,否,是,567,A核心,保留在主词表,普通词,与浙江中考考频表词头直接匹配,"",9a-word-list_01-10.png
NV2134,2135,9A,Unit 4,position,position,/pə'zɪʃn/,n. v.,n. 位置；地方 v. 安置；使处于,p.32,单词,否,是,512,A核心,保留在主词表,普通词,与浙江中考考频表词头直接匹配,"",9a-word-list_01-10.png
NV2135,2136,9A,Unit 4,sadness,sadness,/'sædnəs/,n.,悲伤,p.32,单词,否,是,5569,A核心,保留在主词表,普通词,与浙江中考考频表词头直接匹配,"",9a-word-list_01-10.png
NV2136,2137,9A,Unit 4,run out (of sth),run out (of sth),,,用完；耗尽,p.32,多词表达,否,否,,A核心,保留在主词表,短语或固定表达,教材明确列出的短语或句型，应独立掌握,后续需结合短语考查价值再细分,9a-word-list_01-10.png
NV2137,2138,9A,Unit 4,react,react,/ri'ækt/,v.,作出反应；回应,p.32,单词,否,否,,B认读,保留在认读区,普通词,教材词汇，但未与浙江中考考频表词头直接匹配,需在样章阶段复核是否升级为核心,9a-word-list_01-10.png
NV2138,2139,9A,Unit 4,mix up,mix up,,,混淆；弄乱,p.33,多词表达,否,否,,A核心,保留在主词表,短语或固定表达,教材明确列出的短语或句型，应独立掌握,后续需结合短语考查价值再细分,9a-word-list_01-10.png
NV2139,2140,9A,Unit 4,put sth to good use,put sth to good use,,,有效使用（或利用）某物,p.33,多词表达,否,否,,A核心,保留在主词表,短语或固定表达,教材明确列出的短语或句型，应独立掌握,后续需结合短语考查价值再细分,9a-word-list_01-10.png
NV2140,2141,9A,Unit 4,chain,chain,/tʃeɪn/,n.,链条,p.33,单词,否,是,1815,A核心,保留在主词表,普通词,与浙江中考考频表词头直接匹配,"",9a-word-list_01-10.png
NV2141,2142,9A,Unit 4,stable,stable,/'steɪbl/,adj.,稳定的；稳固的,p.33,单词,否,否,,B认读,保留在认读区,普通词,教材词汇，但未与浙江中考考频表词头直接匹配,需在样章阶段复核是否升级为核心,9a-word-list_01-10.png
NV2142,2143,9A,Unit 4,lecture,lecture,/'lektʃə(r)/,n.,讲座；讲课,p.33,单词,否,是,3550,A核心,保留在主词表,普通词,与浙江中考考频表词头直接匹配,"",9a-word-list_01-10.png
NV2143,2144,9A,Unit 4,retell,retell,/ˌriː'tel/,v.,复述,p.33,单词,否,是,20687,A核心,保留在主词表,普通词,与浙江中考考频表词头直接匹配,"",9a-word-list_01-10.png
NV2144,2145,9A,Unit 4,memorize,memorize,/'meməraɪz/,v.,(=memorise) 记住；记忆,p.33,单词,否,是,8429,A核心,保留在主词表,普通词,与浙江中考考频表词头直接匹配,"",9a-word-list_01-10.png
NV2145,2146,9A,Unit 4,tick,tick,/tɪk/,v. n.,v. 给……打钩 n. 对号；钩号,p.33,单词,否,否,,B认读,保留在认读区,普通词,教材词汇，但未与浙江中考考频表词头直接匹配,需在样章阶段复核是否升级为核心,9a-word-list_01-10.png
NV2146,2147,9A,Unit 4,grandson,grandson,/'grænsʌn/,n.,孙子；外孙,p.34,单词,否,否,,B认读,保留在认读区,普通词,教材词汇，但未与浙江中考考频表词头直接匹配,需在样章阶段复核是否升级为核心,9a-word-list_01-10.png
NV2147,2148,9A,Unit 4,go through,go through,,,经历；仔细察看,p.34,多词表达,否,否,,A核心,保留在主词表,短语或固定表达,教材明确列出的短语或句型，应独立掌握,后续需结合短语考查价值再细分,9a-word-list_01-10.png
NV2148,2149,9A,Unit 4,happen to,happen to,,,发生于；使遭遇,p.34,多词表达,否,否,,A核心,保留在主词表,短语或固定表达,教材明确列出的短语或句型，应独立掌握,后续需结合短语考查价值再细分,9a-word-list_01-10.png
NV2149,2150,9A,Unit 4,keep (...) in mind,keep (...) in mind,,,记在心中；记住,p.34,多词表达,否,否,,A核心,保留在主词表,短语或固定表达,教材明确列出的短语或句型，应独立掌握,后续需结合短语考查价值再细分,9a-word-list_01-10.png
NV2150,2151,9A,Unit 4,case,case,/keɪs/,n.,情况；事实,p.34,单词,否,否,,B认读,保留在认读区,普通词,教材词汇，但未与浙江中考考频表词头直接匹配,需在样章阶段复核是否升级为核心,9a-word-list_01-10.png
NV2151,2152,9A,Unit 4,in sb's case,in sb's case,,,就某人的情况而言,p.34,多词表达,否,否,,A核心,保留在主词表,短语或固定表达,教材明确列出的短语或句型，应独立掌握,后续需结合短语考查价值再细分,9a-word-list_01-10.png
NV2152,2153,9A,Unit 4,opera,opera,/'ɒprə/,n.,歌剧；歌剧团,p.35,单词,否,是,3881,A核心,保留在主词表,普通词,与浙江中考考频表词头直接匹配,"",9a-word-list_01-10.png
NV2153,2154,9A,Unit 4,ticket,ticket,/'tɪkɪt/,n.,入场券；票,p.35,单词,否,是,1581,A核心,保留在主词表,普通词,与浙江中考考频表词头直接匹配,"",9a-word-list_01-10.png
NV2154,2155,9A,Unit 4,wallet,wallet,/'wɒlɪt/,n.,钱包,p.35,单词,否,是,5652,A核心,保留在主词表,普通词,与浙江中考考频表词头直接匹配,"",9a-word-list_01-10.png
NV2155,2156,9A,Unit 4,picnic,picnic,/'pɪknɪk/,n.,野餐,p.35,单词,否,是,5686,A核心,保留在主词表,普通词,与浙江中考考频表词头直接匹配,"",9a-word-list_01-10.png
NV2156,2157,9A,Unit 4,pardon,pardon,/'pɑːdn/,v. interj.,v. 原谅 interj. 请再说一遍；抱歉,p.35,单词,否,是,7969,A核心,保留在主词表,普通词,与浙江中考考频表词头直接匹配,"",9a-word-list_01-10.png
NV2157,2158,9A,Unit 4,airport,airport,/'eəpɔːt/,n.,机场,p.35,单词,否,是,1775,A核心,保留在主词表,普通词,与浙江中考考频表词头直接匹配,"",9a-word-list_01-10.png
NV2158,2159,9A,Unit 4,gunshot,gunshot,/'gʌnʃɒt/,n.,枪声；（射出的）炮弹,p.35,单词,否,否,,B认读,保留在认读区,普通词,教材词汇，但未与浙江中考考频表词头直接匹配,需在样章阶段复核是否升级为核心,9a-word-list_01-10.png
NV2159,2160,9A,Unit 4,grown-up,grown-up,/ˌgrəʊn'ʌp/,adj.,成年的,p.35,单词,否,否,,B认读,保留在认读区,普通词,教材词汇，但未与浙江中考考频表词头直接匹配,需在样章阶段复核是否升级为核心,9a-word-list_01-10.png
NV2160,2161,9A,Unit 4,recall,recall,/rɪ'kɔːl/,v.,回忆起；回想起,p.35,单词,否,是,1130,A核心,保留在主词表,普通词,与浙江中考考频表词头直接匹配,"",9a-word-list_01-10.png
NV2161,2162,9A,Unit 4,grapevine,grapevine,/'greɪpvaɪn/,n.,葡萄藤；葡萄树,p.35,单词,否,否,,B认读,保留在认读区,普通词,教材词汇，但未与浙江中考考频表词头直接匹配,需在样章阶段复核是否升级为核心,9a-word-list_01-10.png
NV2162,2163,9A,Unit 4,boost,boost,/buːst/,v. n.,v. 促进；使增长 n. 帮助；增长,p.36,单词,否,否,,B认读,保留在认读区,普通词,教材词汇，但未与浙江中考考频表词头直接匹配,需在样章阶段复核是否升级为核心,9a-word-list_01-10.png
NV2163,2164,9A,Unit 4,to start with,to start with,,,首先,p.36,多词表达,否,否,,A核心,保留在主词表,短语或固定表达,教材明确列出的短语或句型，应独立掌握,后续需结合短语考查价值再细分,9a-word-list_01-10.png
NV2164,2165,9A,Unit 4,short-term,short-term,/ˌʃɔːt'tɜːm/,adj.,短期的,p.36,单词,否,否,,B认读,保留在认读区,普通词,教材词汇，但未与浙江中考考频表词头直接匹配,需在样章阶段复核是否升级为核心,9a-word-list_01-10.png
NV2165,2166,9A,Unit 4,long-term,long-term,/ˌlɒŋ'tɜːm/,adj.,长期的,p.36,单词,否,否,,B认读,保留在认读区,普通词,教材词汇，但未与浙江中考考频表词头直接匹配,需在样章阶段复核是否升级为核心,9a-word-list_01-10.png
NV2166,2167,9A,Unit 4,technique,technique,/tek'niːk/,n.,技巧,p.36,单词,否,否,,B认读,保留在认读区,普通词,教材词汇，但未与浙江中考考频表词头直接匹配,需在样章阶段复核是否升级为核心,9a-word-list_01-10.png
NV2167,2168,9A,Unit 4,passage,passage,/'pæsɪdʒ/,n.,段落；走廊,p.36,单词,否,否,,B认读,保留在认读区,普通词,教材词汇，但未与浙江中考考频表词头直接匹配,需在样章阶段复核是否升级为核心,9a-word-list_01-10.png
NV2168,2169,9A,Unit 4,likely,likely,/'laɪkli/,adj.,可能的,p.36,单词,否,是,624,A核心,保留在主词表,普通词,与浙江中考考频表词头直接匹配,"",9a-word-list_01-10.png
NV2169,2170,9A,Unit 4,wear out,wear out,,,使疲乏；磨损,p.36,多词表达,否,否,,A核心,保留在主词表,短语或固定表达,教材明确列出的短语或句型，应独立掌握,后续需结合短语考查价值再细分,9a-word-list_01-10.png
NV2170,2171,9A,Unit 4,discuss,discuss,/dɪ'skʌs/,v.,讨论；谈论；商量,p.36,单词,否,是,848,A核心,保留在主词表,普通词,与浙江中考考频表词头直接匹配,"",9a-word-list_01-10.png
NV2171,2172,9A,Unit 4,image,image,/'ɪmɪdʒ/,n.,图像；形象,p.36,单词,否,否,,B认读,保留在认读区,普通词,教材词汇，但未与浙江中考考频表词头直接匹配,需在样章阶段复核是否升级为核心,9a-word-list_01-10.png
NV2172,2173,9A,Unit 4,graph,graph,/grɑːf/,n.,图；图表,p.36,单词,否,否,,B认读,保留在认读区,普通词,教材词汇，但未与浙江中考考频表词头直接匹配,需在样章阶段复核是否升级为核心,9a-word-list_01-10.png
NV2173,2174,9A,Unit 4,view,view,/vjuː/,v. n.,v. 看；观看 n. 观点；视野,p.36,单词,否,否,,B认读,保留在认读区,普通词,教材词汇，但未与浙江中考考频表词头直接匹配,需在样章阶段复核是否升级为核心,9a-word-list_01-10.png
NV2174,2175,9A,Unit 4,effective,effective,/ɪ'fektɪv/,adj.,有效的,p.36,单词,否,是,1134,A核心,保留在主词表,普通词,与浙江中考考频表词头直接匹配,"",9a-word-list_01-10.png
NV2175,2176,9A,Unit 4,engine,engine,/'endʒɪn/,n.,发动机,p.36,单词,否,是,1574,A核心,保留在主词表,普通词,与浙江中考考频表词头直接匹配,"",9a-word-list_01-10.png
NV2176,2177,9A,Unit 4,fuel,fuel,/'fjuːəl/,n.,燃料,p.36,单词,否,是,1563,A核心,保留在主词表,普通词,与浙江中考考频表词头直接匹配,"",9a-word-list_01-10.png
NV2177,2178,9A,Unit 4,address,address,/ə'dres/,n.,地址,p.37,单词,否,是,1029,A核心,保留在主词表,普通词,与浙江中考考频表词头直接匹配,"",9a-word-list_01-10.png
NV2178,2179,9A,Unit 4,password,password,/'pɑːswɜːd/,n.,密码；口令,p.37,单词,否,是,10274,A核心,保留在主词表,普通词,与浙江中考考频表词头直接匹配,"",9a-word-list_01-10.png
NV2179,2180,9A,Unit 4,account,account,/ə'kaʊnt/,n.,账户；账目,p.37,单词,否,否,,B认读,保留在认读区,普通词,教材词汇，但未与浙江中考考频表词头直接匹配,需在样章阶段复核是否升级为核心,9a-word-list_01-10.png
NV2180,2181,9A,Unit 4,increase,increase,/'ɪŋkriːs/ /ɪn'kriːs/,n. v.,n. 增长 v. 增加,p.38,单词,否,是,660,A核心,保留在主词表,普通词,与浙江中考考频表词头直接匹配,"",9a-word-list_01-10.png
NV2181,2182,9A,Unit 4,wild,wild,/waɪld/,adj.,野生的；自然生长的,p.38,单词,否,是,1296,A核心,保留在主词表,普通词,与浙江中考考频表词头直接匹配,"",9a-word-list_01-10.png
NV2182,2183,9A,Unit 4,blood,blood,/blʌd/,n.,血,p.38,单词,否,是,692,A核心,保留在主词表,普通词,与浙江中考考频表词头直接匹配,"",9a-word-list_01-10.png
NV2183,2184,9A,Unit 4,wound,wound,/wuːnd/,n. v.,n. 伤口；创伤 v. 使受伤,p.38,单词,否,是,3223,A核心,保留在主词表,普通词,与浙江中考考频表词头直接匹配,"",9a-word-list_01-10.png
NV2184,2185,9A,Unit 4,mall,mall,/mɔːl/,n.,购物商场,p.38,单词,否,是,3069,A核心,保留在主词表,普通词,与浙江中考考频表词头直接匹配,"",9a-word-list_01-10.png
NV2185,2186,9A,Unit 4,notebook,notebook,/'nəʊtbʊk/,n.,笔记本；笔记本电脑,p.38,单词,否,是,4467,A核心,保留在主词表,普通词,与浙江中考考频表词头直接匹配,"",9a-word-list_01-10.png
NV2186,2187,9A,Unit 4,squirrel,squirrel,/'skwɪrəl/,n.,松鼠,p.38,单词,否,是,7008,A核心,保留在主词表,普通词,与浙江中考考频表词头直接匹配,"",9a-word-list_01-10.png
NV2187,2188,9A,Unit 4,nut,nut,/nʌt/,n.,坚果,p.38,单词,否,否,,B认读,保留在认读区,普通词,教材词汇，但未与浙江中考考频表词头直接匹配,需在样章阶段复核是否升级为核心,9a-word-list_01-10.png
NV2188,2189,9A,Unit 4,dolphin,dolphin,/'dɒlfɪn/,n.,海豚,p.38,单词,否,是,8287,A核心,保留在主词表,普通词,与浙江中考考频表词头直接匹配,"",9a-word-list_01-10.png
NV2189,2190,9A,Unit 4,recognize,recognize,/'rekəgnaɪz/,v.,(=recognise) 辨认出；认可,p.38,单词,否,是,779,A核心,保留在主词表,普通词,与浙江中考考频表词头直接匹配,"",9a-word-list_01-10.png
NV2190,2191,9A,Unit 4,outline,outline,/'aʊtlaɪn/,n. v.,n. 纲要 v. 概述,p.39,单词,否,否,,B认读,保留在认读区,普通词,教材词汇，但未与浙江中考考频表词头直接匹配,需在样章阶段复核是否升级为核心,9a-word-list_01-10.png
NV2191,2192,9A,Unit 4,fully,fully,/'fʊli/,adv.,完全地,p.39,单词,否,是,1500,A核心,保留在主词表,普通词,与浙江中考考频表词头直接匹配,"",9a-word-list_01-10.png
NV2192,2193,9A,Unit 4,divide,divide,/dɪ'vaɪd/,v.,(把……)分成,p.39,单词,否,是,1952,A核心,保留在主词表,普通词,与浙江中考考频表词头直接匹配,"",9a-word-list_01-10.png
NV2193,2194,9A,Unit 4,divide sth into,divide sth into,,,把某物分为,p.39,多词表达,否,否,,A核心,保留在主词表,短语或固定表达,教材明确列出的短语或句型，应独立掌握,后续需结合短语考查价值再细分,9a-word-list_01-10.png
NV2194,2195,9A,Unit 4,one-size-fits-all,one-size-fits-all,/ˌwʌn saɪz fɪts 'ɔːl/,adj.,通用的,p.39,单词,否,否,,B认读,保留在认读区,普通词,教材词汇，但未与浙江中考考频表词头直接匹配,需在样章阶段复核是否升级为核心,9a-word-list_01-10.png
NV2195,2196,9A,Unit 4,Rick,rick,/rɪk/,,里克,p.34,单词,是,否,,C剔除,从学生主词表剔除,人名,人物名、姓氏或虚构人物名,"",9a-word-list_01-10.png
NV2196,2197,9A,Unit 4,Johnny,johnny,/'dʒɒni/,,约翰尼,p.34,单词,是,否,,C剔除,从学生主词表剔除,人名,人物名、姓氏或虚构人物名,"",9a-word-list_01-10.png
NV2197,2198,9A,Unit 4,Bob,bob,/bɒb/,,鲍勃,p.35,单词,是,否,,C剔除,从学生主词表剔除,人名,人物名、姓氏或虚构人物名,"",9a-word-list_01-10.png
NV2198,2199,9A,Unit 5,invention,invention,/ɪn'venʃn/,n.,发明；创造,p.41,单词,否,是,4818,A核心,保留在主词表,普通词,与浙江中考考频表词头直接匹配,"",9a-word-list_01-10.png
NV2199,2200,9A,Unit 5,camera,camera,/'kæmərə/,n.,照相机；（电影）摄影机,p.42,单词,否,否,,B认读,保留在认读区,普通词,教材词汇，但未与浙江中考考频表词头直接匹配,需在样章阶段复核是否升级为核心,9a-word-list_01-10.png
NV2200,2201,9A,Unit 5,laptop,laptop,/'læptɒp/,n.,笔记本电脑,p.42,单词,否,是,5941,A核心,保留在主词表,普通词,与浙江中考考频表词头直接匹配,"",9a-word-list_01-10.png
NV2201,2202,9A,Unit 5,high-speed train,high-speed train,,,高速列车,p.42,多词表达,否,否,,A核心,保留在主词表,短语或固定表达,教材明确列出的短语或句型，应独立掌握,后续需结合短语考查价值再细分,9a-word-list_01-10.png
NV2202,2203,9A,Unit 5,super,super,/'suːpə(r)/,adj.,超级的；顶好的,p.42,单词,否,是,2667,A核心,保留在主词表,普通词,与浙江中考考频表词头直接匹配,"",9a-word-list_01-10.png
NV2203,2204,9A,Unit 5,sunglasses,sunglasses,/'sʌnglɑːsɪz/,n.,墨镜,p.42,单词,否,是,7140,A核心,保留在主词表,普通词,与浙江中考考频表词头直接匹配,"",9a-word-list_01-10.png
NV2204,2205,9A,Unit 5,mini-,mini-,/'mɪni/,prefix.,微型的；短的,p.42,单词,否,否,,B认读,保留在认读区,普通词,教材词汇，但未与浙江中考考频表词头直接匹配,需在样章阶段复核是否升级为核心,9a-word-list_01-10.png
NV2205,2206,9A,Unit 5,itself,itself,/ɪt'self/,pron.,它自己,p.42,单词,否,否,,B认读,保留在认读区,普通词,教材词汇，但未与浙江中考考频表词头直接匹配,需在样章阶段复核是否升级为核心,9a-word-list_01-10.png
NV2206,2207,9A,Unit 5,button,button,/ˈbʌtn/,n.,按钮；扣子,p.42,单词,否,是,2661,A核心,保留在主词表,普通词,与浙江中考考频表词头直接匹配,"",9a-word-list_01-10.png
NV2207,2208,9A,Unit 5,hundreds (of ...),hundreds (of ...),,,许多；大量,p.42,多词表达,否,否,,A核心,保留在主词表,短语或固定表达,教材明确列出的短语或句型，应独立掌握,后续需结合短语考查价值再细分,9a-word-list_01-10.png
NV2208,2209,9A,Unit 5,produce,produce,/prəˈdjuːs/,v.,生产；繁育,p.43,单词,否,是,542,A核心,保留在主词表,普通词,与浙江中考考频表词头直接匹配,"",9a-word-list_01-10.png
NV2209,2210,9A,Unit 5,file,file,/faɪl/,n.,（计算机的）文件；文件夹,p.43,单词,否,否,,B认读,保留在认读区,普通词,教材词汇，但未与浙江中考考频表词头直接匹配,需在样章阶段复核是否升级为核心,9a-word-list_01-10.png
NV2210,2211,9A,Unit 5,plastic,plastic,/ˈplæstɪk/,n. & adj.,塑料（的）,p.43,单词,否,是,1528,A核心,保留在主词表,普通词,与浙江中考考频表词头直接匹配,"",9a-word-list_01-10.png
NV2211,2212,9A,Unit 5,printer,printer,/ˈprɪntə(r)/,n.,打印机；印刷公司,p.43,单词,否,是,5950,A核心,保留在主词表,普通词,与浙江中考考频表词头直接匹配,"",9a-word-list_01-10.png
NV2212,2213,9A,Unit 5,invent,invent,/ɪnˈvent/,v.,发明；编造,p.44,单词,否,是,3421,A核心,保留在主词表,普通词,与浙江中考考频表词头直接匹配,"",9a-word-list_01-10.png
NV2213,2214,9A,Unit 5,all over the world,all over the world,,,全世界,p.45,多词表达,否,否,,A核心,保留在主词表,短语或固定表达,教材明确列出的短语或句型，应独立掌握,后续需结合短语考查价值再细分,9a-word-list_01-10.png
NV2214,2215,9A,Unit 5,suppose,suppose,/səˈpəʊz/,v.,认为；推断,p.45,单词,否,是,2174,A核心,保留在主词表,普通词,与浙江中考考频表词头直接匹配,"",9a-word-list_01-10.png
NV2215,2216,9A,Unit 5,be supposed to do / be sth,be supposed to do / be sth,,,应当做（某事）或是（某物）,p.45,多词表达,否,否,,A核心,保留在主词表,短语或固定表达,教材明确列出的短语或句型，应独立掌握,后续需结合短语考查价值再细分,9a-word-list_01-10.png
NV2216,2217,9A,Unit 5,wheel,wheel,/wiːl/,n.,车轮；轮子,p.45,单词,否,是,2009,A核心,保留在主词表,普通词,与浙江中考考频表词头直接匹配,"",9a-word-list_01-10.png
NV2217,2218,9A,Unit 5,frozen,frozen,/frəʊzn/,adj.,冻硬的；冰封的,p.45,单词,否,否,,B认读,保留在认读区,普通词,教材词汇，但未与浙江中考考频表词头直接匹配,需在样章阶段复核是否升级为核心,9a-word-list_01-10.png
NV2218,2219,9A,Unit 5,complete,complete,/kəmˈpliːt/,v. adj.,v. 完成；结束 adj. 完全的；彻底的,p.45,单词,否,是,1209,A核心,保留在主词表,普通词,与浙江中考考频表词头直接匹配,"",9a-word-list_01-10.png
NV2219,2220,9A,Unit 5,layer,layer,/ˈleɪə(r)/,n.,层；表层,p.45,单词,否,是,2181,A核心,保留在主词表,普通词,与浙江中考考频表词头直接匹配,"",9a-word-list_01-10.png
NV2220,2221,9A,Unit 5,melt,melt,/melt/,v.,（使）融化；逐渐消失,p.45,单词,否,否,,B认读,保留在认读区,普通词,教材词汇，但未与浙江中考考频表词头直接匹配,需在样章阶段复核是否升级为核心,9a-word-list_01-10.png
NV2221,2222,9A,Unit 5,pipe,pipe,/paɪp/,n.,管道；管子；烟斗,p.45,单词,否,否,,B认读,保留在认读区,普通词,教材词汇，但未与浙江中考考频表词头直接匹配,需在样章阶段复核是否升级为核心,9a-word-list_01-10.png
NV2222,2223,9A,Unit 5,tunnel,tunnel,/ˈtʌnl/,n.,隧道；地下通道,p.45,单词,否,否,,B认读,保留在认读区,普通词,教材词汇，但未与浙江中考考频表词头直接匹配,需在样章阶段复核是否升级为核心,9a-word-list_01-10.png
NV2223,2224,9A,Unit 5,tourism,tourism,/ˈtʊərɪzəm/,n.,旅游业,p.45,单词,否,是,4765,A核心,保留在主词表,普通词,与浙江中考考频表词头直接匹配,"",9a-word-list_01-10.png
NV2224,2225,9A,Unit 5,gain,gain,/geɪn/,v.,获得；取得,p.45,单词,否,否,,B认读,保留在认读区,普通词,教材词汇，但未与浙江中考考频表词头直接匹配,需在样章阶段复核是否升级为核心,9a-word-list_01-10.png
NV2225,2226,9A,Unit 5,reality,reality,/riˈæləti/,n.,现实；事实,p.46,单词,否,是,1033,A核心,保留在主词表,普通词,与浙江中考考频表词头直接匹配,"",9a-word-list_01-10.png
NV2226,2227,9A,Unit 5,papermaking,papermaking,/ˈpeɪpəˌmeɪkɪŋ/,n.,造纸工艺；造纸业,p.46,单词,否,否,,B认读,保留在认读区,普通词,教材词汇，但未与浙江中考考频表词头直接匹配,需在样章阶段复核是否升级为核心,9a-word-list_01-10.png
NV2227,2228,9A,Unit 5,responsible,responsible,/rɪˈspɒnsəbl/,adj.,作为原因的；有责任的,p.46,单词,否,是,1369,A核心,保留在主词表,普通词,与浙江中考考频表词头直接匹配,"",9a-word-list_01-10.png
NV2228,2229,9A,Unit 5,responsible for sth,responsible for sth,,,引起某事,p.46,多词表达,否,否,,A核心,保留在主词表,短语或固定表达,教材明确列出的短语或句型，应独立掌握,后续需结合短语考查价值再细分,9a-word-list_01-10.png
NV2229,2230,9A,Unit 5,rapid,rapid,/ˈræpɪd/,adj.,迅速的；瞬间的,p.46,单词,否,是,3048,A核心,保留在主词表,普通词,与浙江中考考频表词头直接匹配,"",9a-word-list_01-10.png
NV2230,2231,9A,Unit 5,shape,shape,/ʃeɪp/,v. n.,v. 塑造 n. 形状,p.46,单词,否,是,1271,A核心,保留在主词表,普通词,与浙江中考考频表词头直接匹配,"",9a-word-list_01-10.png
NV2231,2232,9A,Unit 5,bronze,bronze,/brɒnz/,n. & adj.,青铜（的）；青铜色（的）,p.46,单词,否,是,4974,A核心,保留在主词表,普通词,与浙江中考考频表词头直接匹配,"",9a-word-list_01-10.png
NV2232,2233,9A,Unit 5,ware,ware,/weə(r)/,n.,制品；陶器,p.46,单词,否,否,,B认读,保留在认读区,普通词,教材词汇，但未与浙江中考考频表词头直接匹配,需在样章阶段复核是否升级为核心,9a-word-list_01-10.png
NV2233,2234,9A,Unit 5,stone,stone,/stəʊn/,n.,石头；岩石,p.46,单词,否,是,1222,A核心,保留在主词表,普通词,与浙江中考考频表词头直接匹配,"",9a-word-list_01-10.png
NV2234,2235,9A,Unit 5,jute,jute,/dʒuːt/,n.,黄麻纤维,p.46,单词,否,否,,B认读,保留在认读区,普通词,教材词汇，但未与浙江中考考频表词头直接匹配,需在样章阶段复核是否升级为核心,9a-word-list_01-10.png
NV2235,2236,9A,Unit 5,fibre,fibre,/ˈfaɪbə(r)/,n.,(=fiber) 纤维；纤维素,p.46,单词,否,否,,B认读,保留在认读区,普通词,教材词汇，但未与浙江中考考频表词头直接匹配,需在样章阶段复核是否升级为核心,9a-word-list_01-10.png
NV2236,2237,9A,Unit 5,expensive,expensive,/ɪkˈspensɪv/,adj.,昂贵的；价格高的,p.46,单词,否,是,1670,A核心,保留在主词表,普通词,与浙江中考考频表词头直接匹配,"",9a-word-list_01-10.png
NV2237,2238,9A,Unit 5,officer,officer,/ˈɒfɪsə(r)/,n.,官员；高级职员,p.46,单词,否,否,,B认读,保留在认读区,普通词,教材词汇，但未与浙江中考考频表词头直接匹配,需在样章阶段复核是否升级为核心,9a-word-list_01-10.png
NV2238,2239,9A,Unit 5,workshop,workshop,/ˈwɜːkʃɒp/,n.,作坊；讲习班,p.46,单词,否,是,3149,A核心,保留在主词表,普通词,与浙江中考考频表词头直接匹配,"",9a-word-list_01-10.png
NV2239,2240,9A,Unit 5,none,none,/nʌn/,pron.,没有一个；毫无,p.46,单词,否,是,1087,A核心,保留在主词表,普通词,与浙江中考考频表词头直接匹配,"",9a-word-list_01-10.png
NV2240,2241,9A,Unit 5,ideal,ideal,/aɪˈdiːəl/,adj. n.,adj. 最合适的；理想的 n. 理想；完美的人（或事物）,p.46,单词,否,是,2832,A核心,保留在主词表,普通词,与浙江中考考频表词头直接匹配,"",9a-word-list_01-10.png
NV2241,2242,9A,Unit 5,certain,certain,/ˈsɜːtn/,adj. pron.,adj. 某些；确定的 pron.（不提及人或事物名称时用）某些,p.46,单词,否,是,577,A核心,保留在主词表,普通词,与浙江中考考频表词头直接匹配,"",9a-word-list_01-10.png
NV2242,2243,9A,Unit 5,suitable,suitable,/ˈsuːtəbl/,adj.,合适的；适宜的,p.46,单词,否,是,4801,A核心,保留在主词表,普通词,与浙江中考考频表词头直接匹配,"",9a-word-list_01-10.png
NV2243,2244,9A,Unit 5,liquid,liquid,/ˈlɪkwɪd/,n. adj.,n. 液体 adj. 液体的,p.46,单词,否,是,4399,A核心,保留在主词表,普通词,与浙江中考考频表词头直接匹配,"",9a-word-list_01-10.png
NV2244,2245,9A,Unit 5,cheap,cheap,/tʃiːp/,adj. adv.,adj. 便宜的 adv. 低廉地,p.46,单词,否,是,1940,A核心,保留在主词表,普通词,与浙江中考考频表词头直接匹配,"",9a-word-list_01-10.png
NV2245,2246,9A,Unit 5,creation,creation,/kriˈeɪʃn/,n.,创造；作品,p.46,单词,否,是,2126,A核心,保留在主词表,普通词,与浙江中考考频表词头直接匹配,"",9a-word-list_01-10.png
NV2246,2247,9A,Unit 5,later on,later on,,,后来；其后,p.46,多词表达,否,否,,A核心,保留在主词表,短语或固定表达,教材明确列出的短语或句型，应独立掌握,后续需结合短语考查价值再细分,9a-word-list_01-10.png
NV2247,2248,9A,Unit 5,speed up,speed up,,,（使）加速,p.46,多词表达,否,否,,A核心,保留在主词表,短语或固定表达,教材明确列出的短语或句型，应独立掌握,后续需结合短语考查价值再细分,9a-word-list_01-10.png
NV2248,2249,9A,Unit 5,Arabic,arabic,/ˈærəbɪk/,adj. n.,adj. 阿拉伯语的 n. 阿拉伯语,p.47,单词,是,否,,B认读,保留在认读区,普通词,具有明确词性，但未与浙江中考考频表词头直接匹配,"",9a-word-list_01-10.png
NV2249,2250,9A,Unit 5,result in,result in,,,造成；导致,p.47,多词表达,否,否,,A核心,保留在主词表,短语或固定表达,教材明确列出的短语或句型，应独立掌握,后续需结合短语考查价值再细分,9a-word-list_01-10.png
NV2250,2251,9A,Unit 5,lead to,lead to,,,导致；造成,p.47,多词表达,否,否,,A核心,保留在主词表,短语或固定表达,教材明确列出的短语或句型，应独立掌握,后续需结合短语考查价值再细分,9a-word-list_01-10.png
NV2251,2252,9A,Unit 5,birth,birth,/bɜːθ/,n.,起源；诞生,p.47,单词,否,是,1504,A核心,保留在主词表,普通词,与浙江中考考频表词头直接匹配,"",9a-word-list_01-10.png
NV2252,2253,9A,Unit 5,rapidly,rapidly,/ˈræpɪdli/,adv.,迅速地；快速地,p.48,单词,否,是,2543,A核心,保留在主词表,普通词,与浙江中考考频表词头直接匹配,"",9a-word-list_01-10.png
NV2253,2254,9A,Unit 5,afford,afford,/əˈfɔːd/,v.,买得起；能做,p.48,单词,否,是,1856,A核心,保留在主词表,普通词,与浙江中考考频表词头直接匹配,"",9a-word-list_01-10.png
NV2254,2255,9A,Unit 5,company,company,/ˈkʌmpəni/,n.,公司；剧团,p.48,单词,否,否,,B认读,保留在认读区,普通词,教材词汇，但未与浙江中考考频表词头直接匹配,需在样章阶段复核是否升级为核心,9a-word-list_01-10.png
NV2255,2256,9A,Unit 5,sticky,sticky,/ˈstɪki/,adj.,黏（性）的；闷热的,p.48,单词,否,否,,B认读,保留在认读区,普通词,教材词汇，但未与浙江中考考频表词头直接匹配,需在样章阶段复核是否升级为核心,9a-word-list_01-10.png
NV2256,2257,9A,Unit 5,production,production,/prəˈdʌkʃn/,n.,生产；制作,p.48,单词,否,是,960,A核心,保留在主词表,普通词,与浙江中考考频表词头直接匹配,"",9a-word-list_01-10.png
NV2257,2258,9A,Unit 5,gradually,gradually,/ˈɡrædʒuəli/,adv.,逐渐地；逐步地,p.48,单词,否,是,2980,A核心,保留在主词表,普通词,与浙江中考考频表词头直接匹配,"",9a-word-list_01-10.png
NV2258,2259,9A,Unit 5,widely,widely,/ˈwaɪdli/,adv.,广泛地；普遍地,p.48,单词,否,是,2188,A核心,保留在主词表,普通词,与浙江中考考频表词头直接匹配,"",9a-word-list_01-10.png
NV2259,2260,9A,Unit 5,be looking to do sth,be looking to do sth,,,试图找到做某事的方法,p.49,多词表达,否,否,,A核心,保留在主词表,短语或固定表达,教材明确列出的短语或句型，应独立掌握,后续需结合短语考查价值再细分,9a-word-list_01-10.png
NV2260,2261,9A,Unit 5,glider,glider,/ˈɡlaɪdə(r)/,n.,滑翔机,p.49,单词,否,否,,B认读,保留在认读区,普通词,教材词汇，但未与浙江中考考频表词头直接匹配,需在样章阶段复核是否升级为核心,9a-word-list_01-10.png
NV2261,2262,9A,Unit 5,Guglielmo Marconi,guglielmo marconi,/ˈɡʊjelməʊ/ /mɑːˈkəʊni/,,古列尔莫·马科尼,p.44,多词表达,是,否,,C剔除,从学生主词表剔除,人名,人物名、姓氏或虚构人物名,"",9a-word-list_01-10.png
NV2262,2263,9A,Unit 5,Alexander Bell,alexander bell,/ˌælɪɡˈzɑːndə(r)/,,亚历山大·贝尔,p.45,多词表达,是,否,,C剔除,从学生主词表剔除,人名,人物名、姓氏或虚构人物名,"",9a-word-list_01-10.png
NV2263,2264,9A,Unit 5,Europe,europe,/ˈjʊərəp/,,欧洲,p.45,单词,是,否,,D复核,等待人工确认,国家或大洲,属于地名，但常见国家和大洲名称可能具有认读价值,确认是剔除还是放入认读区,9a-word-list_01-10.png
NV2264,2265,9A,Unit 5,Lhasa,lhasa,/ˈlɑːsə/,,拉萨（中国城市）,p.45,单词,是,否,,C剔除,从学生主词表剔除,具体地名,城市、景点、地理实体或历史地点专名,"",9a-word-list_01-10.png
NV2265,2266,9A,Unit 5,Tanggula Pass,tanggula pass,,,唐古拉山口,p.45,多词表达,是,否,,C剔除,从学生主词表剔除,具体地名,城市、景点、地理实体或历史地点专名,"",9a-word-list_01-10.png
NV2266,2267,9A,Unit 5,CE,ce,/ˌsiːˈiː/,,(Common Era) 公元,p.46,单词,是,否,,B认读,保留在认读区,缩写或背景概念,有课文理解价值，但不建议作为重点默写词,"",9a-word-list_01-10.png
NV2267,2268,9A,Unit 5,Oakland,oakland,/ˈəʊklənd/,,奥克兰（美国城市）,p.48,单词,是,否,,C剔除,从学生主词表剔除,具体地名,城市、景点、地理实体或历史地点专名,"",9a-word-list_01-10.png
NV2268,2269,9A,Unit 5,Spencer Silver,spencer silver,/ˈspensə(r)/ /ˈsɪlvə(r)/,,斯潘塞·西尔弗,p.48,多词表达,是,否,,C剔除,从学生主词表剔除,人名,人物名、姓氏或虚构人物名,"",9a-word-list_01-10.png
NV2269,2270,9A,Unit 5,Arthur Fry,arthur fry,/ˈɑːθə(r)/,,亚瑟·弗赖伊,p.48,多词表达,是,否,,C剔除,从学生主词表剔除,人名,人物名、姓氏或虚构人物名,"",9a-word-list_01-10.png
NV2270,2271,9A,Unit 5,Orville Wright,orville wright,/ˈɔːvɪl/ /raɪt/,,奥维尔·赖特,p.49,多词表达,是,否,,C剔除,从学生主词表剔除,人名,人物名、姓氏或虚构人物名,"",9a-word-list_01-10.png
NV2271,2272,9A,Unit 5,Wilbur Wright,wilbur wright,/ˈwɪlbə(r)/,,威尔伯·赖特,p.49,多词表达,是,否,,C剔除,从学生主词表剔除,人名,人物名、姓氏或虚构人物名,"",9a-word-list_01-10.png
NV2272,2273,9A,Unit 6,beyond,beyond,/bɪˈjɒnd/,prep. adv.,prep. 超出；在……较远的一边 adv. 在（或向）更远处,p.51,单词,否,否,,B认读,保留在认读区,普通词,教材词汇，但未与浙江中考考频表词头直接匹配,需在样章阶段复核是否升级为核心,9a-word-list_01-10.png
NV2273,2274,9A,Unit 6,mission,mission,/ˈmɪʃn/,n.,任务；使命,p.52,单词,否,是,1096,A核心,保留在主词表,普通词,与浙江中考考频表词头直接匹配,"",9a-word-list_01-10.png
NV2274,2275,9A,Unit 6,telescope,telescope,/ˈtelɪskəʊp/,n.,望远镜,p.52,单词,否,是,2776,A核心,保留在主词表,普通词,与浙江中考考频表词头直接匹配,"",9a-word-list_01-10.png
NV2275,2276,9A,Unit 6,rover,rover,/ˈrəʊvə(r)/,n.,探测器；漫游者,p.52,单词,否,否,,B认读,保留在认读区,普通词,教材词汇，但未与浙江中考考频表词头直接匹配,需在样章阶段复核是否升级为核心,9a-word-list_01-10.png
NV2276,2277,9A,Unit 6,manned,manned,/mænd/,adj.,需人操作的,p.52,单词,否,否,,B认读,保留在认读区,普通词,教材词汇，但未与浙江中考考频表词头直接匹配,需在样章阶段复核是否升级为核心,9a-word-list_01-10.png
NV2277,2278,9A,Unit 6,maintain,maintain,/meɪnˈteɪn/,v.,维修；保持,p.52,单词,否,是,923,A核心,保留在主词表,普通词,与浙江中考考频表词头直接匹配,"",9a-word-list_01-10.png
NV2278,2279,9A,Unit 6,launch,launch,/lɔːntʃ/,v. & n.,发射；发起,p.52,单词,否,否,,B认读,保留在认读区,普通词,教材词汇，但未与浙江中考考频表词头直接匹配,需在样章阶段复核是否升级为核心,9a-word-list_01-10.png
NV2279,2280,9A,Unit 6,weightless,weightless,/ˈweɪtləs/,adj.,失重的；无重量的,p.53,单词,否,否,,B认读,保留在认读区,普通词,教材词汇，但未与浙江中考考频表词头直接匹配,需在样章阶段复核是否升级为核心,9a-word-list_01-10.png
NV2280,2281,9A,Unit 6,movement,movement,/ˈmuːvmənt/,n.,运动；活动,p.53,单词,否,是,707,A核心,保留在主词表,普通词,与浙江中考考频表词头直接匹配,"",9a-word-list_01-10.png
NV2281,2282,9A,Unit 6,asleep,asleep,/əˈsliːp/,adj.,睡着（的）,p.53,单词,否,是,3100,A核心,保留在主词表,普通词,与浙江中考考频表词头直接匹配,"",9a-word-list_01-10.png
NV2282,2283,9A,Unit 6,fall asleep,fall asleep,,,入睡,p.53,多词表达,否,否,,A核心,保留在主词表,短语或固定表达,教材明确列出的短语或句型，应独立掌握,后续需结合短语考查价值再细分,9a-word-list_01-10.png
NV2283,2284,9A,Unit 6,tie,tie,/taɪ/,v. n.,v. 系上；束紧 n. 领带,p.53,单词,否,否,,B认读,保留在认读区,普通词,教材词汇，但未与浙江中考考频表词头直接匹配,需在样章阶段复核是否升级为核心,9a-word-list_01-10.png
NV2284,2285,9A,Unit 6,geology,geology,/dʒiˈɒlədʒi/,n.,地质；地质学,p.54,单词,否,否,,B认读,保留在认读区,普通词,教材词汇，但未与浙江中考考频表词头直接匹配,需在样章阶段复核是否升级为核心,9a-word-list_01-10.png
NV2285,2286,9A,Unit 6,satellite,satellite,/ˈsætəlaɪt/,n.,人造卫星；卫星,p.54,单词,否,否,,B认读,保留在认读区,普通词,教材词汇，但未与浙江中考考频表词头直接匹配,需在样章阶段复核是否升级为核心,9a-word-list_01-10.png
NV2286,2287,9A,Unit 6,crazy,crazy,/ˈkreɪzi/,adj.,疯狂的；不理智的,p.54,单词,否,是,1813,A核心,保留在主词表,普通词,与浙江中考考频表词头直接匹配,"",9a-word-list_01-10.png
NV2287,2288,9A,Unit 6,human being,human being,,,人；人类,p.54,多词表达,否,否,,A核心,保留在主词表,短语或固定表达,教材明确列出的短语或句型，应独立掌握,后续需结合短语考查价值再细分,9a-word-list_01-10.png
NV2288,2289,9A,Unit 6,require,require,/rɪˈkwaɪə(r)/,v.,需要；要求,p.55,单词,否,是,446,A核心,保留在主词表,普通词,与浙江中考考频表词头直接匹配,"",9a-word-list_01-10.png
NV2289,2290,9A,Unit 6,rocket,rocket,/ˈrɒkɪt/,n.,火箭,p.55,单词,否,是,4126,A核心,保留在主词表,普通词,与浙江中考考频表词头直接匹配,"",9a-word-list_01-10.png
NV2290,2291,9A,Unit 6,cancel,cancel,/ˈkænsl/,v.,取消；终止,p.55,单词,否,是,3945,A核心,保留在主词表,普通词,与浙江中考考频表词头直接匹配,"",9a-word-list_01-10.png
NV2291,2292,9A,Unit 6,publish,publish,/ˈpʌblɪʃ/,v.,刊登；出版,p.55,单词,否,是,1117,A核心,保留在主词表,普通词,与浙江中考考频表词头直接匹配,"",9a-word-list_01-10.png
NV2292,2293,9A,Unit 6,exoplanet,exoplanet,/ˈeksəʊˌplænɪt/,n.,系外行星,p.55,单词,否,否,,B认读,保留在认读区,普通词,教材词汇，但未与浙江中考考频表词头直接匹配,需在样章阶段复核是否升级为核心,9a-word-list_01-10.png
NV2293,2294,9A,Unit 6,solar,solar,/ˈsəʊlə(r)/,adj.,太阳的；太阳能的,p.55,单词,否,是,2761,A核心,保留在主词表,普通词,与浙江中考考频表词头直接匹配,"",9a-word-list_01-10.png
NV2294,2295,9A,Unit 6,god,god,/gɒd/,n.,神,p.56,单词,否,是,,A核心,保留在主词表,普通词,与浙江中考考频表词头直接匹配,"",9a-word-list_01-10.png
NV2295,2296,9A,Unit 6,mysterious,mysterious,/mɪˈstɪəriəs/,adj.,神秘的；奇怪的,p.56,单词,否,是,4125,A核心,保留在主词表,普通词,与浙江中考考频表词头直接匹配,"",9a-word-list_01-10.png
NV2296,2297,9A,Unit 6,spacecraft,spacecraft,/ˈspeɪskrɑːft/,n.,(pl. spacecraft) 宇宙飞船,p.56,单词,否,否,,B认读,保留在认读区,普通词,教材词汇，但未与浙江中考考频表词头直接匹配,需在样章阶段复核是否升级为核心,9a-word-list_01-10.png
NV2297,2298,9A,Unit 6,in case,in case,,,以防万一,p.56,多词表达,否,否,,A核心,保留在主词表,短语或固定表达,教材明确列出的短语或句型，应独立掌握,后续需结合短语考查价值再细分,9a-word-list_01-10.png
NV2298,2299,9A,Unit 6,board,board,/bɔːd/,n.,板；牌子,p.56,单词,否,是,667,A核心,保留在主词表,普通词,与浙江中考考频表词头直接匹配,"",9a-word-list_01-10.png
NV2299,2300,9A,Unit 6,on board,on board,,,在船（或火车、飞机）上,p.56,多词表达,否,否,,A核心,保留在主词表,短语或固定表达,教材明确列出的短语或句型，应独立掌握,后续需结合短语考查价值再细分,9a-word-list_01-10.png
NV2300,2301,9A,Unit 6,billion,billion,/ˈbɪljən/,num.,十亿,p.56,单词,否,是,612,A核心,保留在主词表,普通词,与浙江中考考频表词头直接匹配,"",9a-word-list_01-10.png
NV2301,2302,9A,Unit 6,trillion,trillion,/ˈtrɪljən/,num.,万亿；兆,p.56,单词,否,否,,B认读,保留在认读区,普通词,教材词汇，但未与浙江中考考频表词头直接匹配,需在样章阶段复核是否升级为核心,9a-word-list_01-10.png
NV2302,2303,9A,Unit 6,completely,completely,/kəmˈpliːtli/,adv.,彻底地；完全地,p.56,单词,否,是,1170,A核心,保留在主词表,普通词,与浙江中考考频表词头直接匹配,"",9a-word-list_01-10.png
NV2303,2304,9A,Unit 6,cooperate,cooperate,/kəʊˈɒpəreɪt/,v.,合作；协作,p.56,单词,否,否,,B认读,保留在认读区,普通词,教材词汇，但未与浙江中考考频表词头直接匹配,需在样章阶段复核是否升级为核心,9a-word-list_01-10.png
NV2304,2305,9A,Unit 6,cooperate with,cooperate with,,,合作；协作；配合,p.57,多词表达,否,否,,A核心,保留在主词表,短语或固定表达,教材明确列出的短语或句型，应独立掌握,后续需结合短语考查价值再细分,9a-word-list_01-10.png
NV2305,2306,9A,Unit 6,set foot on,set foot on,,,访问；参观（某地）,p.57,多词表达,否,否,,A核心,保留在主词表,短语或固定表达,教材明确列出的短语或句型，应独立掌握,后续需结合短语考查价值再细分,9a-word-list_01-10.png
NV2306,2307,9A,Unit 6,galaxy,galaxy,/ˈgæləksi/,n.,星系,p.57,单词,否,是,3035,A核心,保留在主词表,普通词,与浙江中考考频表词头直接匹配,"",9a-word-list_01-10.png
NV2307,2308,9A,Unit 6,unmanned,unmanned,/ˌʌnˈmænd/,adj.,无（需）人操作的,p.57,单词,否,否,,B认读,保留在认读区,普通词,教材词汇，但未与浙江中考考频表词头直接匹配,需在样章阶段复核是否升级为核心,9a-word-list_01-10.png
NV2308,2309,9A,Unit 6,craft,craft,/krɑːft/,n.,技艺；工艺 (pl. craft) 飞行器；船,p.58,单词,否,是,2856,A核心,保留在主词表,普通词,与浙江中考考频表词头直接匹配,"",9a-word-list_01-10.png
NV2309,2310,9A,Unit 6,spaceship,spaceship,/ˈspeɪsʃɪp/,n.,（航天）飞船,p.58,单词,否,是,11886,A核心,保留在主词表,普通词,与浙江中考考频表词头直接匹配,"",9a-word-list_01-10.png
NV2310,2311,9A,Unit 6,survey,survey,/ˈsɜːveɪ/,n.,测绘；民意调查,p.58,单词,否,是,1245,A核心,保留在主词表,普通词,与浙江中考考频表词头直接匹配,"",9a-word-list_01-10.png
NV2311,2312,9A,Unit 6,crowded,crowded,/ˈkraʊdɪd/,adj.,人（太）多的；拥挤的,p.58,单词,否,是,4783,A核心,保留在主词表,普通词,与浙江中考考频表词头直接匹配,"",9a-word-list_01-10.png
NV2312,2313,9A,Unit 6,operate,operate,/ˈɒpəreɪt/,v.,操作；运行,p.59,单词,否,是,1313,A核心,保留在主词表,普通词,与浙江中考考频表词头直接匹配,"",9a-word-list_01-10.png
NV2313,2314,9A,Unit 6,Mars,mars,/mɑːz/,,火星,p.52,单词,是,否,,C剔除,从学生主词表剔除,具体地名,城市、景点、地理实体或历史地点专名,"",9a-word-list_01-10.png
NV2314,2315,9A,Unit 6,Voyager 1,voyager 1,/ˈvɔɪdʒə(r)/,,旅行者1号探测器,p.56,多词表达,是,否,,C剔除,从学生主词表剔除,具体地名,城市、景点、地理实体或历史地点专名,"",9a-word-list_01-10.png
NV2315,2316,9A,Unit 6,Proxima Centauri,proxima centauri,/ˈprɒksɪmə/ /senˈtɔːri/,,比邻星,p.56,多词表达,是,否,,C剔除,从学生主词表剔除,具体地名,城市、景点、地理实体或历史地点专名,"",9a-word-list_01-10.png
NV2316,2317,9A,Unit 6,Ann,ann,/æn/,,安,p.58,单词,是,否,,C剔除,从学生主词表剔除,人名,人物名、姓氏或虚构人物名,"",9a-word-list_01-10.png
NV2317,2318,9A,Unit 7,rhythm,rhythm,/ˈrɪðəm/,n.,节奏；韵律,p.61,单词,否,是,3301,A核心,保留在主词表,普通词,与浙江中考考频表词头直接匹配,"",9a-word-list_01-10.png
NV2318,2319,9A,Unit 7,folk,folk,/fəʊk/,adj. n.,adj. 民间的 n. 民间音乐；(pl. folks) 各位,p.62,单词,否,是,1343,A核心,保留在主词表,普通词,与浙江中考考频表词头直接匹配,"",9a-word-list_01-10.png
NV2319,2320,9A,Unit 7,traditional,traditional,/trəˈdɪʃənl/,adj.,传统的；习俗的,p.62,单词,否,是,926,A核心,保留在主词表,普通词,与浙江中考考频表词头直接匹配,"",9a-word-list_01-10.png
NV2320,2321,9A,Unit 7,pop,pop,/pɒp/,n. v.,n. 流行音乐 v. 蹦出,p.62,单词,否,否,,B认读,保留在认读区,普通词,教材词汇，但未与浙江中考考频表词头直接匹配,需在样章阶段复核是否升级为核心,9a-word-list_01-10.png
NV2321,2322,9A,Unit 7,jazz,jazz,/dʒæz/,n.,爵士乐,p.62,单词,否,否,,B认读,保留在认读区,普通词,教材词汇，但未与浙江中考考频表词头直接匹配,需在样章阶段复核是否升级为核心,9a-word-list_01-10.png
NV2322,2323,9A,Unit 7,rap,rap,/ræp/,n. v.,n. 说唱乐 v. 表演说唱乐,p.62,单词,否,否,,B认读,保留在认读区,普通词,教材词汇，但未与浙江中考考频表词头直接匹配,需在样章阶段复核是否升级为核心,9a-word-list_01-10.png
NV2323,2324,9A,Unit 7,comment,comment,/ˈkɒment/,n. & v.,评论；批评,p.62,单词,否,是,1367,A核心,保留在主词表,普通词,与浙江中考考频表词头直接匹配,"",9a-word-list_01-10.png
NV2324,2325,9A,Unit 7,sing along to,sing along to,,,随着唱,p.62,多词表达,否,否,,A核心,保留在主词表,短语或固定表达,教材明确列出的短语或句型，应独立掌握,后续需结合短语考查价值再细分,9a-word-list_01-10.png
NV2325,2326,9A,Unit 7,lyric,lyric,/ˈlɪrɪk/,n. adj.,n. 歌词 adj. 抒情的,p.62,单词,否,是,15849,A核心,保留在主词表,普通词,与浙江中考考频表词头直接匹配,"",9a-word-list_01-10.png
NV2326,2327,9A,Unit 7,electric,electric,/ɪˈlektrɪk/,adj.,电的；令人激动的,p.63,单词,否,是,2712,A核心,保留在主词表,普通词,与浙江中考考频表词头直接匹配,"",9a-word-list_01-10.png
NV2327,2328,9A,Unit 7,electric guitar,electric guitar,,,电吉他,p.63,多词表达,否,否,,A核心,保留在主词表,短语或固定表达,教材明确列出的短语或句型，应独立掌握,后续需结合短语考查价值再细分,9a-word-list_01-10.png
NV2328,2329,9A,Unit 7,keyboard,keyboard,/ˈkiːbɔːd/,n.,电子琴；键盘,p.63,单词,否,是,5604,A核心,保留在主词表,普通词,与浙江中考考频表词头直接匹配,"",9a-word-list_01-10.png
NV2329,2330,9A,Unit 7,trumpet,trumpet,/ˈtrʌmpɪt/,n.,小号；喇叭,p.63,单词,否,否,,B认读,保留在认读区,普通词,教材词汇，但未与浙江中考考频表词头直接匹配,需在样章阶段复核是否升级为核心,9a-word-list_01-10.png
NV2330,2331,9A,Unit 7,style,style,/staɪl/,n.,风格；方式,p.63,单词,否,是,969,A核心,保留在主词表,普通词,与浙江中考考频表词头直接匹配,"",9a-word-list_01-10.png
NV2331,2332,9A,Unit 7,performance,performance,/pəˈfɔːməns/,n.,演出；表演,p.64,单词,否,是,675,A核心,保留在主词表,普通词,与浙江中考考频表词头直接匹配,"",9a-word-list_01-10.png
NV2332,2333,9A,Unit 7,golden,golden,/ˈgəʊldən/,adj.,金色的,p.64,单词,否,是,1831,A核心,保留在主词表,普通词,与浙江中考考频表词头直接匹配,"",9a-word-list_01-10.png
NV2333,2334,9A,Unit 7,lover,lover,/ˈlʌvə(r)/,n.,情人；爱好者,p.64,单词,否,否,,B认读,保留在认读区,普通词,教材词汇，但未与浙江中考考频表词头直接匹配,需在样章阶段复核是否升级为核心,9a-word-list_01-10.png
NV2334,2335,9A,Unit 7,romantic,romantic,/rəʊˈmæntɪk/,adj.,浪漫的；爱情的,p.64,单词,否,否,,B认读,保留在认读区,普通词,教材词汇，但未与浙江中考考频表词头直接匹配,需在样章阶段复核是否升级为核心,9a-word-list_01-10.png
NV2335,2336,9A,Unit 7,performer,performer,/pəˈfɔːmə(r)/,n.,演奏者；表演者,p.64,单词,否,是,3993,A核心,保留在主词表,普通词,与浙江中考考频表词头直接匹配,"",9a-word-list_01-10.png
NV2336,2337,9A,Unit 7,dance to,dance to,,,随着跳舞,p.64,多词表达,否,否,,A核心,保留在主词表,短语或固定表达,教材明确列出的短语或句型，应独立掌握,后续需结合短语考查价值再细分,9a-word-list_01-10.png
NV2337,2338,9A,Unit 7,purple,purple,/ˈpɜːpl/,n. adj.,n. 紫色 adj. 紫色的,p.65,单词,否,是,3924,A核心,保留在主词表,普通词,与浙江中考考频表词头直接匹配,"",9a-word-list_01-10.png
NV2338,2339,9A,Unit 7,poet,poet,/ˈpəʊɪt/,n.,诗人,p.65,单词,否,否,,B认读,保留在认读区,普通词,教材词汇，但未与浙江中考考频表词头直接匹配,需在样章阶段复核是否升级为核心,9a-word-list_01-10.png
NV2339,2340,9A,Unit 7,policewoman,policewoman,/pəˈliːswʊmən/,n.,(pl. policewomen) 女警察,p.65,单词,否,否,,B认读,保留在认读区,普通词,教材词汇，但未与浙江中考考频表词头直接匹配,需在样章阶段复核是否升级为核心,9a-word-list_01-10.png
NV2340,2341,9A,Unit 7,deaf,deaf,/def/,adj.,聋的,p.65,单词,否,是,6852,A核心,保留在主词表,普通词,与浙江中考考频表词头直接匹配,"",9a-word-list_01-10.png
NV2341,2342,9A,Unit 7,composer,composer,/kəmˈpəʊzə(r)/,n.,作曲家,p.65,单词,否,否,,B认读,保留在认读区,普通词,教材词汇，但未与浙江中考考频表词头直接匹配,需在样章阶段复核是否升级为核心,9a-word-list_01-10.png
NV2342,2343,9A,Unit 7,electronic,electronic,/ɪˌlekˈtrɒnɪk/,adj.,电子的,p.65,单词,否,是,2423,A核心,保留在主词表,普通词,与浙江中考考频表词头直接匹配,"",9a-word-list_01-10.png
NV2343,2344,9A,Unit 7,download,download,/ˌdaʊnˈləʊd/ /ˈdaʊnləʊd/,v. n.,v. 下载 n. 已下载的数据资料,p.65,单词,否,是,6470,A核心,保留在主词表,普通词,与浙江中考考频表词头直接匹配,"",9a-word-list_01-10.png
NV2344,2345,9A,Unit 7,rating,rating,/ˈreɪtɪŋ/,n.,评分；等级,p.65,单词,否,否,,B认读,保留在认读区,普通词,教材词汇，但未与浙江中考考频表词头直接匹配,需在样章阶段复核是否升级为核心,9a-word-list_01-10.png
NV2345,2346,9A,Unit 7,hats off (to sb),hats off (to sb),,,（向某人）表示敬佩,p.66,多词表达,否,否,,A核心,保留在主词表,短语或固定表达,教材明确列出的短语或句型，应独立掌握,后续需结合短语考查价值再细分,9a-word-list_01-10.png
NV2346,2347,9A,Unit 7,genius,genius,/ˈdʒiːniəs/,n.,天才人物；天赋,p.66,单词,否,否,,B认读,保留在认读区,普通词,教材词汇，但未与浙江中考考频表词头直接匹配,需在样章阶段复核是否升级为核心,9a-word-list_01-10.png
NV2347,2348,9A,Unit 7,pianist,pianist,/ˈpɪənɪst/,n.,钢琴家；钢琴演奏者,p.66,单词,否,是,8404,A核心,保留在主词表,普通词,与浙江中考考频表词头直接匹配,"",9a-word-list_01-10.png
NV2348,2349,9A,Unit 7,gifted,gifted,/ˈgɪftɪd/,adj.,有天赋的,p.66,单词,否,否,,B认读,保留在认读区,普通词,教材词汇，但未与浙江中考考频表词头直接匹配,需在样章阶段复核是否升级为核心,9a-word-list_01-10.png
NV2349,2350,9A,Unit 7,outdo,outdo,/ˌaʊtˈduː/,v.,(outdid /ˌaʊtˈdɪd/; outdone /ˌaʊtˈdʌn/) 胜过,p.66,单词,否,否,,B认读,保留在认读区,普通词,教材词汇，但未与浙江中考考频表词头直接匹配,需在样章阶段复核是否升级为核心,9a-word-list_01-10.png
NV2350,2351,9A,Unit 7,widen,widen,/ˈwaɪdn/,v.,拓宽；（使）扩展,p.66,单词,否,否,,B认读,保留在认读区,普通词,教材词汇，但未与浙江中考考频表词头直接匹配,需在样章阶段复核是否升级为核心,9a-word-list_01-10.png
NV2351,2352,9A,Unit 7,soul,soul,/səʊl/,n.,真挚情感；灵魂,p.66,单词,否,是,1609,A核心,保留在主词表,普通词,与浙江中考考频表词头直接匹配,"",9a-word-list_01-10.png
NV2352,2353,9A,Unit 7,look down on,look down on,,,轻视；蔑视,p.66,多词表达,否,否,,A核心,保留在主词表,短语或固定表达,教材明确列出的短语或句型，应独立掌握,后续需结合短语考查价值再细分,9a-word-list_01-10.png
NV2353,2354,9A,Unit 7,Polish,polish,/ˈpəʊlɪʃ/,adj. n.,adj. 波兰的 n. 波兰人；波兰语,p.66,单词,是,是,5821,A核心,保留在主词表,普通词,具有明确词性，并与浙江中考考频表词头匹配,"",9a-word-list_01-10.png
NV2354,2355,9A,Unit 7,characteristic,characteristic,/ˌkærəktəˈrɪstɪk/,n. adj.,n. 特征；品质 adj. 典型的；独特的,p.66,单词,否,否,,B认读,保留在认读区,普通词,教材词汇，但未与浙江中考考频表词头直接匹配,需在样章阶段复核是否升级为核心,9a-word-list_01-10.png
NV2355,2356,9A,Unit 7,valuable,valuable,/ˈvæljuəbl/,adj.,宝贵的；贵重的,p.66,单词,否,是,2621,A核心,保留在主词表,普通词,与浙江中考考频表词头直接匹配,"",9a-word-list_01-10.png
NV2356,2357,9A,Unit 7,proudly,proudly,/ˈpraʊdli/,adv.,自豪地；壮观地,p.66,单词,否,是,6219,A核心,保留在主词表,普通词,与浙江中考考频表词头直接匹配,"",9a-word-list_01-10.png
NV2357,2358,9A,Unit 7,funeral,funeral,/ˈfjuːnərəl/,n.,葬礼,p.67,单词,否,否,,B认读,保留在认读区,普通词,教材词汇，但未与浙江中考考频表词头直接匹配,需在样章阶段复核是否升级为核心,9a-word-list_01-10.png
NV2358,2359,9A,Unit 7,young and old,young and old,,,老老少少,p.67,多词表达,否,否,,A核心,保留在主词表,短语或固定表达,教材明确列出的短语或句型，应独立掌握,后续需结合短语考查价值再细分,9a-word-list_01-10.png
NV2359,2360,9A,Unit 7,profession,profession,/prəˈfeʃn/,n.,职业；行业,p.67,单词,否,否,,B认读,保留在认读区,普通词,教材词汇，但未与浙江中考考频表词头直接匹配,需在样章阶段复核是否升级为核心,9a-word-list_01-10.png
NV2360,2361,9A,Unit 7,contribution,contribution,/ˌkɒntrɪˈbjuːʃn/,n.,贡献；捐款,p.67,单词,否,是,1786,A核心,保留在主词表,普通词,与浙江中考考频表词头直接匹配,"",9a-word-list_01-10.png
NV2361,2362,9A,Unit 7,cartoon,cartoon,/kɑːˈtuːn/,n.,动画片；漫画,p.68,单词,否,是,4188,A核心,保留在主词表,普通词,与浙江中考考频表词头直接匹配,"",9a-word-list_01-10.png
NV2362,2363,9A,Unit 7,fair,fair,/feə(r)/,adj. n.,adj. 公平的；合理的 n. 露天游乐场；集市,p.68,单词,否,是,1489,A核心,保留在主词表,普通词,与浙江中考考频表词头直接匹配,"",9a-word-list_01-10.png
NV2363,2364,9A,Unit 7,fair and square,fair and square,,,光明正大,p.68,多词表达,否,否,,A核心,保留在主词表,短语或固定表达,教材明确列出的短语或句型，应独立掌握,后续需结合短语考查价值再细分,9a-word-list_01-10.png
NV2364,2365,9A,Unit 7,tape,tape,/teɪp/,n.,磁带；录像带,p.68,单词,否,是,1495,A核心,保留在主词表,普通词,与浙江中考考频表词头直接匹配,"",9a-word-list_01-10.png
NV2365,2366,9A,Unit 7,tap,tap,/tæp/,v. n.,v. 用（手指或脚）打节拍；轻敲 n. 水龙头；轻拍,p.68,单词,否,是,2860,A核心,保留在主词表,普通词,与浙江中考考频表词头直接匹配,"",9a-word-list_01-10.png
NV2366,2367,9A,Unit 7,tap one's feet,tap one's feet,,,用脚打节拍,p.68,多词表达,否,否,,A核心,保留在主词表,短语或固定表达,教材明确列出的短语或句型，应独立掌握,后续需结合短语考查价值再细分,9a-word-list_01-10.png
NV2367,2368,9A,Unit 7,champion,champion,/ˈtʃæmpiən/,n. v.,n. 冠军 v. 捍卫,p.68,单词,否,是,2775,A核心,保留在主词表,普通词,与浙江中考考频表词头直接匹配,"",9a-word-list_01-10.png
NV2368,2369,9A,Unit 7,finger,finger,/ˈfɪŋgə(r)/,n.,手指,p.69,单词,否,是,1043,A核心,保留在主词表,普通词,与浙江中考考频表词头直接匹配,"",9a-word-list_01-10.png
NV2369,2370,9A,Unit 7,schoolmate,schoolmate,/ˈskuːlmeɪt/,n.,同学,p.69,单词,否,是,20088,A核心,保留在主词表,普通词,与浙江中考考频表词头直接匹配,"",9a-word-list_01-10.png
NV2370,2371,9A,Unit 7,nowadays,nowadays,/ˈnaʊədeɪz/,adv.,现在；目前,p.69,单词,否,是,6887,A核心,保留在主词表,普通词,与浙江中考考频表词头直接匹配,"",9a-word-list_01-10.png
NV2371,2372,9A,Unit 7,imagination,imagination,/ɪˌmædʒɪˈneɪʃn/,n.,想象力；想象,p.69,单词,否,是,2909,A核心,保留在主词表,普通词,与浙江中考考频表词头直接匹配,"",9a-word-list_01-10.png
NV2372,2373,9A,Unit 7,Clarice,clarice,/ˈklæris/,,克拉丽斯,p.62,单词,是,否,,C剔除,从学生主词表剔除,人名,人物名、姓氏或虚构人物名,"",9a-word-list_01-10.png
NV2373,2374,9A,Unit 7,Debbie,debbie,/ˈdebi/,,黛比,p.62,单词,是,否,,C剔除,从学生主词表剔除,人名,人物名、姓氏或虚构人物名,"",9a-word-list_01-10.png
NV2374,2375,9A,Unit 7,Robert Schumann,robert schumann,/ˈʃuːmən/,,罗伯特·舒曼,p.66,多词表达,是,否,,C剔除,从学生主词表剔除,人名,人物名、姓氏或虚构人物名,"",9a-word-list_01-10.png
NV2375,2376,9A,Unit 7,Frédéric Chopin,frédéric chopin,/ˈfredərɪk/ /ˈʃəʊpæn/,,弗雷德里克·肖邦,p.66,多词表达,是,否,,C剔除,从学生主词表剔除,人名,人物名、姓氏或虚构人物名,"",9a-word-list_01-10.png
NV2376,2377,9A,Unit 7,Poland,poland,/ˈpəʊlənd/,,波兰,p.66,单词,是,否,,D复核,等待人工确认,国家或大洲,属于地名，但常见国家和大洲名称可能具有认读价值,确认是剔除还是放入认读区,9a-word-list_01-10.png
NV2377,2378,9A,Unit 7,Vienna,vienna,/viˈenə/,,维也纳（奥地利首都）,p.66,单词,是,否,,C剔除,从学生主词表剔除,具体地名,城市、景点、地理实体或历史地点专名,"",9a-word-list_01-10.png
NV2378,2379,9A,Unit 8,pull-up,pull-up,/ˈpʊl ʌp/,n.,引体向上,p.72,单词,否,否,,B认读,保留在认读区,普通词,教材词汇，但未与浙江中考考频表词头直接匹配,需在样章阶段复核是否升级为核心,9a-word-list_01-10.png
NV2379,2380,9A,Unit 8,relay,relay,/ˈriːleɪ/,n.,接力赛,p.72,单词,否,否,,B认读,保留在认读区,普通词,教材词汇，但未与浙江中考考频表词头直接匹配,需在样章阶段复核是否升级为核心,9a-word-list_01-10.png
NV2380,2381,9A,Unit 8,shot-put,shot-put,/ˈʃɒt pʊt/,n.,推铅球,p.72,单词,否,否,,B认读,保留在认读区,普通词,教材词汇，但未与浙江中考考频表词头直接匹配,需在样章阶段复核是否升级为核心,9a-word-list_01-10.png
NV2381,2382,9A,Unit 8,boxing,boxing,/ˈbɒksɪŋ/,n.,拳击（运动）,p.72,单词,否,是,5705,A核心,保留在主词表,普通词,与浙江中考考频表词头直接匹配,"",9a-word-list_01-10.png
NV2382,2383,9A,Unit 8,competition,competition,/ˌkɒmpəˈtɪʃn/,n.,比赛；竞赛,p.72,单词,否,是,1349,A核心,保留在主词表,普通词,与浙江中考考频表词头直接匹配,"",9a-word-list_01-10.png
NV2383,2384,9A,Unit 8,tryout,tryout,/ˈtraɪaʊt/,n.,预赛；选拔赛,p.72,单词,否,否,,B认读,保留在认读区,普通词,教材词汇，但未与浙江中考考频表词头直接匹配,需在样章阶段复核是否升级为核心,9a-word-list_01-10.png
NV2384,2385,9A,Unit 8,handoff,handoff,/ˈhændɒf/,n.,接力棒交接,p.73,单词,否,否,,B认读,保留在认读区,普通词,教材词汇，但未与浙江中考考频表词头直接匹配,需在样章阶段复核是否升级为核心,9a-word-list_01-10.png
NV2385,2386,9A,Unit 8,baton,baton,/ˈbætɒn/,n.,接力棒,p.73,单词,否,否,,B认读,保留在认读区,普通词,教材词汇，但未与浙江中考考频表词头直接匹配,需在样章阶段复核是否升级为核心,9a-word-list_01-10.png
NV2386,2387,9A,Unit 8,judge,judge,/dʒʌdʒ/,n. v.,n. 裁判员；法官 v. 判断；认定,p.73,单词,否,是,1116,A核心,保留在主词表,普通词,与浙江中考考频表词头直接匹配,"",9a-word-list_01-10.png
NV2387,2388,9A,Unit 8,runner,runner,/ˈrʌnə(r)/,n.,参加赛跑的人,p.73,单词,否,否,,B认读,保留在认读区,普通词,教材词汇，但未与浙江中考考频表词头直接匹配,需在样章阶段复核是否升级为核心,9a-word-list_01-10.png
NV2388,2389,9A,Unit 8,advertisement,advertisement,/ədˈvɜːtɪsmənt/,n.,(=ad /æd/) 广告；启事,p.73,单词,否,是,6035,A核心,保留在主词表,普通词,与浙江中考考频表词头直接匹配,"",9a-word-list_01-10.png
NV2389,2390,9A,Unit 8,take the lead,take the lead,,,带头（做某事）,p.73,多词表达,否,否,,A核心,保留在主词表,短语或固定表达,教材明确列出的短语或句型，应独立掌握,后续需结合短语考查价值再细分,9a-word-list_01-10.png
NV2390,2391,9A,Unit 8,smooth,smooth,/smuːð/,adj.,顺利的；光滑的,p.73,单词,否,是,2438,A核心,保留在主词表,普通词,与浙江中考考频表词头直接匹配,"",9a-word-list_01-10.png
NV2391,2392,9A,Unit 8,make up ground on sb/sth,make up ground on sb/sth,,,逼近正在向前的人或物,p.73,多词表达,否,否,,A核心,保留在主词表,短语或固定表达,教材明确列出的短语或句型，应独立掌握,后续需结合短语考查价值再细分,9a-word-list_01-10.png
NV2392,2393,9A,Unit 8,catch up with,catch up with,,,赶上；追上（某人）,p.73,多词表达,否,否,,A核心,保留在主词表,短语或固定表达,教材明确列出的短语或句型，应独立掌握,后续需结合短语考查价值再细分,9a-word-list_01-10.png
NV2393,2394,9A,Unit 8,figure,figure,/ˈfɪgə(r)/,n. v.,n.（冰上动作的）花样；数字；人物 v. 认为,p.74,单词,否,是,552,A核心,保留在主词表,普通词,与浙江中考考频表词头直接匹配,"",9a-word-list_01-10.png
NV2394,2395,9A,Unit 8,figure skating,figure skating,,,花样滑冰,p.74,多词表达,否,否,,A核心,保留在主词表,短语或固定表达,教材明确列出的短语或句型，应独立掌握,后续需结合短语考查价值再细分,9a-word-list_01-10.png
NV2395,2396,9A,Unit 8,amaze,amaze,/əˈmeɪz/,v.,使惊奇；使惊诧,p.74,单词,否,是,8769,A核心,保留在主词表,普通词,与浙江中考考频表词头直接匹配,"",9a-word-list_01-10.png
NV2396,2397,9A,Unit 8,strength,strength,/streŋθ/,n.,力量；体力,p.74,单词,否,是,1279,A核心,保留在主词表,普通词,与浙江中考考频表词头直接匹配,"",9a-word-list_01-10.png
NV2397,2398,9A,Unit 8,truly,truly,/ˈtruːli/,adv.,真正地；诚恳地,p.74,单词,否,是,1727,A核心,保留在主词表,普通词,与浙江中考考频表词头直接匹配,"",9a-word-list_01-10.png
NV2398,2399,9A,Unit 8,anyway,anyway,/ˈeniweɪ/,adv.,无论如何；不管怎样,p.74,单词,否,是,1397,A核心,保留在主词表,普通词,与浙江中考考频表词头直接匹配,"",9a-word-list_01-10.png
NV2399,2400,9A,Unit 8,ceremony,ceremony,/ˈserəməni/,n.,典礼；仪式,p.74,单词,否,是,2686,A核心,保留在主词表,普通词,与浙江中考考频表词头直接匹配,"",9a-word-list_01-10.png
NV2400,2401,9A,Unit 8,neither,neither,/ˈnaɪðə(r); ˈniːðə(r)/,conj. & pron.,两者皆非；两者都不,p.75,单词,否,是,1800,A核心,保留在主词表,普通词,与浙江中考考频表词头直接匹配,"",9a-word-list_01-10.png
NV2401,2402,9A,Unit 8,nor,nor,/nɔː(r)/,conj. & adv.,也不,p.75,单词,否,是,1063,A核心,保留在主词表,普通词,与浙江中考考频表词头直接匹配,"",9a-word-list_01-10.png
NV2402,2403,9A,Unit 8,neither ... nor ...,neither ... nor ...,,,既不……也不……,p.75,多词表达,否,否,,A核心,保留在主词表,短语或固定表达,教材明确列出的短语或句型，应独立掌握,后续需结合短语考查价值再细分,9a-word-list_01-10.png
NV2403,2404,9A,Unit 8,try out,try out,,,参加选拔；试用,p.75,多词表达,否,否,,A核心,保留在主词表,短语或固定表达,教材明确列出的短语或句型，应独立掌握,后续需结合短语考查价值再细分,9a-word-list_01-10.png
NV2404,2405,9A,Unit 8,bouldering,bouldering,/ˈbəʊldərɪŋ/,n.,攀岩,p.75,单词,否,否,,B认读,保留在认读区,普通词,教材词汇，但未与浙江中考考频表词头直接匹配,需在样章阶段复核是否升级为核心,9a-word-list_01-10.png
NV2405,2406,9A,Unit 8,compete,compete,/kəmˈpiːt/,v.,参加比赛；竞争,p.75,单词,否,是,2076,A核心,保留在主词表,普通词,与浙江中考考频表词头直接匹配,"",9a-word-list_01-10.png
NV2406,2407,9A,Unit 8,mascot,mascot,/ˈmæskət/,n.,吉祥物,p.76,单词,否,否,,B认读,保留在认读区,普通词,教材词汇，但未与浙江中考考频表词头直接匹配,需在样章阶段复核是否升级为核心,9a-word-list_01-10.png
NV2407,2408,9A,Unit 8,motto,motto,/ˈmɒtəʊ/,n.,口号；格言,p.76,单词,否,否,,B认读,保留在认读区,普通词,教材词汇，但未与浙江中考考频表词头直接匹配,需在样章阶段复核是否升级为核心,9a-word-list_01-10.png
NV2408,2409,9A,Unit 8,dramatic,dramatic,/drəˈmætɪk/,adj.,激动人心的；出乎意料的,p.76,单词,否,否,,B认读,保留在认读区,普通词,教材词汇，但未与浙江中考考频表词头直接匹配,需在样章阶段复核是否升级为核心,9a-word-list_01-10.png
NV2409,2410,9A,Unit 8,freestyle,freestyle,/ˈfriːstaɪl/,n.,自由式体育比赛,p.76,单词,否,否,,B认读,保留在认读区,普通词,教材词汇，但未与浙江中考考频表词头直接匹配,需在样章阶段复核是否升级为核心,9a-word-list_01-10.png
NV2410,2411,9A,Unit 8,talented,talented,/ˈtæləntɪd/,adj.,有才能的；天才的,p.76,单词,否,是,4112,A核心,保留在主词表,普通词,与浙江中考考频表词头直接匹配,"",9a-word-list_01-10.png
NV2411,2412,9A,Unit 8,in wonder,in wonder,,,惊奇地,p.76,多词表达,否,否,,A核心,保留在主词表,短语或固定表达,教材明确列出的短语或句型，应独立掌握,后续需结合短语考查价值再细分,9a-word-list_01-10.png
NV2412,2413,9A,Unit 8,set a record,set a record,,,创造纪录,p.76,多词表达,否,否,,A核心,保留在主词表,短语或固定表达,教材明确列出的短语或句型，应独立掌握,后续需结合短语考查价值再细分,9a-word-list_01-10.png
NV2413,2414,9A,Unit 8,gold,gold,/gəʊld/,n. adj.,n. 金；金牌；金色 adj. 金质的；金色的,p.76,单词,否,是,1260,A核心,保留在主词表,普通词,与浙江中考考频表词头直接匹配,"",9a-word-list_01-10.png
NV2414,2415,9A,Unit 8,medal,medal,/ˈmedl/,n.,奖章；勋章,p.76,单词,否,是,3474,A核心,保留在主词表,普通词,与浙江中考考频表词头直接匹配,"",9a-word-list_01-10.png
NV2415,2416,9A,Unit 8,reform,reform,/rɪˈfɔːm/,n.,改革；变革,p.77,单词,否,否,,B认读,保留在认读区,普通词,教材词汇，但未与浙江中考考频表词头直接匹配,需在样章阶段复核是否升级为核心,9a-word-list_01-10.png
NV2416,2417,9A,Unit 8,reform and opening-up,reform and opening-up,,,改革开放,p.77,多词表达,否,否,,A核心,保留在主词表,短语或固定表达,教材明确列出的短语或句型，应独立掌握,后续需结合短语考查价值再细分,9a-word-list_01-10.png
NV2417,2418,9A,Unit 8,worldwide,worldwide,/ˌwɜːldˈwaɪd/,adj. adv.,adj. 世界范围的 adv. 在全世界；世界各地,p.77,单词,否,是,4497,A核心,保留在主词表,普通词,与浙江中考考频表词头直接匹配,"",9a-word-list_01-10.png
NV2418,2419,9A,Unit 8,citizen,citizen,/ˈsɪtɪzn/,n.,市民；公民,p.77,单词,否,是,1085,A核心,保留在主词表,普通词,与浙江中考考频表词头直接匹配,"",9a-word-list_01-10.png
NV2419,2420,9A,Unit 8,pride,pride,/praɪd/,n.,自豪（感）；骄傲,p.77,单词,否,是,2818,A核心,保留在主词表,普通词,与浙江中考考频表词头直接匹配,"",9a-word-list_01-10.png
NV2420,2421,9A,Unit 8,harmony,harmony,/ˈhɑːməni/,n.,和谐；和睦,p.77,单词,否,否,,B认读,保留在认读区,普通词,教材词汇，但未与浙江中考考频表词头直接匹配,需在样章阶段复核是否升级为核心,9a-word-list_01-10.png
NV2421,2422,9A,Unit 8,deeply,deeply,/ˈdiːpli/,adv.,非常；极其,p.77,单词,否,是,2134,A核心,保留在主词表,普通词,与浙江中考考频表词头直接匹配,"",9a-word-list_01-10.png
NV2422,2423,9A,Unit 8,high point,high point,,,最好（或最有意思）的部分,p.77,多词表达,否,否,,A核心,保留在主词表,短语或固定表达,教材明确列出的短语或句型，应独立掌握,后续需结合短语考查价值再细分,9a-word-list_01-10.png
NV2423,2424,9A,Unit 8,master,master,/ˈmɑːstə(r)/,n. v.,n. 能手 v. 掌握；精通,p.78,单词,否,是,1893,A核心,保留在主词表,普通词,与浙江中考考频表词头直接匹配,"",9a-word-list_01-10.png
NV2424,2425,9A,Unit 8,satisfy,satisfy,/ˈsætɪsfaɪ/,v.,使（某人）满意,p.78,单词,否,是,3020,A核心,保留在主词表,普通词,与浙江中考考频表词头直接匹配,"",9a-word-list_01-10.png
NV2425,2426,9A,Unit 8,round,round,/raʊnd/,n.,比赛阶段；轮次,p.78,单词,否,是,2387,A核心,保留在主词表,普通词,与浙江中考考频表词头直接匹配,"",9a-word-list_01-10.png
NV2426,2427,9A,Unit 8,Greek,greek,/griːk/,adj. n.,adj. 希腊的；希腊人的 n. 古希腊人；希腊人,p.78,单词,是,否,,B认读,保留在认读区,普通词,具有明确词性，但未与浙江中考考频表词头直接匹配,"",9a-word-list_01-10.png
NV2427,2428,9A,Unit 8,Roman,roman,/ˈrəʊmən/,adj. n.,adj. 古罗马的；罗马的 n. 罗马人；罗马字体,p.78,单词,是,否,,B认读,保留在认读区,普通词,具有明确词性，但未与浙江中考考频表词头直接匹配,"",9a-word-list_01-10.png
NV2428,2429,9A,Unit 8,drown,drown,/draʊn/,v.,（使）淹死；（使）溺毙,p.79,单词,否,否,,B认读,保留在认读区,普通词,教材词汇，但未与浙江中考考频表词头直接匹配,需在样章阶段复核是否升级为核心,9a-word-list_01-10.png
NV2429,2430,9A,Unit 8,crowd,crowd,/kraʊd/,n.,人群；观众,p.79,单词,否,是,1274,A核心,保留在主词表,普通词,与浙江中考考频表词头直接匹配,"",9a-word-list_01-10.png
NV2430,2431,9A,Unit 8,Bing Dwen Dwen,bing dwen dwen,,,冰墩墩,p.76,多词表达,是,否,,C剔除,从学生主词表剔除,人名,人物名、姓氏或虚构人物名,"",9a-word-list_01-10.png
NV2431,2432,9A,Unit 8,Usain Bolt,usain bolt,/ˈjuːseɪn/ /bəʊlt/,,尤塞恩·博尔特,p.76,多词表达,是,否,,C剔除,从学生主词表剔除,人名,人物名、姓氏或虚构人物名,"",9a-word-list_01-10.png
NV2432,2433,9A,Unit 8,Greece,greece,/griːs/,,希腊,p.78,单词,是,否,,D复核,等待人工确认,国家或大洲,属于地名，但常见国家和大洲名称可能具有认读价值,确认是剔除还是放入认读区,9a-word-list_01-10.png
NV2433,2434,9A,Unit 8,Eric Moussambani,eric moussambani,/ˌmuːsʌmˈbɑːni/,,埃里克·穆桑巴尼,p.79,多词表达,是,否,,C剔除,从学生主词表剔除,人名,人物名、姓氏或虚构人物名,"",9a-word-list_01-10.png
NV2434,2435,9A,Unit 8,Equatorial Guinea,equatorial guinea,/ˌekwəˈtɔːriəl/ /ˈgɪni/,,赤道几内亚,p.79,多词表达,是,否,,D复核,等待人工确认,国家或大洲,属于地名，但常见国家和大洲名称可能具有认读价值,确认是剔除还是放入认读区,9a-word-list_01-10.png
NV2435,2436,9B,Unit 1,lantern,lantern,/ˈlæntən/,n.,灯笼；提灯,p.2,单词,否,是,8492,A核心,保留在主词表,普通词,与浙江中考考频表词头直接匹配,"",9b-word-list_01-06.png
NV2436,2437,9B,Unit 1,eve,eve,/iːv/,n.,前夜；前夕,p.2,单词,否,是,8133,A核心,保留在主词表,普通词,与浙江中考考频表词头直接匹配,"",9b-word-list_01-06.png
NV2437,2438,9B,Unit 1,tomb,tomb,/tuːm/,n.,坟茔；冢,p.2,单词,否,是,6265,A核心,保留在主词表,普通词,与浙江中考考频表词头直接匹配,"",9b-word-list_01-06.png
NV2438,2439,9B,Unit 1,parade,parade,/pəˈreɪd/,n.,游行；阅兵,p.2,单词,否,否,,B认读,保留在认读区,普通词,教材词汇，但未与浙江中考考频表词头直接匹配,需在样章阶段复核是否升级为核心,9b-word-list_01-06.png
NV2439,2440,9B,Unit 1,ancestor,ancestor,/ˈænsestə(r)/,n.,祖宗；祖先,p.2,单词,否,是,4170,A核心,保留在主词表,普通词,与浙江中考考频表词头直接匹配,"",9b-word-list_01-06.png
NV2440,2441,9B,Unit 1,costume,costume,/ˈkɒstjuːm/,n.,戏装；服装,p.2,单词,否,是,4185,A核心,保留在主词表,普通词,与浙江中考考频表词头直接匹配,"",9b-word-list_01-06.png
NV2441,2442,9B,Unit 1,row,row,/rəʊ/,v. n.,v. 划（船） n. 一排；一列,p.3,单词,否,是,1853,A核心,保留在主词表,普通词,与浙江中考考频表词头直接匹配,"",9b-word-list_01-06.png
NV2442,2443,9B,Unit 1,wash away,wash away,,,洗掉；冲走,p.4,多词表达,否,否,,A核心,保留在主词表,短语或固定表达,教材明确列出的短语或句型，应独立掌握,后续需结合短语考查价值再细分,9b-word-list_01-06.png
NV2443,2444,9B,Unit 1,princess,princess,/prɪnˈses; ˈprɪnses/,n.,公主,p.4,单词,否,否,,B认读,保留在认读区,普通词,教材词汇，但未与浙江中考考频表词头直接匹配,需在样章阶段复核是否升级为核心,9b-word-list_01-06.png
NV2444,2445,9B,Unit 1,pale,pale,/peɪl/,adj.,苍白的；白皙的,p.5,单词,否,是,2952,A核心,保留在主词表,普通词,与浙江中考考频表词头直接匹配,"",9b-word-list_01-06.png
NV2445,2446,9B,Unit 1,policeman,policeman,/pəˈliːsmən/,n.,(pl. policemen /pəˈliːsmən/) （男）警察,p.5,单词,否,是,4799,A核心,保留在主词表,普通词,与浙江中考考频表词头直接匹配,"",9b-word-list_01-06.png
NV2446,2447,9B,Unit 1,shame,shame,/ʃeɪm/,n.,让人遗憾的事；羞愧,p.5,单词,否,是,3796,A核心,保留在主词表,普通词,与浙江中考考频表词头直接匹配,"",9b-word-list_01-06.png
NV2447,2448,9B,Unit 1,president,president,/ˈprezɪdənt/,n.,（公司）董事长；主席；总统,p.5,单词,否,是,303,A核心,保留在主词表,普通词,与浙江中考考频表词头直接匹配,"",9b-word-list_01-06.png
NV2448,2449,9B,Unit 1,go all out,go all out,,,全力以赴；竭尽全力,p.8,多词表达,否,否,,A核心,保留在主词表,短语或固定表达,教材明确列出的短语或句型，应独立掌握,后续需结合短语考查价值再细分,9b-word-list_01-06.png
NV2449,2450,9B,Unit 1,regret,regret,/rɪˈgret/,v. & n.,遗憾；懊悔,p.9,单词,否,是,4639,A核心,保留在主词表,普通词,与浙江中考考频表词头直接匹配,"",9b-word-list_01-06.png
NV2450,2451,9B,Unit 1,sofa,sofa,/ˈsəʊfə/,n.,长沙发,p.5,单词,否,是,4827,A核心,保留在主词表,普通词,与浙江中考考频表词头直接匹配,"",9b-word-list_01-06.png
NV2451,2452,9B,Unit 1,compound,compound,/ˈkɒmpaʊnd/,adj. n.,adj. 复合的 n. 复合词；混合物,p.2,单词,否,否,,B认读,保留在认读区,普通词,教材词汇，但未与浙江中考考频表词头直接匹配,需在样章阶段复核是否升级为核心,9b-word-list_01-06.png
NV2452,2453,9B,Unit 1,complex,complex,/ˈkɒmpleks/,adj.,复杂的,p.3,单词,否,否,,B认读,保留在认读区,普通词,教材词汇，但未与浙江中考考频表词头直接匹配,需在样章阶段复核是否升级为核心,9b-word-list_01-06.png
NV2453,2454,9B,Unit 1,lunar,lunar,/ˈluːnə(r)/,adj.,月亮的,p.5,单词,否,是,6973,A核心,保留在主词表,普通词,与浙江中考考频表词头直接匹配,"",9b-word-list_01-06.png
NV2454,2455,9B,Unit 1,reunite,reunite,/ˌriːjuːˈnaɪt/,n.,（使）再次积聚,p.5,单词,否,否,,B认读,保留在认读区,普通词,教材词汇，但未与浙江中考考频表词头直接匹配,需在样章阶段复核是否升级为核心,9b-word-list_01-06.png
NV2455,2456,9B,Unit 1,mooncake,mooncake,/ˈmuːnkeɪk/,n.,月饼,p.5,单词,否,否,,B认读,保留在认读区,普通词,教材词汇，但未与浙江中考考频表词头直接匹配,需在样章阶段复核是否升级为核心,9b-word-list_01-06.png
NV2456,2457,9B,Unit 1,steal,steal,/stiːl/,v.,"(stole /stəʊl/, stolen /ˈstəʊlən/) 偷；窃取",p.5,单词,否,是,1794,A核心,保留在主词表,普通词,与浙江中考考频表词头直接匹配,"",9b-word-list_01-06.png
NV2457,2458,9B,Unit 1,bring together,bring together,,,把……召集起来,p.6,多词表达,否,否,,A核心,保留在主词表,短语或固定表达,教材明确列出的短语或句型，应独立掌握,后续需结合短语考查价值再细分,9b-word-list_01-06.png
NV2458,2459,9B,Unit 1,couplet,couplet,/ˈkʌplɪt/,n.,对联,p.6,单词,否,否,,B认读,保留在认读区,普通词,教材词汇，但未与浙江中考考频表词头直接匹配,需在样章阶段复核是否升级为核心,9b-word-list_01-06.png
NV2459,2460,9B,Unit 1,firework,firework,/ˈfaɪəwɜːk/,n.,焰火；烟花,p.6,单词,否,否,,B认读,保留在认读区,普通词,教材词汇，但未与浙江中考考频表词头直接匹配,需在样章阶段复核是否升级为核心,9b-word-list_01-06.png
NV2460,2461,9B,Unit 1,gather,gather,/ˈgæðə(r)/,v.,聚集；集合,p.6,单词,否,否,,B认读,保留在认读区,普通词,教材词汇，但未与浙江中考考频表词头直接匹配,需在样章阶段复核是否升级为核心,9b-word-list_01-06.png
NV2461,2462,9B,Unit 1,count down,count down,,,倒计时,p.6,多词表达,否,否,,A核心,保留在主词表,短语或固定表达,教材明确列出的短语或句型，应独立掌握,后续需结合短语考查价值再细分,9b-word-list_01-06.png
NV2462,2463,9B,Unit 1,midnight,midnight,/ˈmɪdnaɪt/,n.,午夜；半夜,p.6,单词,否,是,3484,A核心,保留在主词表,普通词,与浙江中考考频表词头直接匹配,"",9b-word-list_01-06.png
NV2463,2464,9B,Unit 1,Scottish,scottish,/ˈskɒtɪʃ/,adj.,苏格兰的；苏格兰人的,p.6,单词,是,否,,B认读,保留在认读区,普通词,具有明确词性，但未与浙江中考考频表词头直接匹配,"",9b-word-list_01-06.png
NV2464,2465,9B,Unit 1,set off,set off,,,点燃；动身,p.6,多词表达,否,否,,A核心,保留在主词表,短语或固定表达,教材明确列出的短语或句型，应独立掌握,后续需结合短语考查价值再细分,9b-word-list_01-06.png
NV2465,2466,9B,Unit 1,Chinese lunar calendar,chinese lunar calendar,,,中国农历,p.6,多词表达,是,否,,B认读,保留在认读区,缩写或背景概念,有课文理解价值，但不建议作为重点默写词,"",9b-word-list_01-06.png
NV2466,2467,9B,Unit 1,sweep out,sweep out,,,清扫干净（房间等）,p.6,多词表达,否,否,,A核心,保留在主词表,短语或固定表达,教材明确列出的短语或句型，应独立掌握,后续需结合短语考查价值再细分,9b-word-list_01-06.png
NV2467,2468,9B,Unit 1,dust,dust,/dʌst/,n. v.,n. 尘土 v. 掸去,p.6,单词,否,否,,B认读,保留在认读区,普通词,教材词汇，但未与浙江中考考频表词头直接匹配,需在样章阶段复核是否升级为核心,9b-word-list_01-06.png
NV2468,2469,9B,Unit 1,breeze,breeze,/briːz/,n.,微风；轻风,p.6,单词,否,否,,B认读,保留在认读区,普通词,教材词汇，但未与浙江中考考频表词头直接匹配,需在样章阶段复核是否升级为核心,9b-word-list_01-06.png
NV2469,2470,9B,Unit 1,throughout,throughout,/θruːˈaʊt/,prep. & adv.,遍及；自始至终,p.7,单词,否,是,984,A核心,保留在主词表,普通词,与浙江中考考频表词头直接匹配,"",9b-word-list_01-06.png
NV2470,2471,9B,Unit 1,fool,fool,/fuːl/,n. v.,n. 蠢人；傻瓜 v. 欺骗,p.8,单词,否,是,4062,A核心,保留在主词表,普通词,与浙江中考考频表词头直接匹配,"",9b-word-list_01-06.png
NV2471,2472,9B,Unit 1,powder,powder,/ˈpaʊdə(r)/,n.,粉末；细面,p.8,单词,否,是,3281,A核心,保留在主词表,普通词,与浙江中考考频表词头直接匹配,"",9b-word-list_01-06.png
NV2472,2473,9B,Unit 1,background,background,/ˈbækgraʊnd/,n.,背景,p.8,单词,否,是,1406,A核心,保留在主词表,普通词,与浙江中考考频表词头直接匹配,"",9b-word-list_01-06.png
NV2473,2474,9B,Unit 1,carnival,carnival,/ˈkɑːnɪvl/,n.,狂欢节；嘉年华,p.9,单词,否,否,,B认读,保留在认读区,普通词,教材词汇，但未与浙江中考考频表词头直接匹配,需在样章阶段复核是否升级为核心,9b-word-list_01-06.png
NV2474,2475,9B,Unit 1,samba,samba,/ˈsæmbə/,n.,桑巴舞,p.9,单词,否,否,,B认读,保留在认读区,普通词,教材词汇，但未与浙江中考考频表词头直接匹配,需在样章阶段复核是否升级为核心,9b-word-list_01-06.png
NV2475,2476,9B,Unit 1,Tomb-sweeping Day,tomb-sweeping day,,,清明节,p.2,多词表达,是,否,,D复核,等待人工确认,常见节日,属于专名，但可能在中考语境中出现,确认是认读还是剔除,9b-word-list_01-06.png
NV2476,2477,9B,Unit 1,Victor,victor,/ˈvɪktə(r)/,,维克托,p.2,单词,是,是,13052,C剔除,从学生主词表剔除,人名,人物名、姓氏或虚构人物名,与考频表普通词同形，按本条中文释义判定为人名,9b-word-list_01-06.png
NV2477,2478,9B,Unit 1,Malaysia,malaysia,/məˈleɪʒə/,,马来西亚,p.3,单词,是,否,,D复核,等待人工确认,国家或大洲,属于地名，但常见国家和大洲名称可能具有认读价值,确认是剔除还是放入认读区,9b-word-list_01-06.png
NV2478,2479,9B,Unit 1,Italy,italy,/ˈɪtəli/,,意大利,p.5,单词,是,否,,D复核,等待人工确认,国家或大洲,属于地名，但常见国家和大洲名称可能具有认读价值,确认是剔除还是放入认读区,9b-word-list_01-06.png
NV2479,2480,9B,Unit 1,Mid-Autumn Festival,mid-autumn festival,,,中秋节,p.5,多词表达,是,否,,D复核,等待人工确认,常见节日,属于专名，但可能在中考语境中出现,确认是认读还是剔除,9b-word-list_01-06.png
NV2480,2481,9B,Unit 1,Big Ben,big ben,,,大本钟,p.6,多词表达,是,否,,C剔除,从学生主词表剔除,具体地名,城市、景点、地理实体或历史地点专名,"",9b-word-list_01-06.png
NV2481,2482,9B,Unit 1,Auld Lang Syne,auld lang syne,/ˌɔːld læŋ ˈsaɪn/,,《友谊地久天长》,p.6,多词表达,是,否,,C剔除,从学生主词表剔除,作品名称,作品或艺术品专名，不作为学生背诵词条,可保留在文化附录,9b-word-list_01-06.png
NV2482,2483,9B,Unit 1,Times Square,times square,,,时代广场,p.6,多词表达,是,否,,C剔除,从学生主词表剔除,具体地名,城市、景点、地理实体或历史地点专名,"",9b-word-list_01-06.png
NV2483,2484,9B,Unit 1,Sham El-Nessim,sham el-nessim,,,（埃及）嗅风节,p.6,多词表达,是,否,,C剔除,从学生主词表剔除,低考试价值文化词,文化背景专名或外语教育制度名称，预计不要求拼写,可保留在文化附录,9b-word-list_01-06.png
NV2484,2485,9B,Unit 1,April Fool's Day,april fool's day,,,愚人节,p.8,多词表达,是,否,,D复核,等待人工确认,常见节日,属于专名，但可能在中考语境中出现,确认是认读还是剔除,9b-word-list_01-06.png
NV2485,2486,9B,Unit 1,Holi,holi,,,（印度）洒红节,p.8,单词,是,否,,C剔除,从学生主词表剔除,低考试价值文化词,文化背景专名或外语教育制度名称，预计不要求拼写,可保留在文化附录,9b-word-list_01-06.png
NV2486,2487,9B,Unit 1,Rio de Janeiro,rio de janeiro,/ˌriːəʊ dɑː dʒəˈnɪərəʊ/,,里约热内卢（巴西城市）,p.9,多词表达,是,否,,C剔除,从学生主词表剔除,具体地名,城市、景点、地理实体或历史地点专名,"",9b-word-list_01-06.png
NV2487,2488,9B,Unit 1,Brazil,brazil,/brəˈzɪl/,,巴西,p.9,单词,是,否,,D复核,等待人工确认,国家或大洲,属于地名，但常见国家和大洲名称可能具有认读价值,确认是剔除还是放入认读区,9b-word-list_01-06.png
NV2488,2489,9B,Unit 1,Jason,jason,/ˈdʒeɪsn/,,贾森,p.9,单词,是,否,,C剔除,从学生主词表剔除,人名,人物名、姓氏或虚构人物名,"",9b-word-list_01-06.png
NV2489,2490,9B,Unit 2,site,site,/saɪt/,n.,场所；地方,p.12,单词,否,是,532,A核心,保留在主词表,普通词,与浙江中考考频表词头直接匹配,"",9b-word-list_01-06.png
NV2490,2491,9B,Unit 2,artefact,artefact,/ˈɑːtɪfekt/,n.,(=artifact) （有史学价值的）人工制品,p.12,单词,否,否,,B认读,保留在认读区,普通词,教材词汇，但未与浙江中考考频表词头直接匹配,需在样章阶段复核是否升级为核心,9b-word-list_01-06.png
NV2491,2492,9B,Unit 2,horn,horn,/hɔːn/,n.,（羊、牛等动物的）角,p.12,单词,否,否,,B认读,保留在认读区,普通词,教材词汇，但未与浙江中考考频表词头直接匹配,需在样章阶段复核是否升级为核心,9b-word-list_01-06.png
NV2492,2493,9B,Unit 2,Egyptian,egyptian,/ɪˈdʒɪpʃn/,adj. n.,adj. 埃及的；埃及人的 n. 埃及人,p.13,单词,是,否,,B认读,保留在认读区,普通词,具有明确词性，但未与浙江中考考频表词头直接匹配,"",9b-word-list_01-06.png
NV2493,2494,9B,Unit 2,empress,empress,/ˈempres/,n.,女皇；皇后,p.13,单词,否,否,,B认读,保留在认读区,普通词,教材词汇，但未与浙江中考考频表词头直接匹配,需在样章阶段复核是否升级为核心,9b-word-list_01-06.png
NV2494,2495,9B,Unit 2,queen,queen,/kwiːn/,n.,女王；王后,p.13,单词,否,是,4150,A核心,保留在主词表,普通词,与浙江中考考频表词头直接匹配,"",9b-word-list_01-06.png
NV2495,2496,9B,Unit 2,mummy,mummy,/ˈmʌmi/,n.,木乃伊；（儿语）妈妈,p.14,单词,否,否,,B认读,保留在认读区,普通词,教材词汇，但未与浙江中考考频表词头直接匹配,需在样章阶段复核是否升级为核心,9b-word-list_01-06.png
NV2496,2497,9B,Unit 2,archaeologist,archaeologist,/ˌɑːkiˈɒlədʒɪst/,n.,(=archaologist) 考古学家,p.14,单词,否,否,,B认读,保留在认读区,普通词,教材词汇，但未与浙江中考考频表词头直接匹配,需在样章阶段复核是否升级为核心,9b-word-list_01-06.png
NV2497,2498,9B,Unit 2,wealthy,wealthy,/ˈwelθi/,adj.,有钱的；富裕的,p.14,单词,否,否,,B认读,保留在认读区,普通词,教材词汇，但未与浙江中考考频表词头直接匹配,需在样章阶段复核是否升级为核心,9b-word-list_01-06.png
NV2498,2499,9B,Unit 2,clothing,clothing,/ˈkləʊðɪŋ/,n.,衣物；服装,p.14,单词,否,是,2666,A核心,保留在主词表,普通词,与浙江中考考频表词头直接匹配,"",9b-word-list_01-06.png
NV2499,2500,9B,Unit 2,cotton,cotton,/ˈkɒtn/,n.,棉、棉花；棉织物,p.14,单词,否,是,3155,A核心,保留在主词表,普通词,与浙江中考考频表词头直接匹配,"",9b-word-list_01-06.png
NV2500,2501,9B,Unit 2,gram,gram,/græm/,n.,(=gramme) 克（重量单位）,p.14,单词,否,否,,B认读,保留在认读区,普通词,教材词汇，但未与浙江中考考频表词头直接匹配,需在样章阶段复核是否升级为核心,9b-word-list_01-06.png
NV2501,2502,9B,Unit 2,pound,pound,/paʊnd/,n.,磅（重量单位）；镑（货币单位）,p.14,单词,否,是,1310,A核心,保留在主词表,普通词,与浙江中考考频表词头直接匹配,"",9b-word-list_01-06.png
NV2502,2503,9B,Unit 2,matchbox,matchbox,/ˈmætʃbɒks/,n.,火柴盒,p.14,单词,否,否,,B认读,保留在认读区,普通词,教材词汇，但未与浙江中考考频表词头直接匹配,需在样章阶段复核是否升级为核心,9b-word-list_01-06.png
NV2503,2504,9B,Unit 2,ash,ash,/æʃ/,n.,灰烬；废墟,p.15,单词,否,否,,B认读,保留在认读区,普通词,教材词汇，但未与浙江中考考频表词头直接匹配,需在样章阶段复核是否升级为核心,9b-word-list_01-06.png
NV2504,2505,9B,Unit 2,unlikely,unlikely,/ʌnˈlaɪkli/,adj.,不大可能发生的,p.15,单词,否,否,,B认读,保留在认读区,普通词,教材词汇，但未与浙江中考考频表词头直接匹配,需在样章阶段复核是否升级为核心,9b-word-list_01-06.png
NV2505,2506,9B,Unit 2,jade,jade,/dʒeɪd/,n.,玉；翡翠,p.15,单词,否,否,,B认读,保留在认读区,普通词,教材词汇，但未与浙江中考考频表词头直接匹配,需在样章阶段复核是否升级为核心,9b-word-list_01-06.png
NV2506,2507,9B,Unit 2,wealth,wealth,/welθ/,n.,财产；财富,p.15,单词,否,是,2575,A核心,保留在主词表,普通词,与浙江中考考频表词头直接匹配,"",9b-word-list_01-06.png
NV2507,2508,9B,Unit 2,trade,trade,/treɪd/,n.,贸易；买卖,p.15,单词,否,是,800,A核心,保留在主词表,普通词,与浙江中考考频表词头直接匹配,"",9b-word-list_01-06.png
NV2508,2509,9B,Unit 2,repair,repair,/rɪˈpeə(r)/,v. & n.,修理；修补,p.15,单词,否,是,3904,A核心,保留在主词表,普通词,与浙江中考考频表词头直接匹配,"",9b-word-list_01-06.png
NV2509,2510,9B,Unit 2,bring ... to life,bring ... to life,,,使……鲜活起来；赋予生命,p.16,多词表达,否,否,,A核心,保留在主词表,短语或固定表达,教材明确列出的短语或句型，应独立掌握,后续需结合短语考查价值再细分,9b-word-list_01-06.png
NV2510,2511,9B,Unit 2,archaeological,archaeological,/ˌɑːkiəˈlɒdʒɪkl/,adj.,(=archeological) 考古学的,p.16,单词,否,否,,B认读,保留在认读区,普通词,教材词汇，但未与浙江中考考频表词头直接匹配,需在样章阶段复核是否升级为核心,9b-word-list_01-06.png
NV2511,2512,9B,Unit 2,millions (of ...),millions (of ...),,,数百万的；大量的,p.16,多词表达,否,否,,A核心,保留在主词表,短语或固定表达,教材明确列出的短语或句型，应独立掌握,后续需结合短语考查价值再细分,9b-word-list_01-06.png
NV2512,2513,9B,Unit 2,gate,gate,/geɪt/,n.,门；大门,p.16,单词,否,是,2020,A核心,保留在主词表,普通词,与浙江中考考频表词头直接匹配,"",9b-word-list_01-06.png
NV2513,2514,9B,Unit 2,aware,aware,/əˈweə(r)/,adj.,知道的；意识到的,p.16,单词,否,是,1443,A核心,保留在主词表,普通词,与浙江中考考频表词头直接匹配,"",9b-word-list_01-06.png
NV2514,2515,9B,Unit 2,aware of,aware of,,,知道；意识到,p.16,多词表达,否,否,,A核心,保留在主词表,短语或固定表达,教材明确列出的短语或句型，应独立掌握,后续需结合短语考查价值再细分,9b-word-list_01-06.png
NV2515,2516,9B,Unit 2,underground,underground,/ˌʌndəˈgraʊnd/,adv. adj. n.,adv. 在地（面）下 adj. 地（面）下的 n. 地铁,p.16,单词,否,是,5401,A核心,保留在主词表,普通词,与浙江中考考频表词头直接匹配,"",9b-word-list_01-06.png
NV2516,2517,9B,Unit 2,pit,pit,/pɪt/,n.,深坑；深涧,p.16,单词,否,否,,B认读,保留在认读区,普通词,教材词汇，但未与浙江中考考频表词头直接匹配,需在样章阶段复核是否升级为核心,9b-word-list_01-06.png
NV2517,2518,9B,Unit 2,world-famous,world-famous,/ˌwɜːld ˈfeɪməs/,adj.,举世闻名的,p.16,单词,否,否,,B认读,保留在认读区,普通词,教材词汇，但未与浙江中考考频表词头直接匹配,需在样章阶段复核是否升级为核心,9b-word-list_01-06.png
NV2518,2519,9B,Unit 2,dig,dig,/dɪg/,v.,"(dug /dʌg/, dug) 挖（土）；掘（地）",p.16,单词,否,是,2476,A核心,保留在主词表,普通词,与浙江中考考频表词头直接匹配,"",9b-word-list_01-06.png
NV2519,2520,9B,Unit 2,remains,remains,/rɪˈmeɪnz/,n.,(pl) 遗迹；残留物,p.16,单词,否,否,,B认读,保留在认读区,普通词,教材词汇，但未与浙江中考考频表词头直接匹配,需在样章阶段复核是否升级为核心,9b-word-list_01-06.png
NV2520,2521,9B,Unit 2,era,era,/ˈɪərə/,n.,时代；年代,p.16,单词,否,是,1894,A核心,保留在主词表,普通词,与浙江中考考频表词头直接匹配,"",9b-word-list_01-06.png
NV2521,2522,9B,Unit 2,highly,highly,/ˈhaɪli/,adv.,非常；极,p.16,单词,否,否,,B认读,保留在认读区,普通词,教材词汇，但未与浙江中考考频表词头直接匹配,需在样章阶段复核是否升级为核心,9b-word-list_01-06.png
NV2522,2523,9B,Unit 2,skilled,skilled,/skɪld/,adj.,有技能的；熟练的,p.16,单词,否,否,,B认读,保留在认读区,普通词,教材词汇，但未与浙江中考考频表词头直接匹配,需在样章阶段复核是否升级为核心,9b-word-list_01-06.png
NV2523,2524,9B,Unit 2,skilled in,skilled in,,,善于；精通,p.16,多词表达,否,否,,A核心,保留在主词表,短语或固定表达,教材明确列出的短语或句型，应独立掌握,后续需结合短语考查价值再细分,9b-word-list_01-06.png
NV2524,2525,9B,Unit 2,metal,metal,/ˈmetl/,n.,金属,p.16,单词,否,是,1579,A核心,保留在主词表,普通词,与浙江中考考频表词头直接匹配,"",9b-word-list_01-06.png
NV2525,2526,9B,Unit 2,carve,carve,/kɑːv/,v.,雕刻,p.16,单词,否,否,,B认读,保留在认读区,普通词,教材词汇，但未与浙江中考考频表词头直接匹配,需在样章阶段复核是否升级为核心,9b-word-list_01-06.png
NV2526,2527,9B,Unit 2,style,style,/staɪl/,n.,样式；款式,p.16,单词,否,是,969,A核心,保留在主词表,普通词,与浙江中考考频表词头直接匹配,"",9b-word-list_01-06.png
NV2527,2528,9B,Unit 2,unique,unique,/juˈniːk/,adj.,独特的；罕见的,p.16,单词,否,是,1735,A核心,保留在主词表,普通词,与浙江中考考频表词头直接匹配,"",9b-word-list_01-06.png
NV2528,2529,9B,Unit 2,evidence,evidence,/ˈevɪdəns/,n.,证据；证明,p.16,单词,否,是,606,A核心,保留在主词表,普通词,与浙江中考考频表词头直接匹配,"",9b-word-list_01-06.png
NV2529,2530,9B,Unit 2,aim,aim,/eɪm/,n. v.,n. 目的；目标 v. 力求达到；力争做到,p.17,单词,否,是,1941,A核心,保留在主词表,普通词,与浙江中考考频表词头直接匹配,"",9b-word-list_01-06.png
NV2530,2531,9B,Unit 2,dollar,dollar,/ˈdɒlə(r)/,n.,元（英国、加拿大等国的货币单位）,p.18,单词,否,否,,B认读,保留在认读区,普通词,教材词汇，但未与浙江中考考频表词头直接匹配,需在样章阶段复核是否升级为核心,9b-word-list_01-06.png
NV2531,2532,9B,Unit 2,cent,cent,/sent/,n.,分（货币单位）,p.18,单词,否,否,,B认读,保留在认读区,普通词,教材词汇，但未与浙江中考考频表词头直接匹配,需在样章阶段复核是否升级为核心,9b-word-list_01-06.png
NV2532,2533,9B,Unit 2,statue,statue,/ˈstætʃuː/,n.,雕塑；雕像,p.18,单词,否,否,,B认读,保留在认读区,普通词,教材词汇，但未与浙江中考考频表词头直接匹配,需在样章阶段复核是否升级为核心,9b-word-list_01-06.png
NV2533,2534,9B,Unit 2,Mayan,mayan,/ˈmaɪən/,adj. n.,adj. 玛雅人的；玛雅语的 n. 玛雅人；玛雅语,p.19,单词,是,否,,B认读,保留在认读区,普通词,具有明确词性，但未与浙江中考考频表词头直接匹配,"",9b-word-list_01-06.png
NV2534,2535,9B,Unit 2,shadow,shadow,/ˈʃædəʊ/,n.,影子；阴影,p.19,单词,否,是,1674,A核心,保留在主词表,普通词,与浙江中考考频表词头直接匹配,"",9b-word-list_01-06.png
NV2535,2536,9B,Unit 2,crawl,crawl,/krɔːl/,v.,爬行,p.19,单词,否,是,3866,A核心,保留在主词表,普通词,与浙江中考考频表词头直接匹配,"",9b-word-list_01-06.png
NV2536,2537,9B,Unit 2,interestingly,interestingly,/ˈɪntrəstɪŋli/,adv.,有趣地,p.19,单词,否,是,6836,A核心,保留在主词表,普通词,与浙江中考考频表词头直接匹配,"",9b-word-list_01-06.png
NV2537,2538,9B,Unit 2,Asia,asia,/ˈeɪʒə; ˈeɪʃə/,,亚洲,p.12,单词,是,否,,D复核,等待人工确认,国家或大洲,属于地名，但常见国家和大洲名称可能具有认读价值,确认是剔除还是放入认读区,9b-word-list_01-06.png
NV2538,2539,9B,Unit 2,Sphinx,sphinx,/sfɪŋks/,,斯芬克斯,p.13,单词,是,否,,C剔除,从学生主词表剔除,具体地名,城市、景点、地理实体或历史地点专名,"",9b-word-list_01-06.png
NV2539,2540,9B,Unit 2,King Tut,king tut,/tuːt/,,图坦卡蒙国王,p.13,多词表达,是,否,,C剔除,从学生主词表剔除,人名,人物名、姓氏或虚构人物名,"",9b-word-list_01-06.png
NV2540,2541,9B,Unit 2,Great Pyramid,great pyramid,,,大金字塔,p.13,多词表达,是,否,,C剔除,从学生主词表剔除,具体地名,城市、景点、地理实体或历史地点专名,"",9b-word-list_01-06.png
NV2541,2542,9B,Unit 2,CT scan,ct scan,/skæn/,,计算机层析成像扫描,p.13,多词表达,是,否,,B认读,保留在认读区,缩写或背景概念,有课文理解价值，但不建议作为重点默写词,"",9b-word-list_01-06.png
NV2542,2543,9B,Unit 2,DNA test,dna test,,,脱氧核糖核酸检测,p.13,多词表达,是,否,,B认读,保留在认读区,缩写或背景概念,有课文理解价值，但不建议作为重点默写词,"",9b-word-list_01-06.png
NV2543,2544,9B,Unit 2,Cairo,cairo,/ˈkaɪrəʊ/,,开罗（埃及首都）,p.13,单词,是,否,,C剔除,从学生主词表剔除,具体地名,城市、景点、地理实体或历史地点专名,"",9b-word-list_01-06.png
NV2544,2545,9B,Unit 2,Terracotta Army,terracotta army,/ˌterəˈkɒtə/,,兵马俑,p.15,多词表达,是,否,,C剔除,从学生主词表剔除,具体地名,城市、景点、地理实体或历史地点专名,"",9b-word-list_01-06.png
NV2545,2546,9B,Unit 2,Stonehenge,stonehenge,/ˌstəʊnˈhendʒ/,,巨石阵,p.18,单词,是,否,,C剔除,从学生主词表剔除,具体地名,城市、景点、地理实体或历史地点专名,"",9b-word-list_01-06.png
NV2546,2547,9B,Unit 2,Central America,central america,,,中美洲,p.19,多词表达,是,否,,D复核,等待人工确认,国家或大洲,属于地名，但常见国家和大洲名称可能具有认读价值,确认是剔除还是放入认读区,9b-word-list_01-06.png
NV2547,2548,9B,Unit 2,Kukulkan,kukulkan,/ˌkuːkʊlˈkɒn/,,库库尔坎,p.19,单词,是,否,,C剔除,从学生主词表剔除,人名,人物名、姓氏或虚构人物名,"",9b-word-list_01-06.png
NV2548,2549,9B,Unit 3,shrimp,shrimp,/ʃrʌmp/,n.,虾,p.15,单词,否,是,4177,A核心,保留在主词表,普通词,与浙江中考考频表词头直接匹配,"",9b-word-list_01-06.png
NV2549,2550,9B,Unit 3,burst,burst,/bɜːst/,v. n.,"v. (burst, burst) 冲；（使）爆裂 n. 迸发",p.22,单词,否,否,,B认读,保留在认读区,普通词,教材词汇，但未与浙江中考考频表词头直接匹配,需在样章阶段复核是否升级为核心,9b-word-list_01-06.png
NV2550,2551,9B,Unit 3,brushstroke,brushstroke,/ˈbrʌʃstrəʊk/,n.,一笔；一画,p.22,单词,否,否,,B认读,保留在认读区,普通词,教材词汇，但未与浙江中考考频表词头直接匹配,需在样章阶段复核是否升级为核心,9b-word-list_01-06.png
NV2551,2552,9B,Unit 3,lifelike,lifelike,/ˈlaɪflaɪk/,adj.,生动的，逼真的,p.22,单词,否,否,,B认读,保留在认读区,普通词,教材词汇，但未与浙江中考考频表词头直接匹配,需在样章阶段复核是否升级为核心,9b-word-list_01-06.png
NV2552,2553,9B,Unit 3,combine,combine,/kəmˈbaɪn/,v.,（使）结合；（使）组合,p.22,单词,否,是,1452,A核心,保留在主词表,普通词,与浙江中考考频表词头直接匹配,"",9b-word-list_01-06.png
NV2553,2554,9B,Unit 3,combine ... with ...,combine ... with ...,,,把……与……结合起来,p.22,多词表达,否,否,,A核心,保留在主词表,短语或固定表达,教材明确列出的短语或句型，应独立掌握,后续需结合短语考查价值再细分,9b-word-list_01-06.png
NV2554,2555,9B,Unit 3,opposite,opposite,/ˈɒpəzɪt/,adj. n.,adj. 截然相反的；对立的 n. 反面,p.23,单词,否,是,2236,A核心,保留在主词表,普通词,与浙江中考考频表词头直接匹配,"",9b-word-list_01-06.png
NV2555,2556,9B,Unit 3,scene,scene,/siːn/,n.,景色；情景,p.23,单词,否,是,738,A核心,保留在主词表,普通词,与浙江中考考频表词头直接匹配,"",9b-word-list_01-06.png
NV2556,2557,9B,Unit 3,empty,empty,/ˈempti/,adj. v.,adj. 空的 v. 倒空,p.23,单词,否,否,,B认读,保留在认读区,普通词,教材词汇，但未与浙江中考考频表词头直接匹配,需在样章阶段复核是否升级为核心,9b-word-list_01-06.png
NV2557,2558,9B,Unit 3,cover ... in,cover ... in,,,覆盖,p.23,多词表达,否,否,,A核心,保留在主词表,短语或固定表达,教材明确列出的短语或句型，应独立掌握,后续需结合短语考查价值再细分,9b-word-list_01-06.png
NV2558,2559,9B,Unit 3,perfectly,perfectly,/ˈpɜːfɪktli/,adv.,完美地；完全地,p.24,单词,否,是,2451,A核心,保留在主词表,普通词,与浙江中考考频表词头直接匹配,"",9b-word-list_01-06.png
NV2559,2560,9B,Unit 3,beauty,beauty,/ˈbjuːti/,n.,美人；美丽,p.24,单词,否,是,1733,A核心,保留在主词表,普通词,与浙江中考考频表词头直接匹配,"",9b-word-list_01-06.png
NV2560,2561,9B,Unit 3,sculptor,sculptor,/ˈskʌlptə(r)/,n.,雕塑家,p.24,单词,否,否,,B认读,保留在认读区,普通词,教材词汇，但未与浙江中考考频表词头直接匹配,需在样章阶段复核是否升级为核心,9b-word-list_01-06.png
NV2561,2562,9B,Unit 3,skin,skin,/skɪn/,n.,皮肤；皮,p.24,单词,否,是,1020,A核心,保留在主词表,普通词,与浙江中考考频表词头直接匹配,"",9b-word-list_01-06.png
NV2562,2563,9B,Unit 3,lab,lab,/læb/,n.,(=laboratory /ləˈbɒrətri; ˈlæbrətɔːri/) 实验室,p.25,单词,否,是,2101,A核心,保留在主词表,普通词,与浙江中考考频表词头直接匹配,"",9b-word-list_01-06.png
NV2563,2564,9B,Unit 3,diet,diet,/ˈdaɪət/,n.,节食；规定饮食,p.25,单词,否,是,2152,A核心,保留在主词表,普通词,与浙江中考考频表词头直接匹配,"",9b-word-list_01-06.png
NV2564,2565,9B,Unit 3,on a diet,on a diet,,,节食,p.25,多词表达,否,否,,A核心,保留在主词表,短语或固定表达,教材明确列出的短语或句型，应独立掌握,后续需结合短语考查价值再细分,9b-word-list_01-06.png
NV2565,2566,9B,Unit 3,knock,knock,/nɒk/,v. n.,v. 敲（门、窗等） n. 敲击,p.25,单词,否,是,2099,A核心,保留在主词表,普通词,与浙江中考考频表词头直接匹配,"",9b-word-list_01-06.png
NV2566,2567,9B,Unit 3,model,model,/ˈmɒdl/,v. n.,v. 当模特；模仿 n. 模特、模型,p.25,单词,否,是,504,A核心,保留在主词表,普通词,与浙江中考考频表词头直接匹配,"",9b-word-list_01-06.png
NV2567,2568,9B,Unit 3,porcelain,porcelain,/ˈpɔːslɪn/,n.,瓷器,p.25,单词,否,否,,B认读,保留在认读区,普通词,教材词汇，但未与浙江中考考频表词头直接匹配,需在样章阶段复核是否升级为核心,9b-word-list_01-06.png
NV2568,2569,9B,Unit 3,rare,rare,/reə(r)/,adj.,稀有的；罕见的,p.25,单词,否,是,1882,A核心,保留在主词表,普通词,与浙江中考考频表词头直接匹配,"",9b-word-list_01-06.png
NV2569,2570,9B,Unit 3,commonly,commonly,/ˈkɒmənli/,adv.,通常；一般,p.25,单词,否,否,,B认读,保留在认读区,普通词,教材词汇，但未与浙江中考考频表词头直接匹配,需在样章阶段复核是否升级为核心,9b-word-list_01-06.png
NV2570,2571,9B,Unit 3,china,china,/ˈtʃaɪnə/,n.,瓷；瓷器,p.25,单词,否,是,9246,A核心,保留在主词表,普通词,与浙江中考考频表词头直接匹配,"",9b-word-list_01-06.png
NV2571,2572,9B,Unit 3,artistic,artistic,/ɑːˈtɪstɪk/,adj.,美术的；艺术的,p.25,单词,否,否,,B认读,保留在认读区,普通词,教材词汇，但未与浙江中考考频表词头直接匹配,需在样章阶段复核是否升级为核心,9b-word-list_01-06.png
NV2572,2573,9B,Unit 3,on show,on show,,,在展出,p.26,多词表达,否,否,,A核心,保留在主词表,短语或固定表达,教材明确列出的短语或句型，应独立掌握,后续需结合短语考查价值再细分,9b-word-list_01-06.png
NV2573,2574,9B,Unit 3,calligrapher,calligrapher,/kəˈlɪgrəfə(r)/,n.,书法家,p.26,单词,否,否,,B认读,保留在认读区,普通词,教材词汇，但未与浙江中考考频表词头直接匹配,需在样章阶段复核是否升级为核心,9b-word-list_01-06.png
NV2574,2575,9B,Unit 3,recreate,recreate,/ˌriːkriˈeɪt/,v.,使再现,p.26,单词,否,否,,B认读,保留在认读区,普通词,教材词汇，但未与浙江中考考频表词头直接匹配,需在样章阶段复核是否升级为核心,9b-word-list_01-06.png
NV2575,2576,9B,Unit 3,pity,pity,/ˈpɪti/,n. & v.,遗憾；同情,p.26,单词,否,是,7032,A核心,保留在主词表,普通词,与浙江中考考频表词头直接匹配,"",9b-word-list_01-06.png
NV2576,2577,9B,Unit 3,original,original,/əˈrɪdʒənl/,adj.,真正的；最初的,p.26,单词,否,否,,B认读,保留在认读区,普通词,教材词汇，但未与浙江中考考频表词头直接匹配,需在样章阶段复核是否升级为核心,9b-word-list_01-06.png
NV2577,2578,9B,Unit 3,version,version,/ˈvɜːʃn/,n.,版本,p.26,单词,否,是,1131,A核心,保留在主词表,普通词,与浙江中考考频表词头直接匹配,"",9b-word-list_01-06.png
NV2578,2579,9B,Unit 3,copy,copy,/ˈkɒpi/,v. n.,v. 模仿；复制 n. 复制件,p.26,单词,否,是,1937,A核心,保留在主词表,普通词,与浙江中考考频表词头直接匹配,"",9b-word-list_01-06.png
NV2579,2580,9B,Unit 3,apart,apart,/əˈpɑːt/,adv.,相隔；分开,p.27,单词,否,是,1981,A核心,保留在主词表,普通词,与浙江中考考频表词头直接匹配,"",9b-word-list_01-06.png
NV2580,2581,9B,Unit 3,apart from,apart from,,,除了……（还有）；除了……（别无）,p.27,多词表达,否,否,,A核心,保留在主词表,短语或固定表达,教材明确列出的短语或句型，应独立掌握,后续需结合短语考查价值再细分,9b-word-list_01-06.png
NV2581,2582,9B,Unit 3,postman,postman,/ˈpəʊstmən/,n.,(pl. postmen /ˈpəʊstmən/) 邮递员,p.28,单词,否,是,21365,A核心,保留在主词表,普通词,与浙江中考考频表词头直接匹配,"",9b-word-list_01-06.png
NV2582,2583,9B,Unit 3,packet,packet,/ˈpækɪt/,n.,小件包装；小袋,p.28,单词,否,否,,B认读,保留在认读区,普通词,教材词汇，但未与浙江中考考频表词头直接匹配,需在样章阶段复核是否升级为核心,9b-word-list_01-06.png
NV2583,2584,9B,Unit 3,chalk,chalk,/tʃɔːk/,n.,粉笔,p.28,单词,否,是,9287,A核心,保留在主词表,普通词,与浙江中考考频表词头直接匹配,"",9b-word-list_01-06.png
NV2584,2585,9B,Unit 3,boss,boss,/bɒs/,n.,老板；上司,p.28,单词,否,是,2338,A核心,保留在主词表,普通词,与浙江中考考频表词头直接匹配,"",9b-word-list_01-06.png
NV2585,2586,9B,Unit 3,within,within,/wɪˈðɪn/,prep.,在……时间之内，不到……,p.28,单词,否,否,,B认读,保留在认读区,普通词,教材词汇，但未与浙江中考考频表词头直接匹配,需在样章阶段复核是否升级为核心,9b-word-list_01-06.png
NV2586,2587,9B,Unit 3,noisy,noisy,/ˈnɔɪzi/,adj.,喧闹的；吵闹的,p.28,单词,否,是,6660,A核心,保留在主词表,普通词,与浙江中考考频表词头直接匹配,"",9b-word-list_01-06.png
NV2587,2588,9B,Unit 3,pond,pond,/pɒnd/,n.,池塘,p.28,单词,否,否,,B认读,保留在认读区,普通词,教材词汇，但未与浙江中考考频表词头直接匹配,需在样章阶段复核是否升级为核心,9b-word-list_01-06.png
NV2588,2589,9B,Unit 3,sunflower,sunflower,/ˈsʌnflaʊə(r)/,n.,向日葵,p.29,单词,否,否,,B认读,保留在认读区,普通词,教材词汇，但未与浙江中考考频表词头直接匹配,需在样章阶段复核是否升级为核心,9b-word-list_01-06.png
NV2589,2590,9B,Unit 3,starry,starry,/ˈstɑːri/,adj.,布满星星的,p.29,单词,否,否,,B认读,保留在认读区,普通词,教材词汇，但未与浙江中考考频表词头直接匹配,需在样章阶段复核是否升级为核心,9b-word-list_01-06.png
NV2590,2591,9B,Unit 3,passion,passion,/ˈpæʃn/,n.,激情；热爱,p.29,单词,否,是,2297,A核心,保留在主词表,普通词,与浙江中考考频表词头直接匹配,"",9b-word-list_01-06.png
NV2591,2592,9B,Unit 3,Joe,joe,/dʒəʊ/,,乔,p.24,单词,是,否,,C剔除,从学生主词表剔除,人名,人物名、姓氏或虚构人物名,"",9b-word-list_01-06.png
NV2592,2593,9B,Unit 3,Betty,betty,/ˈbeti/,,贝蒂,p.24,单词,是,否,,C剔除,从学生主词表剔除,人名,人物名、姓氏或虚构人物名,"",9b-word-list_01-06.png
NV2593,2594,9B,Unit 3,Dave,dave,/deɪv/,,戴夫,p.24,单词,是,否,,C剔除,从学生主词表剔除,人名,人物名、姓氏或虚构人物名,"",9b-word-list_01-06.png
NV2594,2595,9B,Unit 3,Venus de Milo,venus de milo,/ˌviːnəs de ˈmaɪləʊ/,,《米洛的维纳斯》（雕塑）,p.24,多词表达,是,否,,C剔除,从学生主词表剔除,作品名称,作品或艺术品专名，不作为学生背诵词条,可保留在文化附录,9b-word-list_01-06.png
NV2595,2596,9B,Unit 3,Mona Lisa,mona lisa,/ˌməʊnə ˈliːsə/,,《蒙娜丽莎》（油画）,p.24,多词表达,是,否,,C剔除,从学生主词表剔除,作品名称,作品或艺术品专名，不作为学生背诵词条,可保留在文化附录,9b-word-list_01-06.png
NV2596,2597,9B,Unit 3,Da Vinci,da vinci,/dɑː ˈvɪntʃi/,,达·芬奇,p.24,多词表达,是,否,,C剔除,从学生主词表剔除,人名,人物名、姓氏或虚构人物名,"",9b-word-list_01-06.png
NV2597,2598,9B,Unit 3,Hong Kong,hong kong,/ˌhɒŋˈkɒŋ/,,"(SAR, China) 中华人民共和国香港特别行政区",p.25,多词表达,是,否,,C剔除,从学生主词表剔除,具体地名,城市、景点、地理实体或历史地点专名,"",9b-word-list_01-06.png
NV2598,2599,9B,Unit 3,Orchid Pavilion,orchid pavilion,/pəˈvɪliən/,,兰亭,p.26,多词表达,是,否,,C剔除,从学生主词表剔除,具体地名,城市、景点、地理实体或历史地点专名,"",9b-word-list_01-06.png
NV2599,2600,9B,Unit 3,Astor Garden Court,astor garden court,/ˈæstə(r)/ /kɔːt/,,明轩,p.28,多词表达,是,否,,C剔除,从学生主词表剔除,具体地名,城市、景点、地理实体或历史地点专名,"",9b-word-list_01-06.png
NV2600,2601,9B,Unit 3,Metropolitan Museum of Art,metropolitan museum of art,/ˌmetrəˈpɒlɪtən/,,大都会艺术博物馆,p.28,多词表达,是,否,,C剔除,从学生主词表剔除,具体地名,城市、景点、地理实体或历史地点专名,"",9b-word-list_01-06.png
NV2601,2602,9B,Unit 3,Vincent van Gogh,vincent van gogh,/ˌvɪnsnt væn ˈɡɒf/,,文森特·梵高,p.29,多词表达,是,否,,C剔除,从学生主词表剔除,人名,人物名、姓氏或虚构人物名,"",9b-word-list_01-06.png
NV2602,2603,9B,Unit 3,Netherlands,netherlands,/ˈneðələndz/,,荷兰,p.29,单词,是,否,,D复核,等待人工确认,国家或大洲,属于地名，但常见国家和大洲名称可能具有认读价值,确认是剔除还是放入认读区,9b-word-list_01-06.png
NV2603,2604,9B,Unit 4,reuse,reuse,/ˌriːˈjuːz/,v.,再次使用；重复使用,p.31,单词,否,是,13361,A核心,保留在主词表,普通词,与浙江中考考频表词头直接匹配,"",9b-word-list_01-06.png
NV2604,2605,9B,Unit 4,recycle,recycle,/ˌriːˈsaɪkl/,v.,回收利用,p.31,单词,否,是,5879,A核心,保留在主词表,普通词,与浙江中考考频表词头直接匹配,"",9b-word-list_01-06.png
NV2605,2606,9B,Unit 4,pollution,pollution,/pəˈluːʃn/,n.,污染；污染物,p.32,单词,否,是,2930,A核心,保留在主词表,普通词,与浙江中考考频表词头直接匹配,"",9b-word-list_01-06.png
NV2606,2607,9B,Unit 4,chemical,chemical,/ˈkemɪkl/,n. adj.,n. 化学制品；化学品 adj. 化学物；化学品的,p.32,单词,否,是,2633,A核心,保留在主词表,普通词,与浙江中考考频表词头直接匹配,"",9b-word-list_01-06.png
NV2607,2608,9B,Unit 4,smog,smog,/smɒg/,n.,烟雾,p.32,单词,否,否,,B认读,保留在认读区,普通词,教材词汇，但未与浙江中考考频表词头直接匹配,需在样章阶段复核是否升级为核心,9b-word-list_01-06.png
NV2608,2609,9B,Unit 4,global,global,/ˈɡləʊbl/,adj.,全球的；全世界的,p.32,单词,否,是,1111,A核心,保留在主词表,普通词,与浙江中考考频表词头直接匹配,"",9b-word-list_01-06.png
NV2609,2610,9B,Unit 4,global warming,global warming,,,全球（气候）变暖；地球大气层变化,p.32,多词表达,否,否,,A核心,保留在主词表,短语或固定表达,教材明确列出的短语或句型，应独立掌握,后续需结合短语考查价值再细分,9b-word-list_01-06.png
NV2610,2611,9B,Unit 4,pollute,pollute,/pəˈluːt/,v.,污染；弄脏,p.32,单词,否,是,9405,A核心,保留在主词表,普通词,与浙江中考考频表词头直接匹配,"",9b-word-list_01-06.png
NV2611,2612,9B,Unit 4,disposal,disposal,/dɪˈspəʊzl/,n.,处理；处置,p.33,单词,否,否,,B认读,保留在认读区,普通词,教材词汇，但未与浙江中考考频表词头直接匹配,需在样章阶段复核是否升级为核心,9b-word-list_01-06.png
NV2612,2613,9B,Unit 4,package,package,/ˈpækɪdʒ/,v. n.,v. 把……包装好 n. 包裹，包装好的东西,p.34,单词,否,是,1692,A核心,保留在主词表,普通词,与浙江中考考频表词头直接匹配,"",9b-word-list_01-06.png
NV2613,2614,9B,Unit 4,environmental,environmental,/ɪnˌvaɪrənˈmentl/,adj.,自然环境的；生态环境的,p.35,单词,否,是,820,A核心,保留在主词表,普通词,与浙江中考考频表词头直接匹配,"",9b-word-list_01-06.png
NV2614,2615,9B,Unit 4,well-known,well-known,/ˌwel ˈnəʊn/,adj.,众所周知的；著名的,p.35,单词,否,否,,B认读,保留在认读区,普通词,教材词汇，但未与浙江中考考频表词头直接匹配,需在样章阶段复核是否升级为核心,9b-word-list_01-06.png
NV2615,2616,9B,Unit 4,disturb,disturb,/dɪˈstɜːb/,v.,打扰；使焦虑,p.35,单词,否,是,4608,A核心,保留在主词表,普通词,与浙江中考考频表词头直接匹配,"",9b-word-list_01-06.png
NV2616,2617,9B,Unit 4,trap,trap,/træp/,v. n.,v. 设陷阱抓捕；卡住 n. 陷阱；罗网,p.35,单词,否,否,,B认读,保留在认读区,普通词,教材词汇，但未与浙江中考考频表词头直接匹配,需在样章阶段复核是否升级为核心,9b-word-list_01-06.png
NV2617,2618,9B,Unit 4,lamp,lamp,/læmp/,n.,台灯,p.35,单词,否,是,3967,A核心,保留在主词表,普通词,与浙江中考考频表词头直接匹配,"",9b-word-list_01-06.png
NV2618,2619,9B,Unit 4,bother,bother,/ˈbɒðə(r)/,v.,使（某人）烦恼；花费时间和精力（做某事）,p.35,单词,否,否,,B认读,保留在认读区,普通词,教材词汇，但未与浙江中考考频表词头直接匹配,需在样章阶段复核是否升级为核心,9b-word-list_01-06.png
NV2619,2620,9B,Unit 4,loss,loss,/lɒs/,n.,损失；亏损；丢失,p.35,单词,否,是,788,A核心,保留在主词表,普通词,与浙江中考考频表词头直接匹配,"",9b-word-list_01-06.png
NV2620,2621,9B,Unit 4,guardian,guardian,/ˈɡɑːdiən/,n.,保护者；守卫者,p.36,单词,否,否,,B认读,保留在认读区,普通词,教材词汇，但未与浙江中考考频表词头直接匹配,需在样章阶段复核是否升级为核心,9b-word-list_01-06.png
NV2621,2622,9B,Unit 4,smelly,smelly,/ˈsmeli/,adj.,有难闻气味的；有臭味的,p.36,单词,否,否,,B认读,保留在认读区,普通词,教材词汇，但未与浙江中考考频表词头直接匹配,需在样章阶段复核是否升级为核心,9b-word-list_01-06.png
NV2622,2623,9B,Unit 4,ban,ban,/bæn/,n.,明令禁止；禁止做某事,p.36,单词,否,是,3294,A核心,保留在主词表,普通词,与浙江中考考频表词头直接匹配,"",9b-word-list_01-06.png
NV2623,2624,9B,Unit 4,riverbank,riverbank,/ˈrɪvəbæŋk/,n.,河岸；河堤,p.37,单词,否,否,,B认读,保留在认读区,普通词,教材词汇，但未与浙江中考考频表词头直接匹配,需在样章阶段复核是否升级为核心,9b-word-list_01-06.png
NV2624,2625,9B,Unit 4,steady,steady,/ˈstedi/,adj.,稳定的；持续的,p.37,单词,否,否,,B认读,保留在认读区,普通词,教材词汇，但未与浙江中考考频表词头直接匹配,需在样章阶段复核是否升级为核心,9b-word-list_01-06.png
NV2625,2626,9B,Unit 4,income,income,/ˈɪŋkʌm/,n.,收入；收益,p.37,单词,否,是,1139,A核心,保留在主词表,普通词,与浙江中考考频表词头直接匹配,"",9b-word-list_01-06.png
NV2626,2627,9B,Unit 4,clean-up,clean-up,/ˈkliːnʌp/,n.,清洁；消除,p.37,单词,否,否,,B认读,保留在认读区,普通词,教材词汇，但未与浙江中考考频表词头直接匹配,需在样章阶段复核是否升级为核心,9b-word-list_01-06.png
NV2627,2628,9B,Unit 4,generation,generation,/ˌdʒenəˈreɪʃn/,n.,一代人；同辈人,p.37,单词,否,是,1027,A核心,保留在主词表,普通词,与浙江中考考频表词头直接匹配,"",9b-word-list_01-06.png
NV2628,2629,9B,Unit 4,protection,protection,/prəˈtekʃn/,n.,保护；保护物,p.38,单词,否,是,1319,A核心,保留在主词表,普通词,与浙江中考考频表词头直接匹配,"",9b-word-list_01-06.png
NV2629,2630,9B,Unit 4,tyre,tyre,/ˈtaɪə(r)/,n.,(=tire) 轮胎,p.38,单词,否,否,,B认读,保留在认读区,普通词,教材词汇，但未与浙江中考考频表词头直接匹配,需在样章阶段复核是否升级为核心,9b-word-list_01-06.png
NV2630,2631,9B,Unit 4,bury,bury,/ˈberi/,v.,覆盖；掩埋,p.38,单词,否,否,,B认读,保留在认读区,普通词,教材词汇，但未与浙江中考考频表词头直接匹配,需在样章阶段复核是否升级为核心,9b-word-list_01-06.png
NV2631,2632,9B,Unit 4,landfill,landfill,/ˈlændfɪl/,n.,垃圾填埋地（或场）；垃圾填埋,p.38,单词,否,否,,B认读,保留在认读区,普通词,教材词汇，但未与浙江中考考频表词头直接匹配,需在样章阶段复核是否升级为核心,9b-word-list_01-06.png
NV2632,2633,9B,Unit 4,leave behind,leave behind,,,丢下；忘了带,p.38,多词表达,否,否,,A核心,保留在主词表,短语或固定表达,教材明确列出的短语或句型，应独立掌握,后续需结合短语考查价值再细分,9b-word-list_01-06.png
NV2633,2634,9B,Unit 4,come up with,come up with,,,找到；想到,p.38,多词表达,否,否,,A核心,保留在主词表,短语或固定表达,教材明确列出的短语或句型，应独立掌握,后续需结合短语考查价值再细分,9b-word-list_01-06.png
NV2634,2635,9B,Unit 4,outdoor,outdoor,/ˈaʊtdɔː(r)/,adj.,户外的；室外的,p.38,单词,否,是,3640,A核心,保留在主词表,普通词,与浙江中考考频表词头直接匹配,"",9b-word-list_01-06.png
NV2635,2636,9B,Unit 4,wash up,wash up,,,把……冲到陆地上；洗漱,p.39,多词表达,否,否,,A核心,保留在主词表,短语或固定表达,教材明确列出的短语或句型，应独立掌握,后续需结合短语考查价值再细分,9b-word-list_01-06.png
NV2636,2637,9B,Unit 4,bin,bin,/bɪn/,n.,垃圾箱；（有盖）大容器,p.39,单词,否,否,,B认读,保留在认读区,普通词,教材词汇，但未与浙江中考考频表词头直接匹配,需在样章阶段复核是否升级为核心,9b-word-list_01-06.png
NV2637,2638,9B,Unit 5,graduation,graduation,/ˌɡrædʒuˈeɪʃn/,n.,毕业,p.41,单词,否,是,4804,A核心,保留在主词表,普通词,与浙江中考考频表词头直接匹配,"",9b-word-list_01-06.png
NV2638,2639,9B,Unit 5,vote,vote,/vəʊt/,v. & n.,投票；选举,p.42,单词,否,否,,B认读,保留在认读区,普通词,教材词汇，但未与浙江中考考频表词头直接匹配,需在样章阶段复核是否升级为核心,9b-word-list_01-06.png
NV2639,2640,9B,Unit 5,leader,leader,/ˈliːdə(r)/,n.,领导者；领袖,p.42,单词,否,是,463,A核心,保留在主词表,普通词,与浙江中考考频表词头直接匹配,"",9b-word-list_01-06.png
NV2640,2641,9B,Unit 5,presentation,presentation,/ˌprezn'teɪʃn/,n.,演出；介绍,p.42,单词,否,否,,B认读,保留在认读区,普通词,教材词汇，但未与浙江中考考频表词头直接匹配,需在样章阶段复核是否升级为核心,9b-word-list_01-06.png
NV2641,2642,9B,Unit 5,lifelong,lifelong,/ˈlaɪflɒŋ/,adj.,终身的；毕生的,p.42,单词,否,是,5791,A核心,保留在主词表,普通词,与浙江中考考频表词头直接匹配,"",9b-word-list_01-06.png
NV2642,2643,9B,Unit 5,projector,projector,/prəˈdʒektə(r)/,n.,放映机；投影仪,p.42,单词,否,否,,B认读,保留在认读区,普通词,教材词汇，但未与浙江中考考频表词头直接匹配,需在样章阶段复核是否升级为核心,9b-word-list_01-06.png
NV2643,2644,9B,Unit 5,vocational,vocational,/vəʊˈkeɪʃnl/,adj.,职业的；职业技术的,p.42,单词,否,否,,B认读,保留在认读区,普通词,教材词汇，但未与浙江中考考频表词头直接匹配,需在样章阶段复核是否升级为核心,9b-word-list_01-06.png
NV2644,2645,9B,Unit 5,whatever,whatever,/wɒtˈevə(r)/,pron. & adv.,任何；无论什么,p.42,单词,否,是,776,A核心,保留在主词表,普通词,与浙江中考考频表词头直接匹配,"",9b-word-list_01-06.png
NV2645,2646,9B,Unit 5,path,path,/pɑːθ/,n.,路线；道路,p.42,单词,否,否,,B认读,保留在认读区,普通词,教材词汇，但未与浙江中考考频表词头直接匹配,需在样章阶段复核是否升级为核心,9b-word-list_01-06.png
NV2646,2647,9B,Unit 5,mainly,mainly,/ˈmeɪnli/,adv.,主要地；首要地,p.43,单词,否,是,2822,A核心,保留在主词表,普通词,与浙江中考考频表词头直接匹配,"",9b-word-list_01-06.png
NV2647,2648,9B,Unit 5,silent,silent,/ˈsaɪlənt/,adj.,不说话的；沉默的,p.43,单词,否,是,2173,A核心,保留在主词表,普通词,与浙江中考考频表词头直接匹配,"",9b-word-list_01-06.png
NV2648,2649,9B,Unit 5,pronounce,pronounce,/prəˈnaʊns/,v.,发（音）；读（音）,p.43,单词,否,是,5392,A核心,保留在主词表,普通词,与浙江中考考频表词头直接匹配,"",9b-word-list_01-06.png
NV2649,2650,9B,Unit 5,abroad,abroad,/əˈbrɔːd/,adv.,在国外；到国外,p.44,单词,否,是,3385,A核心,保留在主词表,普通词,与浙江中考考频表词头直接匹配,"",9b-word-list_01-06.png
NV2650,2651,9B,Unit 5,graduate,graduate,/ˈɡrædʒueɪt/ /ˈɡrædʒuɪt/,v. n.,v. 毕业 n. 毕业生,p.44,单词,否,是,2127,A核心,保留在主词表,普通词,与浙江中考考频表词头直接匹配,"",9b-word-list_01-06.png
NV2651,2652,9B,Unit 5,continuous,continuous,/kənˈtɪnjuəs/,adj.,持续的；连续的,p.45,单词,否,否,,B认读,保留在认读区,普通词,教材词汇，但未与浙江中考考频表词头直接匹配,需在样章阶段复核是否升级为核心,9b-word-list_01-06.png
NV2652,2653,9B,Unit 5,madam,madam,/ˈmædəm/,n.,女士；夫人,p.45,单词,否,是,17770,A核心,保留在主词表,普通词,与浙江中考考频表词头直接匹配,"",9b-word-list_01-06.png
NV2653,2654,9B,Unit 5,translate,translate,/trænzˈleɪt/,v.,翻译,p.45,单词,否,是,2746,A核心,保留在主词表,普通词,与浙江中考考频表词头直接匹配,"",9b-word-list_01-06.png
NV2654,2655,9B,Unit 5,part-time,part-time,/ˌpɑːt ˈtaɪm/,adj.,兼职的,p.45,单词,否,否,,B认读,保留在认读区,普通词,教材词汇，但未与浙江中考考频表词头直接匹配,需在样章阶段复核是否升级为核心,9b-word-list_01-06.png
NV2655,2656,9B,Unit 5,full-time,full-time,/ˌfʊl ˈtaɪm/,adj.,全职的,p.45,单词,否,否,,B认读,保留在认读区,普通词,教材词汇，但未与浙江中考考频表词头直接匹配,需在样章阶段复核是否升级为核心,9b-word-list_01-06.png
NV2656,2657,9B,Unit 5,senior,senior,/ˈsiːniə(r)/,adj.,高级别的；年纪大的,p.45,单词,否,是,1091,A核心,保留在主词表,普通词,与浙江中考考频表词头直接匹配,"",9b-word-list_01-06.png
NV2657,2658,9B,Unit 5,technical,technical,/ˈteknɪkl/,adj.,技术的；技能的,p.45,单词,否,是,2075,A核心,保留在主词表,普通词,与浙江中考考频表词头直接匹配,"",9b-word-list_01-06.png
NV2658,2659,9B,Unit 5,grateful,grateful,/ˈɡreɪtfl/,adj.,感激的；表示感谢的,p.46,单词,否,否,,B认读,保留在认读区,普通词,教材词汇，但未与浙江中考考频表词头直接匹配,需在样章阶段复核是否升级为核心,9b-word-list_01-06.png
NV2659,2660,9B,Unit 5,encouragement,encouragement,/ɪnˈkʌrɪdʒmənt/,n.,鼓舞；鼓励,p.46,单词,否,是,6275,A核心,保留在主词表,普通词,与浙江中考考频表词头直接匹配,"",9b-word-list_01-06.png
NV2660,2661,9B,Unit 5,line of work,line of work,,,行业,p.46,多词表达,否,否,,A核心,保留在主词表,短语或固定表达,教材明确列出的短语或句型，应独立掌握,后续需结合短语考查价值再细分,9b-word-list_01-06.png
NV2661,2662,9B,Unit 5,bear ... in mind,bear ... in mind,,,记住；将某…记在心中,p.46,多词表达,否,否,,A核心,保留在主词表,短语或固定表达,教材明确列出的短语或句型，应独立掌握,后续需结合短语考查价值再细分,9b-word-list_01-06.png
NV2662,2663,9B,Unit 5,diligence,diligence,/ˈdɪlɪdʒəns/,n.,勤奋；刻苦,p.46,单词,否,否,,B认读,保留在认读区,普通词,教材词汇，但未与浙江中考考频表词头直接匹配,需在样章阶段复核是否升级为核心,9b-word-list_01-06.png
NV2663,2664,9B,Unit 5,equally,equally,/ˈiːkwəli/,adv.,平等地；同样地,p.46,单词,否,否,,B认读,保留在认读区,普通词,教材词汇，但未与浙江中考考频表词头直接匹配,需在样章阶段复核是否升级为核心,9b-word-list_01-06.png
NV2664,2665,9B,Unit 5,cherish,cherish,/ˈtʃerɪʃ/,v.,珍视；珍爱,p.47,单词,否,否,,B认读,保留在认读区,普通词,教材词汇，但未与浙江中考考频表词头直接匹配,需在样章阶段复核是否升级为核心,9b-word-list_01-06.png
NV2665,2666,9B,Unit 5,lemon,lemon,/ˈlemən/,n.,柠檬,p.47,单词,否,是,3200,A核心,保留在主词表,普通词,与浙江中考考频表词头直接匹配,"",9b-word-list_01-06.png
NV2666,2667,9B,Unit 5,lemonade,lemonade,/ˌleməˈneɪd/,n.,柠檬水；柠檬汽水,p.47,单词,否,是,11871,A核心,保留在主词表,普通词,与浙江中考考频表词头直接匹配,"",9b-word-list_01-06.png
NV2667,2668,9B,Unit 5,cheat,cheat,/tʃiːt/,v.,欺骗；作弊,p.47,单词,否,是,4408,A核心,保留在主词表,普通词,与浙江中考考频表词头直接匹配,"",9b-word-list_01-06.png
NV2668,2669,9B,Unit 5,till,till,/tɪl/,prep. & conj.,直到；到……为止,p.47,单词,否,是,4945,A核心,保留在主词表,普通词,与浙江中考考频表词头直接匹配,"",9b-word-list_01-06.png
NV2669,2670,9B,Unit 5,inform,inform,/ɪnˈfɔːm/,n.,通知；知会,p.48,单词,否,否,,B认读,保留在认读区,普通词,教材词汇，但未与浙江中考考频表词头直接匹配,需在样章阶段复核是否升级为核心,9b-word-list_01-06.png
NV2670,2671,9B,Unit 5,vocation,vocation,/vəʊˈkeɪʃn/,n.,职业；工作,p.48,单词,否,否,,B认读,保留在认读区,普通词,教材词汇，但未与浙江中考考频表词头直接匹配,需在样章阶段复核是否升级为核心,9b-word-list_01-06.png
NV2671,2672,9B,Unit 5,patience,patience,/ˈpeɪʃns/,n.,耐心；忍耐力,p.48,单词,否,是,4210,A核心,保留在主词表,普通词,与浙江中考考频表词头直接匹配,"",9b-word-list_01-06.png
NV2672,2673,9B,Unit 5,honestly,honestly,/ˈɒnɪstli/,adv.,真的；诚实地,p.48,单词,否,是,4929,A核心,保留在主词表,普通词,与浙江中考考频表词头直接匹配,"",9b-word-list_01-06.png
NV2673,2674,9B,Unit 5,fall behind,fall behind,,,落在后面,p.48,多词表达,否,否,,A核心,保留在主词表,短语或固定表达,教材明确列出的短语或句型，应独立掌握,后续需结合短语考查价值再细分,9b-word-list_01-06.png
NV2674,2675,9B,Unit 5,achievable,achievable,/əˈtʃiːvəbl/,adj.,可达到的,p.48,单词,否,否,,B认读,保留在认读区,普通词,教材词汇，但未与浙江中考考频表词头直接匹配,需在样章阶段复核是否升级为核心,9b-word-list_01-06.png
NV2675,2676,9B,Unit 5,fellow,fellow,/ˈfeləʊ/,adj.,一同……的,p.49,单词,否,是,2437,A核心,保留在主词表,普通词,与浙江中考考频表词头直接匹配,"",9b-word-list_01-06.png
NV2676,2677,9B,Unit 5,unforgettable,unforgettable,/ˌʌnfəˈɡetəbl/,adj.,难以忘怀的；令人难忘的,p.49,单词,否,是,12811,A核心,保留在主词表,普通词,与浙江中考考频表词头直接匹配,"",9b-word-list_01-06.png
NV2677,2678,9B,Unit 5,from the bottom of one's heart,from the bottom of one's heart,,,真诚地；从内心（深处）,p.49,多词表达,否,否,,A核心,保留在主词表,短语或固定表达,教材明确列出的短语或句型，应独立掌握,后续需结合短语考查价值再细分,9b-word-list_01-06.png
NV2678,2679,9B,Unit 5,worth doing sth,worth doing sth,,,值得做某事,p.49,多词表达,否,否,,A核心,保留在主词表,短语或固定表达,教材明确列出的短语或句型，应独立掌握,后续需结合短语考查价值再细分,9b-word-list_01-06.png
NV2679,2680,9B,Unit 5,Hauptschule,hauptschule,,,普通中学（德语）,p.45,单词,是,否,,C剔除,从学生主词表剔除,低考试价值文化词,文化背景专名或外语教育制度名称，预计不要求拼写,可保留在文化附录,9b-word-list_01-06.png
NV2680,2681,9B,Unit 5,Gymnasium,gymnasium,,,文理中学（德语）,p.45,单词,是,否,,C剔除,从学生主词表剔除,低考试价值文化词,本条为德国学校类型，不是体育馆这一普通词义,避免与普通词义混淆,9b-word-list_01-06.png
NV2681,2682,9B,Unit 5,Realschule,realschule,,,实科中学（德语）,p.45,单词,是,否,,C剔除,从学生主词表剔除,低考试价值文化词,文化背景专名或外语教育制度名称，预计不要求拼写,可保留在文化附录,9b-word-list_01-06.png
